﻿<?xml version="1.0" encoding="UTF-8"?>

<STRING_TABLE>
<ISO_LANGUAGE_ID>ar</ISO_LANGUAGE_ID>
<READING_ORDER>RTL</READING_ORDER>
<CODE_PAGE>1256</CODE_PAGE>
<LANGUAGE_ID>1025</LANGUAGE_ID>
<STRINGS>
  <CANCEL_BUTTON>إلغاء(&amp;C)</CANCEL_BUTTON>
  <OK_BUTTON>&amp;موافق(&amp;O)</OK_BUTTON>
  <INSTALL_BUTTON>تثبيت(&amp;I)</INSTALL_BUTTON>
  <NEXT_BUTTON>التالي(&amp;N)</NEXT_BUTTON>
  <EXIT_BUTTON>خروج(&amp;E)</EXIT_BUTTON>
  <BACK_BUTTON>السابق(&amp;B)</BACK_BUTTON>
  <HELP_BUTTON>تعليمات(&amp;H)</HELP_BUTTON>
  <DISAGREE_BUTTON>رفض(&amp;D)</DISAGREE_BUTTON>
  <AGREE_BUTTON>قبول(&amp;A)</AGREE_BUTTON>
  <FINISH_BUTTON>انتهاء(&amp;F)</FINISH_BUTTON>
  <INSTALL_TITLE>^PRODUCT_NAME^ مثبت</INSTALL_TITLE>
  <WELCOME_HEADER>مرحبًا بك في مثبت ^PRODUCT_NAME^ مثبت</WELCOME_HEADER>
  <WELCOME_TEXT>انقر فوق "تثبيت" للمتابعة أو "إلغاء" لإنهاء المثبت.</WELCOME_TEXT>
  <INFOCENTER_LINK_LABEL>مركز المعلومات حول تشغيل المنتج</INFOCENTER_LINK_LABEL>
  <PRODUCT_REGISTRATION_LINK_LABEL>تسجيل طابعة</PRODUCT_REGISTRATION_LINK_LABEL>
  <DISCOVERY_INFOCENTER_LINK_LABEL>{0} مركز المعلومات</DISCOVERY_INFOCENTER_LINK_LABEL>
  <MANUFACTURER_TEXT>اختر الجهة المُصنِّعة</MANUFACTURER_TEXT>
  <MANUFACTURER_LABEL>تحديد جهة مُصِّنعة(&amp;M):</MANUFACTURER_LABEL>
  <INSTALL_PATH_LABEL_TEXT>مسار التثبيت</INSTALL_PATH_LABEL_TEXT>
  <INSTALLING_TEXT>تثبيت</INSTALLING_TEXT>
  <OPTIONAL_SOFTWARE_CANCEL_CONFIRMATION_TEXT>لديك برامج إضافية لتثبيتها أو تحديثها.
هل تريد بالتأكيد الخروج من دون تثبيت برامج إضافية؟</OPTIONAL_SOFTWARE_CANCEL_CONFIRMATION_TEXT>
  <CANCELING_TEXT>يتم الإلغاء</CANCELING_TEXT>
  <UNINSTALLING_TEXT>إزالة تثبيت</UNINSTALLING_TEXT>
  <INSTALL_SUCCESS_HEADING_TEXT>تم التثبيت بنجاح</INSTALL_SUCCESS_HEADING_TEXT>
  <INSTALL_COMPLETE_TEXT>تم التثبيت بنجاح.</INSTALL_COMPLETE_TEXT>
  <DRIVER_INSTALL_COMPLETE_TEXT>تم تثبيت برنامج التشغيل بنجاح.</DRIVER_INSTALL_COMPLETE_TEXT>
  <CANCEL_CONFIRMATION_TEXT>لم يكتمل تثبيت البرامج.
هل ترغب بالفعل في إلغاء التثبيت؟</CANCEL_CONFIRMATION_TEXT>
  <INSTALL_CANCELED_TEXT>تم إلغاء التثبيت.</INSTALL_CANCELED_TEXT>
  <INSTALL_CANCELED_HEADING_TEXT>تم إلغاء التثبيت</INSTALL_CANCELED_HEADING_TEXT> 
  <REBOOT_HEADER_TEXT>يتعين إعادة تشغيل الكمبيوتر</REBOOT_HEADER_TEXT>
  <USB_REBOOT_TEXT>تجب إعادة التمهيد. لإكمال التثبيت، يرجى توصيل طابعتك بالكمبيوتر باستخدام كابل USB بعد إعادة تمهيد الكمبيوتر الخاص بك.</USB_REBOOT_TEXT>
  <REBOOT_TEXT>يجب إعادة تشغيل النظام لإكمال التركيب بنجاح.</REBOOT_TEXT>
  <REBOOT_NOW_TEXT>متابعة إعادة تشغيل الكمبيوتر الآن(&amp;C)</REBOOT_NOW_TEXT>
  <REBOOT_LATER_TEXT>إعادة تشغيل الكمبيوتر يدويًا لاحقًا(&amp;M)</REBOOT_LATER_TEXT>
  <SECURITY_TITLE>إخطار الأمان</SECURITY_TITLE>
  <SECURITY_TEXT>مطلوب الإذن للوصول إلى برنامج ^OEM^.

اسمح دائمًا بالوصول إلى برنامج ^OEM^ للتثبيت.</SECURITY_TEXT>
  <DISCOVERY_TITLE>تحديد الطابعة وبرنامج التشغيل</DISCOVERY_TITLE>
  <DISCOVERED_DEVICES_TEXT>الاتصال عبر منفذ تم اكتشافه في الكمبيوتر.(&amp;P)</DISCOVERED_DEVICES_TEXT>
  <DISCOVERED_DEVICES_LIST>طابعات تم اكتشافها</DISCOVERED_DEVICES_LIST>
  <DISCOVERED_LIST_COLUMN_SEARCHING>جاري البحث عن...</DISCOVERED_LIST_COLUMN_SEARCHING>
  <NO_PRINTER_FOUND>لم يتم العثور على طابعة</NO_PRINTER_FOUND>
  <DISCOVERED_LIST_COLUMN_MODEL>اسم الطراز</DISCOVERED_LIST_COLUMN_MODEL>
  <DISCOVERED_LIST_COLUMN_IPADDRESS>IP عنوان</DISCOVERED_LIST_COLUMN_IPADDRESS>
  <DISCOVERED_LIST_COLUMN_PRINTERNAME>اسم المضيف</DISCOVERED_LIST_COLUMN_PRINTERNAME>
  <DISCOVERED_LIST_COLUMN_SCANNER>الماسحة الضوئية</DISCOVERED_LIST_COLUMN_SCANNER>
  <DISCOVERED_LIST_COLUMN_PRINTER>الطابعة</DISCOVERED_LIST_COLUMN_PRINTER>
  <DISCOVERED_LIST_COLUMN_MACADDRESS>عنوان MAC</DISCOVERED_LIST_COLUMN_MACADDRESS>
  <SHOW_DEVICE_STATUS_TEXT>عرض حالة الطابعة</SHOW_DEVICE_STATUS_TEXT>
  <MODIFY_SEARCH_TEXT>طابعتي ليست واردة في القائمة...(&amp;M)</MODIFY_SEARCH_TEXT>
  <PRINTER_GROUP_TEXT>الطابعة</PRINTER_GROUP_TEXT>
  <REFRESH_TEXT>تحديث(&amp;R)</REFRESH_TEXT>
  <ADVANCED_TEXT>خيارات متقدمة(&amp;A)</ADVANCED_TEXT>
  <YES>نعم</YES>
  <COLOR>اللون</COLOR>
  <MONO>طباعة أحادية</MONO>
  <ADD_NETWORK_PRINTER>البحث عن الطابعات</ADD_NETWORK_PRINTER>
  <LOCAL_SUBNET_SEARCH>بحث الشبكة الفرعية المحلية(&amp;L)</LOCAL_SUBNET_SEARCH>
  <LOCAL_SUBNET_SEARCH_TOOLTIP>تحديد للبحث عن الأجهزة على شبكة الاتصال المحلية.</LOCAL_SUBNET_SEARCH_TOOLTIP>
  <IP_HOSTNAME_SEARCH>بحث عن المضيف / عنوان IP(&amp;I)</IP_HOSTNAME_SEARCH>
  <IP_HOSTNAME_SEARCH_TOOLTIP>تحديد هذا الخيار إذا كنت تعرف اسم الجهاز المضيف أو عنوان IP لجهازك.</IP_HOSTNAME_SEARCH_TOOLTIP>
  <SUBNET_SEARCH>بحث في الشبكة الفرعية(&amp;S)</SUBNET_SEARCH>
  <SUBNET_SEARCH_TOOLTIP>تحديد البحث في الأجهزة على شبكة اتصال بعيدة.</SUBNET_SEARCH_TOOLTIP>
  <IP_ADDRESS>IP عنوان</IP_ADDRESS>
  <SUBNET_MASK>قناع الشبكة الفرعية</SUBNET_MASK>
  <MSG_HOSTNAME_LIMIT>لا يمكن أن يتضمن اسم الجهاز المضيف أكثر من 255 حرفًا.</MSG_HOSTNAME_LIMIT>
  <MSG_INVALID_IPHOST_NAME>اسم الجهاز المضيف أو عنوان IP غير صالح.</MSG_INVALID_IPHOST_NAME>
  <MSG_IP_LIMIT>لا يمكن أن يتضمن عنوان IP أكثر من 45 حرفًا.</MSG_IP_LIMIT>
  <MSG_INVALID_IP>عنوان IP غير صالح.</MSG_INVALID_IP>
  <MSG_INVALID_SUBNET>عنوان الشبكة الفرعية غير صالح.</MSG_INVALID_SUBNET>
  <MSG_SUBNET_LIMIT>لا يمكن أن يتضمن قناع الشبكة الفرعية أكثر من 45 حرفًا.</MSG_SUBNET_LIMIT>
  <CONNECT_WITH_USB_TEXT>اتصل باستخدام كابل &amp;USB</CONNECT_WITH_USB_TEXT>
  <CONNECT_WITH_TRAVELPRINT_TEXT>الاتصال عبر &amp;Travel Print.</CONNECT_WITH_TRAVELPRINT_TEXT>
  <USB_FINAL_TEXT>تم تثبيت البرنامج بنجاح. لإكمال التثبيت، يرجى توصيل طابعتك بالكمبيوتر باستخدام كابل USB.</USB_FINAL_TEXT>
  <ERROR_TITLE>خطأ في التثبيت</ERROR_TITLE>
  <ERROR_TEXT>حدث خطأ أثناء التثبيت. سيتم إلغاء التثبيت. الرجاء محاولة التثبيت مرة أخرى.</ERROR_TEXT>
  <PERMISSION_ERROR_TITLE>تم رفض الوصول</PERMISSION_ERROR_TITLE>
  <PERMISSION_ERROR_TEXT>أنت لا تمتلك الأذونات المطلوبة لتشغيل برنامج التثبيت. يرجى الاتصال بمسؤول النظام.</PERMISSION_ERROR_TEXT>
  <DISK_FULL_ERROR_TITLE>نفدت مساحة القرص</DISK_FULL_ERROR_TITLE>
  <DISK_FULL_ERROR_TEXT>الرجاء إخلاء مساحة أو جرّب استخدام محرك أقراص آخر.</DISK_FULL_ERROR_TEXT>
  <INSTALL_ALREADY_RUNNING_TITLE>خطأ في التثبيت</INSTALL_ALREADY_RUNNING_TITLE>
  <INSTALL_ALREADY_RUNNING_TEXT>إن مثبت Windows مشغول بتثبيت تطبيق آخر. يرجى الانتظار لحين انتهاء التثبيت قبل تشغيل المثبت مرة أخرى.</INSTALL_ALREADY_RUNNING_TEXT>
  <MULTIINSTANCE_ERROR_TITLE>خطأ في نُسخ متعددة</MULTIINSTANCE_ERROR_TITLE>
  <MULTIINSTANCE_ERROR_TEXT>توجد نُسخة أخرى من هذا التطبيق مفتوحة. سيتم إغلاق هذه النسخة.</MULTIINSTANCE_ERROR_TEXT>
  <LICENSE_AGREEMENT>اتفاقية الترخيص</LICENSE_AGREEMENT>
  <LICENSE_SCROLL_TEXT>الرجاء قراءة اتفاقية الترخيص التالية. لمتابعة تثبيت البرنامج، يجب قبول الاتفاقية.</LICENSE_SCROLL_TEXT>
  <SELECT_PORT_TITLE>تحديد نوع المنفذ(&amp;S)</SELECT_PORT_TITLE>
  <BASIC_TEXT>أساسي(&amp;A)</BASIC_TEXT>
  <DISCOVERED_PORTS>المنافذ التي تم اكتشافها في الكمبيوتر</DISCOVERED_PORTS>
  <IP_PORT>منفذ IP القياسي</IP_PORT>	
  <UNC_PORT>منفذ UNC</UNC_PORT>
  <PRINT_DRIVER_TEXT>نوع برنامج تشغيل الطباعة(&amp;D)</PRINT_DRIVER_TEXT>
  <PORT_NAME_TEXT>اسم المنفذ</PORT_NAME_TEXT>
  <IP_ADDRESS_TEXT>عنوان IP أو اسم المضيف</IP_ADDRESS_TEXT>
  <NETWORK_PATH_TEXT>مسار شبكة الاتصال</NETWORK_PATH_TEXT>
  <GEN_ERROR_TITLE>خطأ</GEN_ERROR_TITLE>
  <DUP_PORT_TEXT>اسم المنفذ موجود بالفعل.</DUP_PORT_TEXT>
  <INVALID_NET_PATH_TEXT>مسار الشبكة غير صالح.</INVALID_NET_PATH_TEXT>
  <PORT_TYPE_TEXT>نوع المنفذ</PORT_TYPE_TEXT>
  <FILES_IN_USE_HEADER>الملفات قيد الاستخدام</FILES_IN_USE_HEADER>
  <RM_FILE_IN_USE_TEXT>يستخدم التطبيق التالي الملفات التي احتاجت إلى تحديث بواسطة هذا الإعداد.</RM_FILE_IN_USE_TEXT>
  <FILE_IN_USE_TEXT>يستخدم التطبيق التالي ملفات تحتاج إلى تحديث بواسطة هذا الإعداد. أغلق التطبيق ثم انقر فوق إعادة المحاولة لمواصلة التثبيت أو انقر فوق إلغاء لإنهاء التثبيت.</FILE_IN_USE_TEXT>
  <AUTO_RESTART_TEXT>إغلاق التطبيق الحالي بشكل تلقائي ومحاولة إعادة التثبيت.(&amp;A)</AUTO_RESTART_TEXT>
  <DO_NOT_CLOSE_TEXT>تخطى تثبيت التطبيق الحالي ومتابعة الإعداد.(&amp;S)</DO_NOT_CLOSE_TEXT>
  <APPLICATION>التطبيق</APPLICATION>
  <IGNORE_BUTTON>تجاهل</IGNORE_BUTTON>
  <RETRY_BUTTON>إعادة المحاولة</RETRY_BUTTON>
  <COMPLETED_TEXT>اكتمل</COMPLETED_TEXT>
  <CANCELED_TEXT>تم الإلغاء</CANCELED_TEXT>
  <UPDATED_TEXT>تم التحديث</UPDATED_TEXT>
  <FAILED_TEXT>فشلَ</FAILED_TEXT>
  <ERROR_LINK>عرض تقرير الأخطاء(&amp;V)</ERROR_LINK> 
  <PREPARE_INSTALL_TEXT>يتم الآن التحضير للتثبيت</PREPARE_INSTALL_TEXT>
  <SOFTWARE_PATH_TEXT>اختر أحد الخيارات أدناه</SOFTWARE_PATH_TEXT>
  <ADD_ADDITIONAL_PRINTER_TEXT>إضافة طابعة إضافية</ADD_ADDITIONAL_PRINTER_TEXT>
  <VIEW_SOFTWARE_OPTIONS_TEXT>عرض خيارات البرامج</VIEW_SOFTWARE_OPTIONS_TEXT>
  <CONFIG_SETTINGS_TEXT>&amp;إعدادات التهيئة</CONFIG_SETTINGS_TEXT>
  <CONFIG_SETTINGS_BUTTON>ترتيب...(&amp;O)</CONFIG_SETTINGS_BUTTON>
  <CONFIG_APPLY_FUTURE_TEXT>تطبيق على كل عمليات التثبيت المستقبلية(&amp;A)</CONFIG_APPLY_FUTURE_TEXT>
  <LOAD_FILE>تحميل ملف(&amp;L)</LOAD_FILE>
  <NEW_FILE>جديد(&amp;N)</NEW_FILE>
  <RESET_TEXT>إعادة تعيين إلى الإعدادات الافتراضية(&amp;R)</RESET_TEXT>
  <INVALID_PATH_TEXT>اسم الملف أو المسار غير صالح</INVALID_PATH_TEXT>
  <REGISTRATION_LINK>تسجيل المنتج(&amp;R)</REGISTRATION_LINK>
  <DOTNET>.NET Framework</DOTNET>
  <REQUIRED_DEPENDENCY>لم يتم تثبيت التبعية المطلوبة أو فشل تثبيتها.</REQUIRED_DEPENDENCY> 
  <SW_BYPASS_TITLE>تم بالفعل تثبيت البرنامج</SW_BYPASS_TITLE>
  <SW_BYPASS_TEXT>اكتشف المثبت أن هذا البرنامج ربما تم تثبيته بالفعل. حدد خيارًا أدناه للمتابعة.</SW_BYPASS_TEXT>
  <SW_BYPASS_REINSTALL>إعادة تثبيت برنامج التشغيل أو إضافة برنامج تشغيل إضافي(&amp;R)</SW_BYPASS_REINSTALL>
  <SW_BYPASS_OPTIONAL>التخطي إلى تثبيت البرامج الإضافية(&amp;S)</SW_BYPASS_OPTIONAL>
  <OPTIONAL_SOFTWARE_TITLE>لبرامج الإضافية</OPTIONAL_SOFTWARE_TITLE>
  <APPS_ONLY_SOFTWARE_TITLE>البرامج المتاحة</APPS_ONLY_SOFTWARE_TITLE>  
  <SELECT_APPS_ONLY_SOFTWARE_TEXT>تحديد البرنامج المطلوب تثبيته(&amp;S)</SELECT_APPS_ONLY_SOFTWARE_TEXT>
  <SELECT_SOFTWARE_TEXT>تحديد البرامج الإضافية المطلوب تثبيتها(&amp;S)</SELECT_SOFTWARE_TEXT>
  <PRODUCT_NAME_COLUMN_HEADER>اسم التطبيق</PRODUCT_NAME_COLUMN_HEADER>
  <VERSION_COLUMN_HEADER>الإصدار</VERSION_COLUMN_HEADER>
  <SIZE_COLUMN_HEADER>الحجم</SIZE_COLUMN_HEADER>
  <SOFTWARE_DESCRIPTION_TITLE>وصف البرنامج(&amp;D)</SOFTWARE_DESCRIPTION_TITLE>
  <NEWER_VERSION_INSTALLED_TEXT>الإصدار نفسه أو إصدار أحدث من التطبيق مثبت بالفعل.</NEWER_VERSION_INSTALLED_TEXT>
  <CONTINUE_FINAL_TEXT>انقر فوق زر "متابعة" لتحديد مكونات البرامج الإضافية أو انقر فوق "إنهاء" للخروج من برنامج التثبيت.</CONTINUE_FINAL_TEXT>
  <CONTINUE_BUTTON>مـتابعة(&amp;C)</CONTINUE_BUTTON>
  <ALREADY_INSTALLED_TEXT>مثبت بالفعل</ALREADY_INSTALLED_TEXT>
  <LBL_ADDITIONAL_SOFTWARE>تثبيت البرامج الإضافية(&amp;I)</LBL_ADDITIONAL_SOFTWARE>
  <LBL_LOCALIZED_AND>أيضا</LBL_LOCALIZED_AND>
  <OPTIONAL_DISCOVERY_TITLE>اختر جهازك</OPTIONAL_DISCOVERY_TITLE>
  <EMPTY_DRIVERCONFIG_PATH>لا يمكن ترك المسار فارغًا.</EMPTY_DRIVERCONFIG_PATH>
  <DEPENDENTAPPS_DESCRIPTION>{1} يتضمن المكون (المكونات) التالية لأداء وظيفي كامل:</DEPENDENTAPPS_DESCRIPTION>
  <NOT_SUPPORTED_TEXT>غير مدعوم</NOT_SUPPORTED_TEXT>
  <NOT_SUPPORTED_MESSAGE_TEXT>إن برامج تشغيل المسح الضوئي غير مدعومة في إصدارات Windows السابقة.</NOT_SUPPORTED_MESSAGE_TEXT>
</STRINGS>
</STRING_TABLE>