﻿<?xml version="1.0" encoding="UTF-8"?>

<STRING_TABLE>
<ISO_LANGUAGE_ID>cs</ISO_LANGUAGE_ID>
<READING_ORDER>LTR</READING_ORDER>
<CODE_PAGE>1250</CODE_PAGE>
<LANGUAGE_ID>1029</LANGUAGE_ID>
<STRINGS>
  <CANCEL_BUTTON>&amp;Storno</CANCEL_BUTTON>
  <OK_BUTTON>&amp;Ok</OK_BUTTON>
  <INSTALL_BUTTON>Insta&amp;lovat</INSTALL_BUTTON>
  <NEXT_BUTTON>&amp;Další</NEXT_BUTTON>
  <EXIT_BUTTON>&amp;Ukončit</EXIT_BUTTON>
  <BACK_BUTTON>&amp;Zpět</BACK_BUTTON>
  <HELP_BUTTON>&amp;Nápověda</HELP_BUTTON>
  <DISAGREE_BUTTON>&amp;Nesouhlasím</DISAGREE_BUTTON>
  <AGREE_BUTTON>&amp;Přijmout</AGREE_BUTTON>
  <FINISH_BUTTON>&amp;Ukončit</FINISH_BUTTON>
  <INSTALL_TITLE>Instalační program komponenty ^PRODUCT_NAME^</INSTALL_TITLE>
  <WELCOME_HEADER>Vítá vás instalační program produktu ^PRODUCT_NAME^.</WELCOME_HEADER>
  <WELCOME_TEXT>Chcete-li pokračovat, klepněte na tlačítko Instalovat, nebo klepnutím na tlačítko Zrušit ukončete instalační program.</WELCOME_TEXT>
  <INFOCENTER_LINK_LABEL>Středisko informací o uváděných produktech</INFOCENTER_LINK_LABEL>
  <PRODUCT_REGISTRATION_LINK_LABEL>Registrace tiskárny</PRODUCT_REGISTRATION_LINK_LABEL>
  <DISCOVERY_INFOCENTER_LINK_LABEL>Středisko informací {0}</DISCOVERY_INFOCENTER_LINK_LABEL>
  <MANUFACTURER_TEXT>Zvolte výrobce</MANUFACTURER_TEXT>
  <MANUFACTURER_LABEL>&amp;Vyberte výrobce:</MANUFACTURER_LABEL>
  <INSTALL_PATH_LABEL_TEXT>Instalační cesta</INSTALL_PATH_LABEL_TEXT>
  <INSTALLING_TEXT>Instalace</INSTALLING_TEXT>
  <OPTIONAL_SOFTWARE_CANCEL_CONFIRMATION_TEXT>K dispozici je doplňkový software, který je možné nainstalovat nebo aktualizovat.
Opravdu chcete ukončit operaci bez instalace doplňkového softwaru?</OPTIONAL_SOFTWARE_CANCEL_CONFIRMATION_TEXT>
  <CANCELING_TEXT>Probíhá zrušení</CANCELING_TEXT>
  <UNINSTALLING_TEXT>Odinstalování</UNINSTALLING_TEXT>
  <INSTALL_SUCCESS_HEADING_TEXT>Úspěšná instalace</INSTALL_SUCCESS_HEADING_TEXT>
  <INSTALL_COMPLETE_TEXT>Odinstalování bylo úspěšně dokončeno.</INSTALL_COMPLETE_TEXT>
  <DRIVER_INSTALL_COMPLETE_TEXT>Instalace ovladače byla úspěšně dokončena.</DRIVER_INSTALL_COMPLETE_TEXT>
  <CANCEL_CONFIRMATION_TEXT>Instalace softwaru nebyla dokončena.
Opravdu chcete zrušit instalaci?</CANCEL_CONFIRMATION_TEXT>
  <INSTALL_CANCELED_TEXT>Instalace byla zrušena.</INSTALL_CANCELED_TEXT>
  <INSTALL_CANCELED_HEADING_TEXT>Instalace zrušena</INSTALL_CANCELED_HEADING_TEXT> 
  <REBOOT_HEADER_TEXT>Je vyžadován restart systému</REBOOT_HEADER_TEXT>
  <USB_REBOOT_TEXT>Je vyžadováno restartování. Chcete-li dokončit instalaci, připojte po restartování počítače tiskárnu k počítači pomocí kabelu USB.</USB_REBOOT_TEXT>
  <REBOOT_TEXT>Pro úspěšné dokončení instalace je třeba systém restartovat.</REBOOT_TEXT>
  <REBOOT_NOW_TEXT>&amp;Restartovat počítač ihned</REBOOT_NOW_TEXT>
  <REBOOT_LATER_TEXT>Restartovat &amp;počítač později ručně</REBOOT_LATER_TEXT>
  <SECURITY_TITLE>Upozornění zabezpečení</SECURITY_TITLE>
  <SECURITY_TEXT>Je vyžadováno oprávnění pro přístup k softwaru ^OEM^.

Při instalaci vždy povolte přístup k softwaru ^OEM^.</SECURITY_TEXT>
  <DISCOVERY_TITLE>Vyberte tiskárnu a ovladač</DISCOVERY_TITLE>
  <DISCOVERED_DEVICES_TEXT>Připo&amp;jte prostřednictvím portu v počítači.</DISCOVERED_DEVICES_TEXT>
  <DISCOVERED_DEVICES_LIST>Nalezené tiskárny</DISCOVERED_DEVICES_LIST>
  <DISCOVERED_LIST_COLUMN_SEARCHING>Hledání...</DISCOVERED_LIST_COLUMN_SEARCHING>
  <NO_PRINTER_FOUND>Nebyla nalezena žádná tiskárna.</NO_PRINTER_FOUND>
  <DISCOVERED_LIST_COLUMN_MODEL>Název modelu</DISCOVERED_LIST_COLUMN_MODEL>
  <DISCOVERED_LIST_COLUMN_IPADDRESS>Adresa IP</DISCOVERED_LIST_COLUMN_IPADDRESS>
  <DISCOVERED_LIST_COLUMN_PRINTERNAME>Název hostitele</DISCOVERED_LIST_COLUMN_PRINTERNAME>
  <DISCOVERED_LIST_COLUMN_SCANNER>Skener</DISCOVERED_LIST_COLUMN_SCANNER>
  <DISCOVERED_LIST_COLUMN_PRINTER>Tiskárna</DISCOVERED_LIST_COLUMN_PRINTER>
  <DISCOVERED_LIST_COLUMN_MACADDRESS>MAC adresa</DISCOVERED_LIST_COLUMN_MACADDRESS>
  <SHOW_DEVICE_STATUS_TEXT>Zobrazit stav tiskárny</SHOW_DEVICE_STATUS_TEXT>
  <MODIFY_SEARCH_TEXT>&amp;Moje tiskárna není v seznamu...</MODIFY_SEARCH_TEXT>
  <PRINTER_GROUP_TEXT>Tiskárna</PRINTER_GROUP_TEXT>
  <REFRESH_TEXT>&amp;Aktualizovat</REFRESH_TEXT>
  <ADVANCED_TEXT>&amp;Rozšířené</ADVANCED_TEXT>
  <YES>Ano</YES>
  <COLOR>Barevná</COLOR>
  <MONO>ČB</MONO>
  <ADD_NETWORK_PRINTER>Najít tiskárny</ADD_NETWORK_PRINTER>
  <LOCAL_SUBNET_SEARCH>H&amp;ledat v místní podsíti</LOCAL_SUBNET_SEARCH>
  <LOCAL_SUBNET_SEARCH_TOOLTIP>Tuto možnost vyberte, pokud chcete hledat zařízení v místní síti.</LOCAL_SUBNET_SEARCH_TOOLTIP>
  <IP_HOSTNAME_SEARCH>Hledat hostitele/&amp;IP adresu</IP_HOSTNAME_SEARCH>
  <IP_HOSTNAME_SEARCH_TOOLTIP>Tuto možnost vyberte, pokud znáte název hostitele nebo IP adresu zařízení.</IP_HOSTNAME_SEARCH_TOOLTIP>
  <SUBNET_SEARCH>Hledat v &amp;podsíti</SUBNET_SEARCH>
  <SUBNET_SEARCH_TOOLTIP>Tuto možnost vyberte, pokud chcete hledat zařízení ve vzdálené síti.</SUBNET_SEARCH_TOOLTIP>
  <IP_ADDRESS>Adresa IP</IP_ADDRESS>
  <SUBNET_MASK>Maska podsítě</SUBNET_MASK>
  <MSG_HOSTNAME_LIMIT>Název hostitele může obsahovat maximálně 255 znaků.</MSG_HOSTNAME_LIMIT>
  <MSG_INVALID_IPHOST_NAME>Neplatný název hostitele nebo IP adresa.</MSG_INVALID_IPHOST_NAME>
  <MSG_IP_LIMIT>IP adresa může obsahovat maximálně 45 znaků.</MSG_IP_LIMIT>
  <MSG_INVALID_IP>Neplatná IP adresa.</MSG_INVALID_IP>
  <MSG_INVALID_SUBNET>Neplatná adresa podsítě.</MSG_INVALID_SUBNET>
  <MSG_SUBNET_LIMIT>Maska podsítě může obsahovat maximálně 45 znaků.</MSG_SUBNET_LIMIT>
  <CONNECT_WITH_USB_TEXT>Připojení pomocí &amp;kabelu USB.</CONNECT_WITH_USB_TEXT>
  <CONNECT_WITH_TRAVELPRINT_TEXT>Připojit prostřednictvím &amp;Tisku na cestách.</CONNECT_WITH_TRAVELPRINT_TEXT>
  <USB_FINAL_TEXT>Software byl úspěšně nainstalován. Pro dokončení instalace připojte tiskárnu k počítači kabelem USB.</USB_FINAL_TEXT>
  <ERROR_TITLE>Chyba při instalaci</ERROR_TITLE>
  <ERROR_TEXT>Během instalace došlo k chybě. Instalace bude zrušena. Opakujte instalaci.</ERROR_TEXT>
  <PERMISSION_ERROR_TITLE>Přístup odepřen</PERMISSION_ERROR_TITLE>
  <PERMISSION_ERROR_TEXT>Nemáte požadovaná oprávnění pro spuštění instalačního softwaru. Kontaktujte správce systému.</PERMISSION_ERROR_TEXT>
  <DISK_FULL_ERROR_TITLE>Nedostatek místa na disku</DISK_FULL_ERROR_TITLE>
  <DISK_FULL_ERROR_TEXT>Uvolněte místo nebo zkuste jinou jednotku.</DISK_FULL_ERROR_TEXT>
  <INSTALL_ALREADY_RUNNING_TITLE>Chyba při instalaci</INSTALL_ALREADY_RUNNING_TITLE>
  <INSTALL_ALREADY_RUNNING_TEXT>Instalační služba systému Windows je zaneprázdněna instalací jiné aplikace. Počkejte na dokončení probíhající instalace a potom spusťte instalační program znovu.</INSTALL_ALREADY_RUNNING_TEXT>
  <MULTIINSTANCE_ERROR_TITLE>Chyba: Více instancí</MULTIINSTANCE_ERROR_TITLE>
  <MULTIINSTANCE_ERROR_TEXT>Je spuštěna další instance aplikace. Instanci je třeba ukončit.</MULTIINSTANCE_ERROR_TEXT>
  <LICENSE_AGREEMENT>Licenční smlouva</LICENSE_AGREEMENT>
  <LICENSE_SCROLL_TEXT>Přečtěte si následující licenční smlouvu. Pokud chcete pokračovat v instalaci softwaru, musíte souhlasit se smlouvou.</LICENSE_SCROLL_TEXT>
  <SELECT_PORT_TITLE>Vyberte &amp;typ portu</SELECT_PORT_TITLE>
  <BASIC_TEXT>&amp;Základní</BASIC_TEXT>
  <DISCOVERED_PORTS>Rozpoznané porty v počítači</DISCOVERED_PORTS>
  <IP_PORT>Standardní IP port</IP_PORT>	
  <UNC_PORT>UNC port</UNC_PORT>
  <PRINT_DRIVER_TEXT>Typ ovl&amp;adače tiskárny</PRINT_DRIVER_TEXT>
  <PORT_NAME_TEXT>Název portu</PORT_NAME_TEXT>
  <IP_ADDRESS_TEXT>IP adresa nebo název hostitele</IP_ADDRESS_TEXT>
  <NETWORK_PATH_TEXT>Síťová cesta</NETWORK_PATH_TEXT>
  <GEN_ERROR_TITLE>Chyba</GEN_ERROR_TITLE>
  <DUP_PORT_TEXT>Název portu již existuje.</DUP_PORT_TEXT>
  <INVALID_NET_PATH_TEXT>Síťová cesta je neplatná.</INVALID_NET_PATH_TEXT>
  <PORT_TYPE_TEXT>Typ portu</PORT_TYPE_TEXT>
  <FILES_IN_USE_HEADER>Používané soubory</FILES_IN_USE_HEADER>
  <RM_FILE_IN_USE_TEXT>Následující aplikace používá soubory, které je zapotřebí při této instalaci aktualizovat.</RM_FILE_IN_USE_TEXT>
  <FILE_IN_USE_TEXT>Následující aplikace používá soubory, které je zapotřebí při této instalaci aktualizovat. Ukončete aplikaci a klepněte na tlačítko Opakovat, pokud chcete v instalaci pokračovat, nebo klepnutím na tlačítko Zrušit instalaci ukončete.</FILE_IN_USE_TEXT>
  <AUTO_RESTART_TEXT>&amp;Automaticky ukončí aktuální aplikaci a pokusí se ji znovu nainstalovat.</AUTO_RESTART_TEXT>
  <DO_NOT_CLOSE_TEXT>&amp;Přeskočí instalaci aktuální aplikace a bude pokračovat v instalaci.</DO_NOT_CLOSE_TEXT>
  <APPLICATION>Aplikace </APPLICATION>
  <IGNORE_BUTTON>Ignorovat</IGNORE_BUTTON>
  <RETRY_BUTTON>Opakovat</RETRY_BUTTON>
  <COMPLETED_TEXT>Dokončeno</COMPLETED_TEXT>
  <CANCELED_TEXT>Zrušeno</CANCELED_TEXT>
  <UPDATED_TEXT>Aktualizováno</UPDATED_TEXT>
  <FAILED_TEXT>Chyba</FAILED_TEXT>
  <ERROR_LINK>&amp;Zobrazit zprávu o chybách</ERROR_LINK> 
  <PREPARE_INSTALL_TEXT>Příprava instalace</PREPARE_INSTALL_TEXT>
  <SOFTWARE_PATH_TEXT>Zvolte možnost</SOFTWARE_PATH_TEXT>
  <ADD_ADDITIONAL_PRINTER_TEXT>Přidat další tiskárnu</ADD_ADDITIONAL_PRINTER_TEXT>
  <VIEW_SOFTWARE_OPTIONS_TEXT>Zobrazit možnosti softwaru</VIEW_SOFTWARE_OPTIONS_TEXT>
  <CONFIG_SETTINGS_TEXT>Nastavení konfigurace</CONFIG_SETTINGS_TEXT>
  <CONFIG_SETTINGS_BUTTON>Kon&amp;figurace...</CONFIG_SETTINGS_BUTTON>
  <CONFIG_APPLY_FUTURE_TEXT>&amp;Použít pro všechny budoucí instalace</CONFIG_APPLY_FUTURE_TEXT>
  <LOAD_FILE>&amp;Načíst soubor</LOAD_FILE>
  <NEW_FILE>&amp;Nový</NEW_FILE>
  <RESET_TEXT>Obnovit vý&amp;chozí hodnoty</RESET_TEXT>
  <INVALID_PATH_TEXT>Neplatný název souboru nebo cesta</INVALID_PATH_TEXT>
  <REGISTRATION_LINK>&amp;Registrovat produkt</REGISTRATION_LINK>
  <DOTNET>.NET Framework</DOTNET>
  <REQUIRED_DEPENDENCY>Požadovaná závislost nebyla nainstalována nebo se jí nepodařilo nainstalovat.</REQUIRED_DEPENDENCY> 
  <SW_BYPASS_TITLE>Lćs licensaftalen</SW_BYPASS_TITLE>
  <SW_BYPASS_TEXT>Instalační program zjistil, že software je již pravděpodobně nainstalován. Vyberte možnost, abyste mohli pokračovat.</SW_BYPASS_TEXT>
  <SW_BYPASS_REINSTALL>N&amp;ainstalovat ovladač znovu nebo přidat další ovladač</SW_BYPASS_REINSTALL>
  <SW_BYPASS_OPTIONAL>&amp;Přeskočit na instalaci doplňkového softwaru</SW_BYPASS_OPTIONAL>
  <OPTIONAL_SOFTWARE_TITLE>Doplňkový software</OPTIONAL_SOFTWARE_TITLE>
  <APPS_ONLY_SOFTWARE_TITLE>Software k dispozici</APPS_ONLY_SOFTWARE_TITLE>  
  <SELECT_APPS_ONLY_SOFTWARE_TEXT>&amp;Vyberte software pro instalaci</SELECT_APPS_ONLY_SOFTWARE_TEXT>
  <SELECT_SOFTWARE_TEXT>&amp;Vyberte součásti doplňkového softwaru, které chcete nainstalovat.</SELECT_SOFTWARE_TEXT>
  <PRODUCT_NAME_COLUMN_HEADER>Název aplikace</PRODUCT_NAME_COLUMN_HEADER>
  <VERSION_COLUMN_HEADER>Verze</VERSION_COLUMN_HEADER>
  <SIZE_COLUMN_HEADER>Velikost</SIZE_COLUMN_HEADER>
  <SOFTWARE_DESCRIPTION_TITLE>P&amp;opis softwaru</SOFTWARE_DESCRIPTION_TITLE>
  <NEWER_VERSION_INSTALLED_TEXT>Novější nebo stejná verze aplikace je již nainstalována.</NEWER_VERSION_INSTALLED_TEXT>
  <CONTINUE_FINAL_TEXT>Klepněte na tlačítko Pokračovat, chcete-li vybrat komponenty Doplňkového softwaru, nebo klepněte na tlačítko Dokončit a ukončete instalační program.</CONTINUE_FINAL_TEXT>
  <CONTINUE_BUTTON>&amp;Pokračovat</CONTINUE_BUTTON>
  <ALREADY_INSTALLED_TEXT>Již nainstalováno</ALREADY_INSTALLED_TEXT>
  <LBL_ADDITIONAL_SOFTWARE>&amp;Instalovat doplňkový software</LBL_ADDITIONAL_SOFTWARE>
  <LBL_LOCALIZED_AND>a</LBL_LOCALIZED_AND>
  <OPTIONAL_DISCOVERY_TITLE>Zvolte zařízení</OPTIONAL_DISCOVERY_TITLE>
  <EMPTY_DRIVERCONFIG_PATH>Cesta nesmí být prázdná.</EMPTY_DRIVERCONFIG_PATH>
  <DEPENDENTAPPS_DESCRIPTION>{1} obsahuje následující komponenty pro zajištění plné funkčnosti:</DEPENDENTAPPS_DESCRIPTION>
  <NOT_SUPPORTED_TEXT>Nepodporováno</NOT_SUPPORTED_TEXT>
  <NOT_SUPPORTED_MESSAGE_TEXT>Ovladače skenování nejsou podporovány ve starších verzích systému Windows.</NOT_SUPPORTED_MESSAGE_TEXT>
</STRINGS>
</STRING_TABLE>