﻿<?xml version="1.0" encoding="UTF-8"?>
<STRING_TABLE>
<ISO_LANGUAGE_ID>da</ISO_LANGUAGE_ID>
<READING_ORDER>LTR</READING_ORDER>
<CODE_PAGE>1252</CODE_PAGE>
<LANGUAGE_ID>1030</LANGUAGE_ID>
<STRINGS>
  <CANCEL_BUTTON>&amp;Annuller</CANCEL_BUTTON>
  <OK_BUTTON>&amp;OK</OK_BUTTON>
  <INSTALL_BUTTON>I&amp;nstaller</INSTALL_BUTTON>
  <NEXT_BUTTON>Næ&amp;ste</NEXT_BUTTON>
  <EXIT_BUTTON>&amp;Afslut</EXIT_BUTTON>
  <BACK_BUTTON>&amp;Tilbage</BACK_BUTTON>
  <HELP_BUTTON>&amp;Hjælp</HELP_BUTTON>
  <DISAGREE_BUTTON>A&amp;fvis</DISAGREE_BUTTON>
  <AGREE_BUTTON>&amp;Accepter</AGREE_BUTTON>
  <FINISH_BUTTON>&amp;Udfør</FINISH_BUTTON>
  <INSTALL_TITLE>^PRODUCT_NAME^ Installering</INSTALL_TITLE>
  <WELCOME_HEADER>Velkommen til installationsprogrammet til ^PRODUCT_NAME^</WELCOME_HEADER>
  <WELCOME_TEXT>Klik på Installer for at fortsætte eller Annuller for at afslutte installationsprogrammet.</WELCOME_TEXT>
  <INFOCENTER_LINK_LABEL>Start produktinformationscenter</INFOCENTER_LINK_LABEL>
  <PRODUCT_REGISTRATION_LINK_LABEL>Registrer en printer</PRODUCT_REGISTRATION_LINK_LABEL>
  <DISCOVERY_INFOCENTER_LINK_LABEL>{0}-informationscenter</DISCOVERY_INFOCENTER_LINK_LABEL>
  <MANUFACTURER_TEXT>Vælg din producent</MANUFACTURER_TEXT>
  <MANUFACTURER_LABEL>&amp;Vælg en producent</MANUFACTURER_LABEL>
  <INSTALL_PATH_LABEL_TEXT>Installationssti</INSTALL_PATH_LABEL_TEXT>
  <INSTALLING_TEXT>Installerer</INSTALLING_TEXT>
  <OPTIONAL_SOFTWARE_CANCEL_CONFIRMATION_TEXT>Du har yderligere software, der kan installeres eller opdateres.
Er du sikker på, at du vil afslutte uden at installere yderligere software?</OPTIONAL_SOFTWARE_CANCEL_CONFIRMATION_TEXT>
  <CANCELING_TEXT>Annullerer</CANCELING_TEXT>
  <UNINSTALLING_TEXT>Afinstallerer</UNINSTALLING_TEXT>
  <INSTALL_SUCCESS_HEADING_TEXT>Installationen blev udført</INSTALL_SUCCESS_HEADING_TEXT>
  <INSTALL_COMPLETE_TEXT>Installationen blev fuldført.</INSTALL_COMPLETE_TEXT>
  <DRIVER_INSTALL_COMPLETE_TEXT>Driverinstallationen blev fuldført.</DRIVER_INSTALL_COMPLETE_TEXT>
  <CANCEL_CONFIRMATION_TEXT>Softwareinstallationen er ikke fuldført.
Er du sikker på, at du vil annullere installationen?</CANCEL_CONFIRMATION_TEXT>
  <INSTALL_CANCELED_TEXT>Installationen blev annulleret.</INSTALL_CANCELED_TEXT>
  <INSTALL_CANCELED_HEADING_TEXT>Installation annulleret</INSTALL_CANCELED_HEADING_TEXT>
  <REBOOT_HEADER_TEXT>Genstart påkrævet</REBOOT_HEADER_TEXT> 
  <USB_REBOOT_TEXT>Genstart er nødvendig. Hvis du vil fuldføre installationen, skal du tilslutte din printer til computeren med et USB-kabel, når du har genstartet computeren.</USB_REBOOT_TEXT>
  <REBOOT_TEXT>Du skal genstarte systemet for at fuldføre installationen.</REBOOT_TEXT>
  <REBOOT_NOW_TEXT>&amp;Fortsæt med genstart af computeren nu</REBOOT_NOW_TEXT>
  <REBOOT_LATER_TEXT>&amp;Genstart computeren manuelt senere</REBOOT_LATER_TEXT>
  <SECURITY_TITLE>Sikkerhedsmeddelelse</SECURITY_TITLE>
  <SECURITY_TEXT>Tilladelse til at åbne ^OEM^ software er påkrævet.

Tillad altid adgang til ^OEM^ software for installation.</SECURITY_TEXT>
  <DISCOVERY_TITLE>Vælg printer og driver</DISCOVERY_TITLE>
  <DISCOVERED_DEVICES_TEXT>&amp;Tilslut via en port, der er fundet på din computer.</DISCOVERED_DEVICES_TEXT>
  <DISCOVERED_DEVICES_LIST>Registrerede printere</DISCOVERED_DEVICES_LIST>
  <DISCOVERED_LIST_COLUMN_SEARCHING>Søger...</DISCOVERED_LIST_COLUMN_SEARCHING>
  <NO_PRINTER_FOUND>Der blev ikke fundet en printer</NO_PRINTER_FOUND>
  <DISCOVERED_LIST_COLUMN_MODEL>Modelnavn</DISCOVERED_LIST_COLUMN_MODEL>
  <DISCOVERED_LIST_COLUMN_IPADDRESS>IP-adresse</DISCOVERED_LIST_COLUMN_IPADDRESS>
  <DISCOVERED_LIST_COLUMN_PRINTERNAME>Værtsnavn</DISCOVERED_LIST_COLUMN_PRINTERNAME>
  <DISCOVERED_LIST_COLUMN_SCANNER>Skener</DISCOVERED_LIST_COLUMN_SCANNER>
  <DISCOVERED_LIST_COLUMN_PRINTER>Printer</DISCOVERED_LIST_COLUMN_PRINTER>
  <DISCOVERED_LIST_COLUMN_MACADDRESS>MAC-adresse</DISCOVERED_LIST_COLUMN_MACADDRESS>
  <SHOW_DEVICE_STATUS_TEXT>Vis printerstatus</SHOW_DEVICE_STATUS_TEXT>
  <MODIFY_SEARCH_TEXT>&amp;Min printer er ikke vist...</MODIFY_SEARCH_TEXT>
  <PRINTER_GROUP_TEXT>Printer</PRINTER_GROUP_TEXT>
  <REFRESH_TEXT>&amp;Opdater</REFRESH_TEXT>
  <ADVANCED_TEXT>Avan&amp;ceret</ADVANCED_TEXT>
  <YES>Ja</YES>
  <COLOR>Farve</COLOR>
  <MONO>Mono</MONO>
  <ADD_NETWORK_PRINTER>Find printere</ADD_NETWORK_PRINTER>
  <LOCAL_SUBNET_SEARCH>&amp;Lokal undernetsøgning</LOCAL_SUBNET_SEARCH>
  <LOCAL_SUBNET_SEARCH_TOOLTIP>Vælg at søge efter enheder på det lokale netværk.</LOCAL_SUBNET_SEARCH_TOOLTIP>
  <IP_HOSTNAME_SEARCH>Værts-/&amp;IP-adressesøgning</IP_HOSTNAME_SEARCH>
  <IP_HOSTNAME_SEARCH_TOOLTIP>Vælg denne indstilling, hvis du kender værtsnavnet eller IP-adressen på din enhed.</IP_HOSTNAME_SEARCH_TOOLTIP>
  <SUBNET_SEARCH>&amp;Undernetsøgning</SUBNET_SEARCH>
  <SUBNET_SEARCH_TOOLTIP>Vælg at søge efter enheder på et fjernnetværk.</SUBNET_SEARCH_TOOLTIP>
  <IP_ADDRESS>IP-adresse</IP_ADDRESS>
  <SUBNET_MASK>Undernetmaske</SUBNET_MASK>
  <MSG_HOSTNAME_LIMIT>Værtsnavn må ikke være længere end 255 tegn.</MSG_HOSTNAME_LIMIT>
  <MSG_INVALID_IPHOST_NAME>Ikke et gyldigt værtsnavn eller en gyldig IP-adresse.</MSG_INVALID_IPHOST_NAME>
  <MSG_IP_LIMIT>IP-adresse må ikke være længere end 45 tegn.</MSG_IP_LIMIT>
  <MSG_INVALID_IP>Ikke en gyldig IP-adresse.</MSG_INVALID_IP>
  <MSG_INVALID_SUBNET>Ikke en gyldig undernetadresse.</MSG_INVALID_SUBNET>
  <MSG_SUBNET_LIMIT>Undernetmaske må ikke være længere end 45 tegn.</MSG_SUBNET_LIMIT>
  <CONNECT_WITH_USB_TEXT>Tilslut vha. USB-ka&amp;bel.</CONNECT_WITH_USB_TEXT>
  <CONNECT_WITH_TRAVELPRINT_TEXT>&amp;Tilslut vha. Besøgsudskrift.</CONNECT_WITH_TRAVELPRINT_TEXT>
  <USB_FINAL_TEXT>Softwaren er installeret. Afslut installationen ved at tilslutte printeren til computeren med et USB-kabel.</USB_FINAL_TEXT>
  <ERROR_TITLE>Installationsfejl</ERROR_TITLE>
  <ERROR_TEXT>Der opstod en fejl under installationen. Installationen annulleres. Prøv at installere igen.</ERROR_TEXT>
  <PERMISSION_ERROR_TITLE>Adgang nægtet</PERMISSION_ERROR_TITLE>
  <PERMISSION_ERROR_TEXT>Du har ikke de krævede tilladelser til at installere softwaren. Kontakt systemadministratoren.</PERMISSION_ERROR_TEXT>
  <DISK_FULL_ERROR_TITLE>Der ikke er mere diskplads</DISK_FULL_ERROR_TITLE>
  <DISK_FULL_ERROR_TEXT>Frigør plads, eller prøv et andet drev.</DISK_FULL_ERROR_TEXT>
  <INSTALL_ALREADY_RUNNING_TITLE>Installationsfejl</INSTALL_ALREADY_RUNNING_TITLE>
  <INSTALL_ALREADY_RUNNING_TEXT>Windows-installationsprogrammet er optaget af at installere et andet program. Vent på, at installationen fuldføres, før du kører installationsprogrammet igen.</INSTALL_ALREADY_RUNNING_TEXT>
  <MULTIINSTANCE_ERROR_TITLE>Fejl ved flere forekomster</MULTIINSTANCE_ERROR_TITLE>
  <MULTIINSTANCE_ERROR_TEXT>En anden forekomst af programmet er allerede åben. Denne forekomst vil blive lukket.</MULTIINSTANCE_ERROR_TEXT>
  <LICENSE_AGREEMENT>Licensaftale</LICENSE_AGREEMENT>
  <LICENSE_SCROLL_TEXT>Læs følgende licensaftale. Accepter aftalen for at fortsætte med at installere softwaren.</LICENSE_SCROLL_TEXT>
  <SELECT_PORT_TITLE>&amp;Vælg porttype</SELECT_PORT_TITLE>
  <BASIC_TEXT>Bas&amp;is</BASIC_TEXT>
  <DISCOVERED_PORTS>Registrerede porte på computeren</DISCOVERED_PORTS>
  <IP_PORT>Standard IP-port</IP_PORT>	
  <UNC_PORT>UNC-port</UNC_PORT>
  <PRINT_DRIVER_TEXT>P&amp;rinterdrivertype</PRINT_DRIVER_TEXT>
  <PORT_NAME_TEXT>Portnavn</PORT_NAME_TEXT>
  <IP_ADDRESS_TEXT>IP-adresse eller værtsnavn</IP_ADDRESS_TEXT>
  <NETWORK_PATH_TEXT>Netværkssti</NETWORK_PATH_TEXT>
  <GEN_ERROR_TITLE>Fejl</GEN_ERROR_TITLE>
  <DUP_PORT_TEXT>Portnavnet findes allerede.</DUP_PORT_TEXT>
  <INVALID_NET_PATH_TEXT>Netværksstien er ugyldig.</INVALID_NET_PATH_TEXT>
  <PORT_TYPE_TEXT>Porttype</PORT_TYPE_TEXT>
  <FILES_IN_USE_HEADER>Filer i brug</FILES_IN_USE_HEADER>
  <RM_FILE_IN_USE_TEXT>Følgende program bruger filer, der skal opdateres af denne opsætning.</RM_FILE_IN_USE_TEXT>
  <FILE_IN_USE_TEXT>Det følgende program anvender filer, som skal opdateres af denne opsætning. Luk programmet, og klik derefter på Forsøg igen for at fortsætte installationen, eller klik på Annuller for at afslutte installationen.</FILE_IN_USE_TEXT>
  <AUTO_RESTART_TEXT>Luk det nuværende program &amp;automatisk, og forsøg at geninstallere.</AUTO_RESTART_TEXT>
  <DO_NOT_CLOSE_TEXT>&amp;Spring installation af det nuværende program over, og fortsæt med Opsætning.</DO_NOT_CLOSE_TEXT>
  <APPLICATION>Program </APPLICATION>
  <IGNORE_BUTTON>Ignorer</IGNORE_BUTTON>
  <RETRY_BUTTON>Forsøg igen</RETRY_BUTTON>
  <COMPLETED_TEXT>Fuldført</COMPLETED_TEXT>
  <CANCELED_TEXT>Annulleret</CANCELED_TEXT>
  <UPDATED_TEXT>Opdateret</UPDATED_TEXT>
  <FAILED_TEXT>Mislykkedes</FAILED_TEXT>
  <ERROR_LINK>&amp;Vis fejlrapport</ERROR_LINK> 
  <PREPARE_INSTALL_TEXT>Forbereder installation</PREPARE_INSTALL_TEXT>
  <SOFTWARE_PATH_TEXT>Vælg en indstilling nedenfor</SOFTWARE_PATH_TEXT>
  <ADD_ADDITIONAL_PRINTER_TEXT>Tilføj yderligere printer</ADD_ADDITIONAL_PRINTER_TEXT>
  <VIEW_SOFTWARE_OPTIONS_TEXT>Vis softwareindstillinger</VIEW_SOFTWARE_OPTIONS_TEXT>
  <CONFIG_SETTINGS_TEXT>Konfigurationsindstillinger</CONFIG_SETTINGS_TEXT>
  <CONFIG_SETTINGS_BUTTON>ko&amp;nfiguration...</CONFIG_SETTINGS_BUTTON>
  <CONFIG_APPLY_FUTURE_TEXT>&amp;Anvend ved alle fremtidige installeringer</CONFIG_APPLY_FUTURE_TEXT>
  <LOAD_FILE>&amp;Indlæs fil</LOAD_FILE>
  <NEW_FILE>&amp;Ny</NEW_FILE>
  <RESET_TEXT>&amp;Nulstil til standardværdi</RESET_TEXT>
  <INVALID_PATH_TEXT>Filnavnet eller stien er ikke gyldig</INVALID_PATH_TEXT>
  <REGISTRATION_LINK>&amp;Registrer produkt</REGISTRATION_LINK>
  <DOTNET>.NET Framework</DOTNET>
  <REQUIRED_DEPENDENCY>En påkrævet afhængighed blev ikke installeret eller kunne ikke installeres.</REQUIRED_DEPENDENCY> 
  <SW_BYPASS_TITLE>Softwaren er allerede installeret</SW_BYPASS_TITLE>
  <SW_BYPASS_TEXT>Installationsprogrammet har registreret, at denne software allerede er installeret. Vælg en indstilling herunder for at fortsætte.</SW_BYPASS_TEXT>
  <SW_BYPASS_REINSTALL>&amp;Installer driveren igen, eller tilføj yderligere drivere</SW_BYPASS_REINSTALL>
  <SW_BYPASS_OPTIONAL>Sp&amp;ring til installation af yderligere software</SW_BYPASS_OPTIONAL>
  <OPTIONAL_SOFTWARE_TITLE>Yderligere software</OPTIONAL_SOFTWARE_TITLE>
  <APPS_ONLY_SOFTWARE_TITLE>Tilgængelig software</APPS_ONLY_SOFTWARE_TITLE>  
  <SELECT_APPS_ONLY_SOFTWARE_TEXT>&amp;Vælg software, der skal installeres</SELECT_APPS_ONLY_SOFTWARE_TEXT>
  <SELECT_SOFTWARE_TEXT>&amp;Vælg yderligere software til installation</SELECT_SOFTWARE_TEXT>
  <PRODUCT_NAME_COLUMN_HEADER>Programnavn</PRODUCT_NAME_COLUMN_HEADER>
  <VERSION_COLUMN_HEADER>Version</VERSION_COLUMN_HEADER>
  <SIZE_COLUMN_HEADER>Størrelse</SIZE_COLUMN_HEADER>
  <SOFTWARE_DESCRIPTION_TITLE>So&amp;ftwarebeskrivelse</SOFTWARE_DESCRIPTION_TITLE>
  <NEWER_VERSION_INSTALLED_TEXT>En nyere version eller samme version af programmet er allerede installeret.</NEWER_VERSION_INSTALLED_TEXT>
  <CONTINUE_FINAL_TEXT>Klik på knappen Fortsæt for at vælge Yderligere softwarekomponenter eller klik på Udfør for at afslutte installationsprogrammet.</CONTINUE_FINAL_TEXT>
  <CONTINUE_BUTTON>&amp;Fortsæt</CONTINUE_BUTTON>
  <ALREADY_INSTALLED_TEXT>Allerede installeret</ALREADY_INSTALLED_TEXT>
  <LBL_ADDITIONAL_SOFTWARE>&amp;Installer yderligere software</LBL_ADDITIONAL_SOFTWARE>
  <LBL_LOCALIZED_AND>og</LBL_LOCALIZED_AND>
  <OPTIONAL_DISCOVERY_TITLE>Vælg din enhed</OPTIONAL_DISCOVERY_TITLE>
  <EMPTY_DRIVERCONFIG_PATH>Sti kan ikke være tom.</EMPTY_DRIVERCONFIG_PATH>
  <DEPENDENTAPPS_DESCRIPTION>{1} indeholder følgende komponent(er) for fuld funktionalitet:</DEPENDENTAPPS_DESCRIPTION>
  <NOT_SUPPORTED_TEXT>Ikke understøttet</NOT_SUPPORTED_TEXT>
  <NOT_SUPPORTED_MESSAGE_TEXT>Scannerdrivere understøttes ikke i ældre versioner af Windows.</NOT_SUPPORTED_MESSAGE_TEXT>
</STRINGS>
</STRING_TABLE>