﻿<?xml version="1.0" encoding="UTF-8"?>
<STRING_TABLE>
<ISO_LANGUAGE_ID>de</ISO_LANGUAGE_ID>
<READING_ORDER>LTR</READING_ORDER>
<CODE_PAGE>1252</CODE_PAGE>
<LANGUAGE_ID>1031</LANGUAGE_ID>
<STRINGS>
  <CANCEL_BUTTON>&amp;Abbrechen</CANCEL_BUTTON>
  <OK_BUTTON>&amp;Ok</OK_BUTTON>
  <INSTALL_BUTTON>&amp;Installieren</INSTALL_BUTTON>
  <NEXT_BUTTON>&amp;Weiter</NEXT_BUTTON>
  <EXIT_BUTTON>&amp;Beenden</EXIT_BUTTON>
  <BACK_BUTTON>&amp;Zurück</BACK_BUTTON>
  <HELP_BUTTON>&amp;Hilfe</HELP_BUTTON>
  <DISAGREE_BUTTON>A&amp;blehnen</DISAGREE_BUTTON>
  <AGREE_BUTTON>&amp;Annehmen</AGREE_BUTTON>
  <FINISH_BUTTON>Fertig &amp;stellen</FINISH_BUTTON>
  <INSTALL_TITLE>^PRODUCT_NAME^-Installationsprogramm</INSTALL_TITLE>
  <WELCOME_HEADER>Willkommen beim ^PRODUCT_NAME^-Installationsprogramm.</WELCOME_HEADER>
  <WELCOME_TEXT>Klicken Sie auf 'Installieren', um fortzufahren, oder auf 'Abbrechen', um das Installationsprogramm zu beenden.</WELCOME_TEXT>
  <INFOCENTER_LINK_LABEL>Produktinformationszentrum starten</INFOCENTER_LINK_LABEL>
  <PRODUCT_REGISTRATION_LINK_LABEL>Einen Drucker registrieren</PRODUCT_REGISTRATION_LINK_LABEL>
  <DISCOVERY_INFOCENTER_LINK_LABEL>{0}-Informationszentrum</DISCOVERY_INFOCENTER_LINK_LABEL>
  <MANUFACTURER_TEXT>Wählen Sie den Hersteller</MANUFACTURER_TEXT>
  <MANUFACTURER_LABEL>H&amp;ersteller auswählen:</MANUFACTURER_LABEL>
  <INSTALL_PATH_LABEL_TEXT>Installationspfad</INSTALL_PATH_LABEL_TEXT>
  <INSTALLING_TEXT>Installation läuft</INSTALLING_TEXT>
  <OPTIONAL_SOFTWARE_CANCEL_CONFIRMATION_TEXT>Sie müssen zusätzliche Software installieren oder aktualisieren.
Möchten Sie wirklich beenden, ohne zusätzliche Software zu installieren?</OPTIONAL_SOFTWARE_CANCEL_CONFIRMATION_TEXT>
  <CANCELING_TEXT>Wird abgebrochen</CANCELING_TEXT>
  <UNINSTALLING_TEXT>wird deinstalliert</UNINSTALLING_TEXT>
  <INSTALL_SUCCESS_HEADING_TEXT>Installation erfolgreich</INSTALL_SUCCESS_HEADING_TEXT>
  <INSTALL_COMPLETE_TEXT>Die Installation wurde erfolgreich abgeschlossen.</INSTALL_COMPLETE_TEXT>
  <DRIVER_INSTALL_COMPLETE_TEXT>Die Treiberinstallation wurde erfolgreich abgeschlossen.</DRIVER_INSTALL_COMPLETE_TEXT>
  <CANCEL_CONFIRMATION_TEXT>Softwareinstallation nicht abgeschlossen.
Möchten Sie die Installation wirklich abbrechen??</CANCEL_CONFIRMATION_TEXT>
  <INSTALL_CANCELED_TEXT>Die Installation wurde abgebrochen.</INSTALL_CANCELED_TEXT>
  <INSTALL_CANCELED_HEADING_TEXT>Installation abgebrochen</INSTALL_CANCELED_HEADING_TEXT>  
  <REBOOT_HEADER_TEXT>Neustart erforderlich</REBOOT_HEADER_TEXT>
  <USB_REBOOT_TEXT>Neustart erforderlich. Um die Installation abzuschließen, schließen Sie den Drucker mit einem USB-Kabel an den Computer an, nachdem Sie den Computer neu gestartet haben.</USB_REBOOT_TEXT>
  <REBOOT_TEXT>Sie müssen das System neustarten, um die Installation erfolgreich abzuschließen.</REBOOT_TEXT>
  <REBOOT_NOW_TEXT>&amp;Starten Sie den Computer jetzt neu</REBOOT_NOW_TEXT>
  <REBOOT_LATER_TEXT>Starten Sie den Computer später &amp;manuell neu</REBOOT_LATER_TEXT>
  <SECURITY_TITLE>Sicherheitsbenachrichtigung</SECURITY_TITLE>
  <SECURITY_TEXT>Zugriffsberechtigung für ^OEM^-Software erforderlich.

Für die Installation, Zugriff auf ^OEM^-Software immer erlauben.</SECURITY_TEXT>
  <DISCOVERY_TITLE>Drucker und Treiber auswählen</DISCOVERY_TITLE>
  <DISCOVERED_DEVICES_TEXT>Über einen am Computer erkannten Ans&amp;chluss verbinden</DISCOVERED_DEVICES_TEXT>
  <DISCOVERED_DEVICES_LIST>Erkannte Drucker</DISCOVERED_DEVICES_LIST>
  <DISCOVERED_LIST_COLUMN_SEARCHING>Suchen...</DISCOVERED_LIST_COLUMN_SEARCHING>
  <NO_PRINTER_FOUND>Keinen Drucker gefunden</NO_PRINTER_FOUND>
  <DISCOVERED_LIST_COLUMN_MODEL>Modellname</DISCOVERED_LIST_COLUMN_MODEL>
  <DISCOVERED_LIST_COLUMN_IPADDRESS>IP-Adresse</DISCOVERED_LIST_COLUMN_IPADDRESS>
  <DISCOVERED_LIST_COLUMN_PRINTERNAME>Hostname</DISCOVERED_LIST_COLUMN_PRINTERNAME>
  <DISCOVERED_LIST_COLUMN_SCANNER>Scanner</DISCOVERED_LIST_COLUMN_SCANNER>
  <DISCOVERED_LIST_COLUMN_PRINTER>Drucker</DISCOVERED_LIST_COLUMN_PRINTER>
  <DISCOVERED_LIST_COLUMN_MACADDRESS>MAC-Adresse</DISCOVERED_LIST_COLUMN_MACADDRESS>
  <SHOW_DEVICE_STATUS_TEXT>Druckerstatus anzeigen</SHOW_DEVICE_STATUS_TEXT>
  <MODIFY_SEARCH_TEXT>Mein D&amp;rucker wird nicht in der Liste aufgeführt...</MODIFY_SEARCH_TEXT>
  <PRINTER_GROUP_TEXT>Drucker</PRINTER_GROUP_TEXT>
  <REFRESH_TEXT>&amp;Aktualisieren</REFRESH_TEXT>
  <ADVANCED_TEXT>&amp;Erweitert</ADVANCED_TEXT>
  <YES>Ja</YES>
  <COLOR>Farbe</COLOR>
  <MONO>Schwarzweiß</MONO>
  <ADD_NETWORK_PRINTER>Nach Druckern suchen</ADD_NETWORK_PRINTER>
  <LOCAL_SUBNET_SEARCH>&amp;Lokale Subnetzsuche</LOCAL_SUBNET_SEARCH>
  <LOCAL_SUBNET_SEARCH_TOOLTIP>Diese Option auswählen, um Geräte auf dem lokalen Netzwerk zu durchsuchen.</LOCAL_SUBNET_SEARCH_TOOLTIP>
  <IP_HOSTNAME_SEARCH>Suche nach Host/&amp;IP-Adresse</IP_HOSTNAME_SEARCH>
  <IP_HOSTNAME_SEARCH_TOOLTIP>Wählen Sie diese Option, wenn Sie den Hostnamen oder die IP-Adresse Ihres Geräts kennen.</IP_HOSTNAME_SEARCH_TOOLTIP>
  <SUBNET_SEARCH>&amp;Subnetzsuche</SUBNET_SEARCH>
  <SUBNET_SEARCH_TOOLTIP>Diese Option auswählen, um Geräte auf dem Remote-Netzwerk zu durchsuchen.</SUBNET_SEARCH_TOOLTIP>
  <IP_ADDRESS>IP-Adresse</IP_ADDRESS>
  <SUBNET_MASK>Subnetz-Maske</SUBNET_MASK>
  <MSG_HOSTNAME_LIMIT>Der Hostname darf nicht mehr als 255 Zeichen umfassen.</MSG_HOSTNAME_LIMIT>
  <MSG_INVALID_IPHOST_NAME>Kein gültiger Hostname oder IP-Adresse.</MSG_INVALID_IPHOST_NAME>
  <MSG_IP_LIMIT>Die IP-Adresse darf nicht mehr als 45 Zeichen umfassen.</MSG_IP_LIMIT>
  <MSG_INVALID_IP>Keine gültige IP-Adresse.</MSG_INVALID_IP>
  <MSG_INVALID_SUBNET>Keine gültige Subnetzadresse.</MSG_INVALID_SUBNET>
  <MSG_SUBNET_LIMIT>Die Subnetz-Maske darf nicht mehr als 45 Zeichen umfassen.</MSG_SUBNET_LIMIT>
  <CONNECT_WITH_USB_TEXT>&amp;Mit einem USB-Kabel verbinden.</CONNECT_WITH_USB_TEXT>
  <CONNECT_WITH_TRAVELPRINT_TEXT>Über 'Mobiles Drucken' &amp;verbinden.</CONNECT_WITH_TRAVELPRINT_TEXT>
  <USB_FINAL_TEXT>Die Software wurde erfolgreich installiert. Schließen Sie den Drucker mit einem USB-Kabel an den Computer an, um die Installation abzuschließen.</USB_FINAL_TEXT>
  <ERROR_TITLE>IInstallationsfehler</ERROR_TITLE>
  <ERROR_TEXT>Installationsfehler. Die Installation wird abgebrochen. Wiederholen Sie die Installation.</ERROR_TEXT>
  <PERMISSION_ERROR_TITLE>Zugriff verweigert</PERMISSION_ERROR_TITLE>
  <PERMISSION_ERROR_TEXT>Sie verfügen nicht über die erforderlichen Berechtigungen zum Ausführen der Installationssoftware. Wenden Sie sich an den Systemadministrator.</PERMISSION_ERROR_TEXT>
  <DISK_FULL_ERROR_TITLE>Nicht genügend Speicherplatz</DISK_FULL_ERROR_TITLE>
  <DISK_FULL_ERROR_TEXT>Geben Sie Speicherplatz frei oder wählen Sie ein anderes Laufwerk aus.</DISK_FULL_ERROR_TEXT>
  <INSTALL_ALREADY_RUNNING_TITLE>Installationsfehler</INSTALL_ALREADY_RUNNING_TITLE>
  <INSTALL_ALREADY_RUNNING_TEXT>Windows Installer ist mit der Installation einer anderen Anwendung beschäftigt. Warten Sie, bis die Installation abgeschlossen ist, bevor Sie das Installationsprogramm erneut ausführen.</INSTALL_ALREADY_RUNNING_TEXT>
  <MULTIINSTANCE_ERROR_TITLE>Fehler aufgrund mehrerer Instanzen</MULTIINSTANCE_ERROR_TITLE>
  <MULTIINSTANCE_ERROR_TEXT>Es ist eine andere Instanz dieser Anwendung geöffnet. Diese Instanz wird geschlossen.</MULTIINSTANCE_ERROR_TEXT>
  <LICENSE_AGREEMENT>Lizenzvereinbarung</LICENSE_AGREEMENT>
  <LICENSE_SCROLL_TEXT>Lesen Sie die folgende Lizenzvereinbarung. Sie müssen die Vereinbarung akzeptieren, damit die Installation der Software fortgesetzt werden kann.</LICENSE_SCROLL_TEXT>
  <SELECT_PORT_TITLE>An&amp;schlusstyp auswählen</SELECT_PORT_TITLE>
  <BASIC_TEXT>&amp;Basic</BASIC_TEXT>
  <DISCOVERED_PORTS>Auf dem Computer erkannte Anschlüsse</DISCOVERED_PORTS>
  <IP_PORT>IP-Standardanschluss</IP_PORT>	
  <UNC_PORT>UNC-Anschluss</UNC_PORT>
  <PRINT_DRIVER_TEXT>&amp;Druckertreibertyp</PRINT_DRIVER_TEXT>
  <PORT_NAME_TEXT>Anschlussname</PORT_NAME_TEXT>
  <IP_ADDRESS_TEXT>IP-Adresse oder Hostname</IP_ADDRESS_TEXT>
  <NETWORK_PATH_TEXT>Netzwerkpfad</NETWORK_PATH_TEXT>
  <GEN_ERROR_TITLE>Fehler</GEN_ERROR_TITLE>
  <DUP_PORT_TEXT>Anschlussname bereits vorhanden.</DUP_PORT_TEXT>
  <INVALID_NET_PATH_TEXT>Der Netzwerkpfad ist ungültig.</INVALID_NET_PATH_TEXT>
  <PORT_TYPE_TEXT>Anschlusstyp</PORT_TYPE_TEXT>
  <FILES_IN_USE_HEADER>Verwendete Dateien</FILES_IN_USE_HEADER>
  <RM_FILE_IN_USE_TEXT>Die folgende Anwendung verwendet Dateien, die durch dieses Setupprogramm aktualisiert werden müssen.</RM_FILE_IN_USE_TEXT>
  <FILE_IN_USE_TEXT>Die folgende Anwendung verwendet Dateien, die durch dieses Setupprogramm aktualisiert werden müssen. Schließen Sie die Anwendung und klicken Sie auf 'Wiederholen', um die Installation fortzusetzen, oder auf 'Abbrechen', um die Installation zu beenden.</FILE_IN_USE_TEXT>
  <AUTO_RESTART_TEXT>Die aktuelle Anwendung &amp;automatisch schließen und die Installation erneut starten</AUTO_RESTART_TEXT>
  <DO_NOT_CLOSE_TEXT>Die Installation der aktuellen Anwendung überspringen und das &amp;Setupprogramm fortsetzen</DO_NOT_CLOSE_TEXT>
  <APPLICATION>Anwendung </APPLICATION>
  <IGNORE_BUTTON>Ignorieren</IGNORE_BUTTON>
  <RETRY_BUTTON>Wiederholen</RETRY_BUTTON>
  <COMPLETED_TEXT>Abgeschlossen</COMPLETED_TEXT>
  <CANCELED_TEXT>Abgebrochen</CANCELED_TEXT>
  <UPDATED_TEXT>Aktualisiert</UPDATED_TEXT>
  <FAILED_TEXT>Fehler</FAILED_TEXT>
  <ERROR_LINK>&amp;Fehlerbericht anzeigen</ERROR_LINK> 
  <PREPARE_INSTALL_TEXT>Installation wird vorbereitet</PREPARE_INSTALL_TEXT>
  <SOFTWARE_PATH_TEXT>Wählen Sie unten eine Option aus.</SOFTWARE_PATH_TEXT>
  <ADD_ADDITIONAL_PRINTER_TEXT>Zusätzlichen Drucker hinzufügen</ADD_ADDITIONAL_PRINTER_TEXT>
  <VIEW_SOFTWARE_OPTIONS_TEXT>Softwareoptionen anzeigen</VIEW_SOFTWARE_OPTIONS_TEXT>
  <CONFIG_SETTINGS_TEXT>Konfigurationseinstellungen</CONFIG_SETTINGS_TEXT>
  <CONFIG_SETTINGS_BUTTON>K&amp;onfiguration...</CONFIG_SETTINGS_BUTTON>
  <CONFIG_APPLY_FUTURE_TEXT>&amp;Auf alle zukünftigen Installationen anwenden</CONFIG_APPLY_FUTURE_TEXT>
  <LOAD_FILE>&amp;Datei laden</LOAD_FILE>
  <NEW_FILE>&amp;Neu</NEW_FILE>
  <RESET_TEXT>A&amp;uf Standard zurücksetzen</RESET_TEXT>
  <INVALID_PATH_TEXT>Der Dateiname oder Pfad ist ungültig.</INVALID_PATH_TEXT>
  <REGISTRATION_LINK>&amp;Produkt registrieren</REGISTRATION_LINK>
  <DOTNET>.NET Framework</DOTNET>
  <REQUIRED_DEPENDENCY>Eine erforderliche abhängige Komponente wurde nicht installiert.</REQUIRED_DEPENDENCY> 
  <SW_BYPASS_TITLE>Software bereits installiert</SW_BYPASS_TITLE>
  <SW_BYPASS_TEXT>Das Installationsprogramm hat festgestellt, dass die Software möglicherweise bereits installiert ist. Wählen Sie unten eine Option aus, um fortzufahren</SW_BYPASS_TEXT>
  <SW_BYPASS_REINSTALL>&amp;Treiber neu installieren oder zusätzlichen Treiber hinzufügen</SW_BYPASS_REINSTALL>
  <SW_BYPASS_OPTIONAL>Mit der Installation von &amp;zusätzlicher Software fortfahren</SW_BYPASS_OPTIONAL>
  <OPTIONAL_SOFTWARE_TITLE>Zusätzliche Software</OPTIONAL_SOFTWARE_TITLE>
  <APPS_ONLY_SOFTWARE_TITLE>Verfügbare Software</APPS_ONLY_SOFTWARE_TITLE>  
  <SELECT_APPS_ONLY_SOFTWARE_TEXT>&amp;Zu installierende Software auswählen</SELECT_APPS_ONLY_SOFTWARE_TEXT>
  <SELECT_SOFTWARE_TEXT>&amp;Zusätzliche Software zur Installation auswählen</SELECT_SOFTWARE_TEXT>
  <PRODUCT_NAME_COLUMN_HEADER>Anwendungsname</PRODUCT_NAME_COLUMN_HEADER>
  <VERSION_COLUMN_HEADER>Version</VERSION_COLUMN_HEADER>
  <SIZE_COLUMN_HEADER>Größe</SIZE_COLUMN_HEADER>
  <SOFTWARE_DESCRIPTION_TITLE>Softwarebes&amp;chreibung</SOFTWARE_DESCRIPTION_TITLE>
  <NEWER_VERSION_INSTALLED_TEXT>Die gleiche oder eine neuere Version der Anwendung ist bereits installiert.</NEWER_VERSION_INSTALLED_TEXT>
  <CONTINUE_FINAL_TEXT>Klicken Sie auf "Weiter", um zusätzliche Softwarekomponenten auszuwählen oder klicken Sie auf "Abschließen", um den Installationsassistenten zu beenden.</CONTINUE_FINAL_TEXT>
  <CONTINUE_BUTTON>&amp;Fortfahren</CONTINUE_BUTTON>
  <ALREADY_INSTALLED_TEXT>Bereits installiert</ALREADY_INSTALLED_TEXT>
  <LBL_ADDITIONAL_SOFTWARE>&amp;Zusätzliche Software installieren</LBL_ADDITIONAL_SOFTWARE>
  <LBL_LOCALIZED_AND>und</LBL_LOCALIZED_AND>
  <OPTIONAL_DISCOVERY_TITLE>Wählen Sie Ihr Gerät aus</OPTIONAL_DISCOVERY_TITLE>
  <EMPTY_DRIVERCONFIG_PATH>Der Pfad darf nicht leer sein.</EMPTY_DRIVERCONFIG_PATH>
  <DEPENDENTAPPS_DESCRIPTION>{1} beinhaltet die folgenden Komponenten für vollständige Funktionalität:</DEPENDENTAPPS_DESCRIPTION>
  <NOT_SUPPORTED_TEXT>Nicht unterstützt</NOT_SUPPORTED_TEXT>
  <NOT_SUPPORTED_MESSAGE_TEXT>Scannertreiber werden von älteren Versionen von Windows nicht unterstützt.</NOT_SUPPORTED_MESSAGE_TEXT>
</STRINGS>
</STRING_TABLE>