﻿<?xml version="1.0" encoding="UTF-8"?>
<STRING_TABLE>
<ISO_LANGUAGE_ID>el</ISO_LANGUAGE_ID>
<READING_ORDER>LTR</READING_ORDER>
<CODE_PAGE>1253</CODE_PAGE>
<LANGUAGE_ID>1032</LANGUAGE_ID>
<STRINGS>
  <CANCEL_BUTTON>&amp;Άκυρο</CANCEL_BUTTON>
  <OK_BUTTON>&amp;OK</OK_BUTTON>
  <INSTALL_BUTTON>&amp;Εγκατάσταση</INSTALL_BUTTON>
  <NEXT_BUTTON>&amp;Επόμενο</NEXT_BUTTON>
  <EXIT_BUTTON>&amp;έξοδος</EXIT_BUTTON>
  <BACK_BUTTON>&amp;Προηγούμενο</BACK_BUTTON>
  <HELP_BUTTON>&amp;Βοήθεια</HELP_BUTTON>
  <DISAGREE_BUTTON>Α&amp;πόρριψη</DISAGREE_BUTTON>
  <AGREE_BUTTON>&amp;Αποδοχή</AGREE_BUTTON>
  <FINISH_BUTTON>&amp;Τέλος</FINISH_BUTTON>
  <INSTALL_TITLE>Πρόγραμμα εγκατάστασης ^PRODUCT_NAME^</INSTALL_TITLE>
  <WELCOME_HEADER>Καλώς ορίσατε στο πρόγραμμα εγκατάστασης του ^PRODUCT_NAME^.</WELCOME_HEADER>
  <WELCOME_TEXT>Κάντε κλικ στην επιλογή Εγκατάσταση για να συνεχίσετε ή στο Άκυρο για έξοδο από το πρόγραμμα εγκατάστασης.</WELCOME_TEXT>
  <INFOCENTER_LINK_LABEL>Εκκίνηση κέντρου πληροφοριών προϊόντος</INFOCENTER_LINK_LABEL>
  <PRODUCT_REGISTRATION_LINK_LABEL>Δήλωση εκτυπωτή</PRODUCT_REGISTRATION_LINK_LABEL>
  <DISCOVERY_INFOCENTER_LINK_LABEL>{0} Κέντρο πληροφοριών</DISCOVERY_INFOCENTER_LINK_LABEL>
  <MANUFACTURER_TEXT>Επιλέξτε κατασκευαστή</MANUFACTURER_TEXT>
  <MANUFACTURER_LABEL>Επιλέξτε τον &amp;κατασκευαστή:</MANUFACTURER_LABEL>
  <INSTALL_PATH_LABEL_TEXT>Διαδρομή εγκατάστασης</INSTALL_PATH_LABEL_TEXT>
  <INSTALLING_TEXT>Εγκατάσταση</INSTALLING_TEXT>
  <OPTIONAL_SOFTWARE_CANCEL_CONFIRMATION_TEXT>Διαθέτετε πρόσθετο λογισμικό για εγκατάσταση ή ενημέρωση.
Θέλετε σίγουρα να κλείσετε το πρόγραμμα χωρίς να εγκαταστήσετε το πρόσθετο λογισμικό;</OPTIONAL_SOFTWARE_CANCEL_CONFIRMATION_TEXT>
  <CANCELING_TEXT>Ακύρωση</CANCELING_TEXT>
  <UNINSTALLING_TEXT>Κατάργηση εγκατάστασης του </UNINSTALLING_TEXT>
  <INSTALL_SUCCESS_HEADING_TEXT>Επιτυχής εγκατάσταση</INSTALL_SUCCESS_HEADING_TEXT>
  <INSTALL_COMPLETE_TEXT>Η κατάργηση εγκατάστασης ολοκληρώθηκε με επιτυχία.</INSTALL_COMPLETE_TEXT>
  <DRIVER_INSTALL_COMPLETE_TEXT>Η εγκατάσταση του προγράμματος οδήγησης ολοκληρώθηκε με επιτυχία.</DRIVER_INSTALL_COMPLETE_TEXT>
  <CANCEL_CONFIRMATION_TEXT>Η εγκατάσταση του λογισμικού δεν ολοκληρώθηκε.
Θέλετε σίγουρα να ακυρώσετε την εγκατάσταση;</CANCEL_CONFIRMATION_TEXT>
  <INSTALL_CANCELED_TEXT>Η εγκατάσταση ακυρώθηκε.</INSTALL_CANCELED_TEXT>
  <INSTALL_CANCELED_HEADING_TEXT>Η εγκατάσταση ακυρώθηκε</INSTALL_CANCELED_HEADING_TEXT> 
  <REBOOT_HEADER_TEXT>Απαιτείται επανεκκίνηση</REBOOT_HEADER_TEXT>
  <USB_REBOOT_TEXT>Απαιτείται επανεκκίνηση. Για την ολοκλήρωση της εγκατάστασης, συνδέστε τον εκτυπωτή στον υπολογιστή με ένα καλώδιο USB αφού επανεκκινήσετε τον υπολογιστή.</USB_REBOOT_TEXT>
  <REBOOT_TEXT>Για να ολοκληρωθεί με επιτυχία η διαδικασία εγκατάστασης, πρέπει να κάνετε επανεκκίνηση του συστήματος.</REBOOT_TEXT>
  <REBOOT_NOW_TEXT>&amp;Συνεχίστε τώρα την επανεκκίνηση του υπολογιστή</REBOOT_NOW_TEXT>
  <REBOOT_LATER_TEXT>&amp;Να γίνει μη αυτόματη επανεκκίνηση του υπολογιστή αργότερα</REBOOT_LATER_TEXT>
  <SECURITY_TITLE>Ειδοποίηση ασφαλείας</SECURITY_TITLE>
  <SECURITY_TEXT>Απαιτείται άδεια πρόσβασης στο λογισμικό ^OEM^.

Να επιτρέπετε πάντα την πρόσβαση στο λογισμικό ^OEM^ για την εγκατάσταση.</SECURITY_TEXT>
  <DISCOVERY_TITLE>Επιλογή εκτυπωτή και προγράμματος οδήγησης</DISCOVERY_TITLE>
  <DISCOVERED_DEVICES_TEXT>Σύνδεση μέσω &amp;θύρας που έχει εντοπιστεί στον υπολογιστή</DISCOVERED_DEVICES_TEXT>
  <DISCOVERED_DEVICES_LIST>Εντοπισμένοι εκτυπωτές</DISCOVERED_DEVICES_LIST>
  <DISCOVERED_LIST_COLUMN_SEARCHING>Αναζήτηση...</DISCOVERED_LIST_COLUMN_SEARCHING>
  <NO_PRINTER_FOUND>Δεν βρέθηκε εκτυπωτής</NO_PRINTER_FOUND>
  <DISCOVERED_LIST_COLUMN_MODEL>Όνομα μοντέλου</DISCOVERED_LIST_COLUMN_MODEL>
  <DISCOVERED_LIST_COLUMN_IPADDRESS>Διεύθυνση IP</DISCOVERED_LIST_COLUMN_IPADDRESS>
  <DISCOVERED_LIST_COLUMN_PRINTERNAME>Όνομα κεντρικού υπολογιστή</DISCOVERED_LIST_COLUMN_PRINTERNAME>
  <DISCOVERED_LIST_COLUMN_SCANNER>Σαρωτής</DISCOVERED_LIST_COLUMN_SCANNER>
  <DISCOVERED_LIST_COLUMN_PRINTER>Εκτυπωτής</DISCOVERED_LIST_COLUMN_PRINTER>
  <DISCOVERED_LIST_COLUMN_MACADDRESS>Διεύθυνση MAC</DISCOVERED_LIST_COLUMN_MACADDRESS>
  <SHOW_DEVICE_STATUS_TEXT>Προβολή της κατάστασης του εκτυπωτή</SHOW_DEVICE_STATUS_TEXT>
  <MODIFY_SEARCH_TEXT>Ο εκτυπωτής μου δεν βρίσκεται στη &amp;λίστα...</MODIFY_SEARCH_TEXT>
  <PRINTER_GROUP_TEXT>Εκτυπωτής</PRINTER_GROUP_TEXT>
  <REFRESH_TEXT>&amp;Ανανέωση</REFRESH_TEXT>
  <ADVANCED_TEXT>&amp;Σύνθετες ρυθμίσεις</ADVANCED_TEXT>
  <YES>Ναι</YES>
  <COLOR>Κασέτα έγχρωμης εκτύπωσης</COLOR>
  <MONO>Μονόχρωμο</MONO>
  <ADD_NETWORK_PRINTER>Εύρεση εκτυπωτών</ADD_NETWORK_PRINTER>
  <LOCAL_SUBNET_SEARCH>Αναζήτη&amp;ση στο τοπικό υποδίκτυο</LOCAL_SUBNET_SEARCH>
  <LOCAL_SUBNET_SEARCH_TOOLTIP>Επιλέξτε για αναζήτηση συσκευών στο τοπικό σας δίκτυο.</LOCAL_SUBNET_SEARCH_TOOLTIP>
  <IP_HOSTNAME_SEARCH>Αναζήτηση κεντρικού υπολογιστή / διεύθυνσης &amp;IP</IP_HOSTNAME_SEARCH>
  <IP_HOSTNAME_SEARCH_TOOLTIP>Ορίστε αυτήν την επιλογή εάν γνωρίζετε το όνομα δικτύου ή τη διεύθυνση ΙΡ της συσκευής σας.</IP_HOSTNAME_SEARCH_TOOLTIP>
  <SUBNET_SEARCH>Αναζήτηση στο υ&amp;ποδίκτυο</SUBNET_SEARCH>
  <SUBNET_SEARCH_TOOLTIP>Επιλέξτε για αναζήτηση συσκευών σε απομακρυσμένο δίκτυο.</SUBNET_SEARCH_TOOLTIP>
  <IP_ADDRESS>Διεύθυνση IP</IP_ADDRESS>
  <SUBNET_MASK>Μάσκα υποδικτύου</SUBNET_MASK>
  <MSG_HOSTNAME_LIMIT>Το όνομα δικτύου δεν μπορεί να υπερβαίνει τους 255 χαρακτήρες.</MSG_HOSTNAME_LIMIT>
  <MSG_INVALID_IPHOST_NAME>Δεν πρόκειται για έγκυρο όνομα δικτύου ή διεύθυνση ΙΡ.</MSG_INVALID_IPHOST_NAME>
  <MSG_IP_LIMIT>Η διεύθυνση ΙΡ δεν μπορεί να υπερβαίνει τους 45 χαρακτήρες.</MSG_IP_LIMIT>
  <MSG_INVALID_IP>Δεν πρόκειται για έγκυρη διεύθυνση IP.</MSG_INVALID_IP>
  <MSG_INVALID_SUBNET>Δεν πρόκειται για έγκυρη διεύθυνση υποδικτύου.</MSG_INVALID_SUBNET>
  <MSG_SUBNET_LIMIT>Η μάσκα υποδικτύου δεν μπορεί να υπερβαίνει τους 45 χαρακτήρες.</MSG_SUBNET_LIMIT>
  <CONNECT_WITH_USB_TEXT>Σ&amp;ύνδεση με καλώδιο USB</CONNECT_WITH_USB_TEXT>
  <CONNECT_WITH_TRAVELPRINT_TEXT>Σύνδεση μέσω &amp;Travel Print</CONNECT_WITH_TRAVELPRINT_TEXT>
  <USB_FINAL_TEXT>Η εγκατάσταση του λογισμικού ήταν επιτυχής. Για την ολοκλήρωση της εγκατάστασης, συνδέστε τον εκτυπωτή στον υπολογιστή με ένα καλώδιο USB.</USB_FINAL_TEXT>
  <ERROR_TITLE>Σφάλμα εγκατάστασης</ERROR_TITLE>
  <ERROR_TEXT>Παρουσιάστηκε σφάλμα κατά την εγκατάσταση. Η εγκατάσταση θα ακυρωθεί. Δοκιμάστε να εκτελέσετε την εγκατάσταση ξανά.</ERROR_TEXT>
  <PERMISSION_ERROR_TITLE>Δεν επιτρέπεται η πρόσβαση</PERMISSION_ERROR_TITLE>
  <PERMISSION_ERROR_TEXT>Δεν έχετε τα απαιτούμενα δικαιώματα για την εκτέλεση του λογισμικού εγκατάστασης. Επικοινωνήστε με το διαχειριστή του συστήματός σας.</PERMISSION_ERROR_TEXT>
  <DISK_FULL_ERROR_TITLE>Ανεπαρκής χώρος στο δίσκο</DISK_FULL_ERROR_TITLE>
  <DISK_FULL_ERROR_TEXT>Ελευθερώστε χώρο ή δοκιμάστε με κάποια άλλη μονάδα.</DISK_FULL_ERROR_TEXT>
  <INSTALL_ALREADY_RUNNING_TITLE>Σφάλμα εγκατάστασης</INSTALL_ALREADY_RUNNING_TITLE>
  <INSTALL_ALREADY_RUNNING_TEXT>Το Windows Installer είναι απασχολημένο με την εγκατάσταση κάποιας άλλης εφαρμογής. Περιμένετε μέχρι να ολοκληρωθεί η εγκατάσταση πριν πραγματοποιήσετε ξανά εκτέλεση του προγράμματος εγκατάστασης.</INSTALL_ALREADY_RUNNING_TEXT>
  <MULTIINSTANCE_ERROR_TITLE>Σφάλμα πολλαπλών παρουσιών</MULTIINSTANCE_ERROR_TITLE>
  <MULTIINSTANCE_ERROR_TEXT>Έχετε ήδη ανοικτή μια άλλη παρουσία αυτής της εφαρμογής. Αυτή η παρουσία θα κλείσει.</MULTIINSTANCE_ERROR_TEXT>
  <LICENSE_AGREEMENT>Άδεια χρήσης</LICENSE_AGREEMENT>
  <LICENSE_SCROLL_TEXT>Διαβάστε την παρακάτω άδεια χρήσης. Για να συνεχίσετε την εγκατάσταση του λογισμικού πρέπει να αποδεχθείτε την άδεια χρήσης.</LICENSE_SCROLL_TEXT>
  <SELECT_PORT_TITLE>Επι&amp;λογή τύπου θύρας</SELECT_PORT_TITLE>
  <BASIC_TEXT>Β&amp;ασικός</BASIC_TEXT>
  <DISCOVERED_PORTS>Θύρες που έχουν εντοπιστεί στον υπολογιστή σας</DISCOVERED_PORTS>
  <IP_PORT>Τυπική θύρα IP</IP_PORT>	
  <UNC_PORT>Θύρα UNC</UNC_PORT>
  <PRINT_DRIVER_TEXT>Τύπος π&amp;ρογράμματος οδήγησης εκτύπωσης</PRINT_DRIVER_TEXT>
  <PORT_NAME_TEXT>Όνομα θύρας</PORT_NAME_TEXT>
  <IP_ADDRESS_TEXT>Διεύθυνση IP ή όνομα κεντρικού υπολογιστή</IP_ADDRESS_TEXT>
  <NETWORK_PATH_TEXT>Διαδρομή δικτύου</NETWORK_PATH_TEXT>
  <GEN_ERROR_TITLE>Σφάλμα</GEN_ERROR_TITLE>
  <DUP_PORT_TEXT>Το όνομα θύρας υπάρχει ήδη.</DUP_PORT_TEXT>
  <INVALID_NET_PATH_TEXT>Η διαδρομή δικτύου δεν είναι έγκυρη.</INVALID_NET_PATH_TEXT>
  <PORT_TYPE_TEXT>Τύπος θύρας</PORT_TYPE_TEXT>
  <FILES_IN_USE_HEADER>Χρησιμοποιούμενα αρχεία</FILES_IN_USE_HEADER>
  <RM_FILE_IN_USE_TEXT>Η παρακάτω εφαρμογή χρησιμοποιεί αρχεία που πρέπει να ενημερωθούν από αυτή την εγκατάσταση.</RM_FILE_IN_USE_TEXT>
  <FILE_IN_USE_TEXT>Η παρακάτω εφαρμογή χρησιμοποιεί αρχεία που πρέπει να ενημερωθούν από αυτή την εγκατάσταση. Κλείστε την εφαρμογή και στη συνέχεια κάντε κλικ στην επιλογή "Επανάληψη" για να συνεχίσετε την εγκατάσταση ή στο "Άκυρο" για έξοδο από την εγκατάσταση.</FILE_IN_USE_TEXT>
  <AUTO_RESTART_TEXT>&amp;Αυτόματο κλείσιμο της τρέχουσας εφαρμογής και προσπάθεια επανεγκατάστασης.</AUTO_RESTART_TEXT>
  <DO_NOT_CLOSE_TEXT>&amp;Παράβλεψη εγκατάστασης τρέχουσας εφαρμογής και συνέχεια στη ρύθμιση.</DO_NOT_CLOSE_TEXT>
  <APPLICATION>Εφαρμογή </APPLICATION>
  <IGNORE_BUTTON>Παράβλεψη</IGNORE_BUTTON>
  <RETRY_BUTTON>Επανάληψη</RETRY_BUTTON>
  <COMPLETED_TEXT>Ολοκληρώθηκαν</COMPLETED_TEXT>
  <CANCELED_TEXT>Ακυρώθηκε</CANCELED_TEXT>
  <UPDATED_TEXT>Ενημερώθηκαν</UPDATED_TEXT>
  <FAILED_TEXT>Αποτυχία</FAILED_TEXT>
  <ERROR_LINK>&amp;Προβολή αναφοράς σφάλματος</ERROR_LINK> 
  <PREPARE_INSTALL_TEXT>Προετοιμασία για εγκατάσταση</PREPARE_INSTALL_TEXT>
  <SOFTWARE_PATH_TEXT>Ορίστε μια επιλογή παρακάτω</SOFTWARE_PATH_TEXT>
  <ADD_ADDITIONAL_PRINTER_TEXT>Προσθήκη επιπλέον εκτυπωτή</ADD_ADDITIONAL_PRINTER_TEXT>
  <VIEW_SOFTWARE_OPTIONS_TEXT>Προβολή επιλογών λογισμικού</VIEW_SOFTWARE_OPTIONS_TEXT>
  <CONFIG_SETTINGS_TEXT>Ρυθμίσεις διαμόρφωσης</CONFIG_SETTINGS_TEXT>
  <CONFIG_SETTINGS_BUTTON>&amp;Διαμόρφωση...</CONFIG_SETTINGS_BUTTON>
  <CONFIG_APPLY_FUTURE_TEXT>&amp;Ισχύει για όλες τις μελλοντικές εγκαταστάσεις</CONFIG_APPLY_FUTURE_TEXT>
  <LOAD_FILE>&amp;Φόρτωση αρχείου</LOAD_FILE>
  <NEW_FILE>&amp;Δημιουργία</NEW_FILE>
  <RESET_TEXT>&amp;Επαναφορά στην προεπιλεγμένη ρύθμιση</RESET_TEXT>
  <INVALID_PATH_TEXT>Το όνομα αρχείου ή η διαδρομή δεν είναι έγκυρη</INVALID_PATH_TEXT>
  <REGISTRATION_LINK>&amp;Δήλωση προϊόντος</REGISTRATION_LINK>
  <DOTNET>.NET Framework</DOTNET>
  <REQUIRED_DEPENDENCY>Μια απαραίτητη εξάρτηση δεν έχει εγκατασταθεί ή απέτυχε η εγκατάστασή της.</REQUIRED_DEPENDENCY> 
  <SW_BYPASS_TITLE>Το λογισμικό είναι ήδη εγκατεστημένο</SW_BYPASS_TITLE>
  <SW_BYPASS_TEXT>Το πρόγραμμα εγκατάστασης εντόπισε την ενδεχόμενη παλαιότερη εγκατάσταση αυτού του λογισμικού. Ορίστε μια επιλογή παρακάτω για να συνεχίσετε.</SW_BYPASS_TEXT>
  <SW_BYPASS_REINSTALL>Ε&amp;γκαταστήστε ξανά το πρόγραμμα οδήγησης ή προσθέστε άλλο πρόγραμμα οδήγησης</SW_BYPASS_REINSTALL>
  <SW_BYPASS_OPTIONAL>&amp;Παράλειψη και μετάβαση στην εγκατάσταση πρόσθετου λογισμικού</SW_BYPASS_OPTIONAL>
  <OPTIONAL_SOFTWARE_TITLE>Πρόσθετο λογισμικό</OPTIONAL_SOFTWARE_TITLE>
  <APPS_ONLY_SOFTWARE_TITLE>Διαθέσιμο λογισμικό</APPS_ONLY_SOFTWARE_TITLE>  
  <SELECT_APPS_ONLY_SOFTWARE_TEXT>Ε&amp;πιλογή λογισμικού προς εγκατάσταση</SELECT_APPS_ONLY_SOFTWARE_TEXT>
  <SELECT_SOFTWARE_TEXT>Ε&amp;πιλέξτε πρόσθετο λογισμικό για εγκατάσταση</SELECT_SOFTWARE_TEXT>
  <PRODUCT_NAME_COLUMN_HEADER>Όνομα Εφαρμογής</PRODUCT_NAME_COLUMN_HEADER>
  <VERSION_COLUMN_HEADER>Έκδοση</VERSION_COLUMN_HEADER>
  <SIZE_COLUMN_HEADER>Μέγεθος</SIZE_COLUMN_HEADER>
  <SOFTWARE_DESCRIPTION_TITLE>Περ&amp;ιγραφή λογισμικού</SOFTWARE_DESCRIPTION_TITLE>
  <NEWER_VERSION_INSTALLED_TEXT>Υπάρχει εγκατεστημένη μια ίδια ή πιο πρόσφατη έκδοση της εφαρμογής.</NEWER_VERSION_INSTALLED_TEXT>
  <CONTINUE_FINAL_TEXT>Κάντε κλικ στο κουμπί "Συνέχεια" για να επιλέξετε πρόσθετο λογισμικό ή στο κουμπί "Τέλος" για να κλείσετε το πρόγραμμα εγκατάστασης.</CONTINUE_FINAL_TEXT>
  <CONTINUE_BUTTON>&amp;Συνέχεια</CONTINUE_BUTTON>
  <ALREADY_INSTALLED_TEXT>Έχουν εγκατασταθεί ήδη</ALREADY_INSTALLED_TEXT>
  <LBL_ADDITIONAL_SOFTWARE>&amp;Εγκατάσταση πρόσθετου λογισμικού</LBL_ADDITIONAL_SOFTWARE>
  <LBL_LOCALIZED_AND>και</LBL_LOCALIZED_AND>
  <OPTIONAL_DISCOVERY_TITLE>Επιλέξτε τη συσκευή σας</OPTIONAL_DISCOVERY_TITLE>
  <EMPTY_DRIVERCONFIG_PATH>Η διαδρομή δεν μπορεί να είναι κενή.</EMPTY_DRIVERCONFIG_PATH>
  <DEPENDENTAPPS_DESCRIPTION>Η εφαρμογή {1} περιλαμβάνει τα παρακάτω στοιχεία για πλήρη λειτουργικότητα:</DEPENDENTAPPS_DESCRIPTION>
  <NOT_SUPPORTED_TEXT>Δεν υποστηρίζεται</NOT_SUPPORTED_TEXT>
  <NOT_SUPPORTED_MESSAGE_TEXT>Τα προγράμματα οδήγησης σάρωσης δεν υποστηρίζονται σε παλαιότερες εκδόσεις των Windows.</NOT_SUPPORTED_MESSAGE_TEXT>
</STRINGS>
</STRING_TABLE>