<?xml version="1.0" encoding="UTF-8"?>

<STRING_TABLE>
<ISO_LANGUAGE_ID>en</ISO_LANGUAGE_ID>
<READING_ORDER>LTR</READING_ORDER>
<CODE_PAGE>1252</CODE_PAGE>
<LANGUAGE_ID>1033</LANGUAGE_ID>
<STRINGS>
<CANCEL_BUTTON>&amp;Cancel</CANCEL_BUTTON>
<OK_BUTTON>&amp;OK</OK_BUTTON>
<INSTALL_BUTTON>&amp;Install</INSTALL_BUTTON>
<NEXT_BUTTON>&amp;Next</NEXT_BUTTON>
<EXIT_BUTTON>&amp;Exit</EXIT_BUTTON>
<BACK_BUTTON>&amp;Back</BACK_BUTTON>
<HELP_BUTTON>&amp;Help</HELP_BUTTON>
<DISAGREE_BUTTON>&amp;Decline</DISAGREE_BUTTON>
<AGREE_BUTTON>&amp;Accept</AGREE_BUTTON>
<FINISH_BUTTON>&amp;Finish</FINISH_BUTTON>
<INSTALL_TITLE>^PRODUCT_NAME^ Installer</INSTALL_TITLE>
<WELCOME_HEADER>Welcome to the ^PRODUCT_NAME^ Installer</WELCOME_HEADER>
<WELCOME_TEXT>Click Install to continue or Cancel to exit the installer.</WELCOME_TEXT>
<INFOCENTER_LINK_LABEL>Launch Product Information Center</INFOCENTER_LINK_LABEL>
<PRODUCT_REGISTRATION_LINK_LABEL>Register a printer</PRODUCT_REGISTRATION_LINK_LABEL>
<DISCOVERY_INFOCENTER_LINK_LABEL>{0} Information Center</DISCOVERY_INFOCENTER_LINK_LABEL>
<MANUFACTURER_TEXT>Choose your manufacturer</MANUFACTURER_TEXT>
<MANUFACTURER_LABEL>&amp;Select a manufacturer:</MANUFACTURER_LABEL>
<INSTALLING_TEXT>Installing</INSTALLING_TEXT>
<OPTIONAL_SOFTWARE_CANCEL_CONFIRMATION_TEXT>You have additional software to install or update. 
Are you sure you want to exit without installing additional software?</OPTIONAL_SOFTWARE_CANCEL_CONFIRMATION_TEXT>
<CANCELING_TEXT>Canceling</CANCELING_TEXT>
<UNINSTALLING_TEXT>Uninstalling</UNINSTALLING_TEXT>
<INSTALL_COMPLETE_TEXT>The installation completed successfully.</INSTALL_COMPLETE_TEXT>
<DRIVER_INSTALL_COMPLETE_TEXT>The driver installation completed successfully.</DRIVER_INSTALL_COMPLETE_TEXT>
<CANCEL_CONFIRMATION_TEXT>Software installation not complete. 
Are you sure you want to cancel the installation?</CANCEL_CONFIRMATION_TEXT>
<INSTALL_CANCELED_TEXT>Installation was canceled.</INSTALL_CANCELED_TEXT>
<REBOOT_HEADER_TEXT>Reboot Required</REBOOT_HEADER_TEXT>
<USB_REBOOT_TEXT>Reboot required.  To complete the installation, please connect your printer to the computer with a USB cable after rebooting your computer.</USB_REBOOT_TEXT>
<REBOOT_TEXT>You must reboot the system for the installation to complete successfully.</REBOOT_TEXT>
<REBOOT_NOW_TEXT>&amp;Continue with the reboot of the computer now</REBOOT_NOW_TEXT>
<REBOOT_LATER_TEXT>&amp;Manually reboot the computer later</REBOOT_LATER_TEXT>
<SECURITY_TITLE>Security Notification</SECURITY_TITLE>
<SECURITY_TEXT>Permission to access ^OEM^ software is required.

Always allow access to ^OEM^ software for installation.</SECURITY_TEXT>
  <DISCOVERY_TITLE>Select Printer and Driver</DISCOVERY_TITLE>
  <DISCOVERED_DEVICES_TEXT>Connect through a &amp;port discovered on your computer</DISCOVERED_DEVICES_TEXT>
  <DISCOVERED_LIST_COLUMN_SEARCHING>Searching...</DISCOVERED_LIST_COLUMN_SEARCHING>
  <NO_PRINTER_FOUND>No Printer Found</NO_PRINTER_FOUND>
  <DISCOVERED_LIST_COLUMN_MODEL>Model Name</DISCOVERED_LIST_COLUMN_MODEL>
  <DISCOVERED_LIST_COLUMN_IPADDRESS>IP Address</DISCOVERED_LIST_COLUMN_IPADDRESS>
  <DISCOVERED_LIST_COLUMN_PRINTERNAME>Host Name</DISCOVERED_LIST_COLUMN_PRINTERNAME>
  <DISCOVERED_LIST_COLUMN_SCANNER>Scanner</DISCOVERED_LIST_COLUMN_SCANNER>
  <DISCOVERED_LIST_COLUMN_PRINTER>Printer</DISCOVERED_LIST_COLUMN_PRINTER>
  <DISCOVERED_LIST_COLUMN_MACADDRESS>MAC Address</DISCOVERED_LIST_COLUMN_MACADDRESS>
  <SHOW_DEVICE_STATUS_TEXT>Show printer status</SHOW_DEVICE_STATUS_TEXT>
  <MODIFY_SEARCH_TEXT>&amp;My printer is not listed...</MODIFY_SEARCH_TEXT>
  <PRINTER_GROUP_TEXT>Printer</PRINTER_GROUP_TEXT>
  <REFRESH_TEXT>&amp;Refresh</REFRESH_TEXT>
  <ADVANCED_TEXT>&amp;Advanced</ADVANCED_TEXT>
  <YES>Yes</YES>
  <COLOR>Color</COLOR>
  <MONO>Mono</MONO>
  <ADD_NETWORK_PRINTER>Find Printers</ADD_NETWORK_PRINTER>
  <!-- Modify Search Dialog -->
  <LOCAL_SUBNET_SEARCH>&amp;Local Subnet Search</LOCAL_SUBNET_SEARCH>
  <LOCAL_SUBNET_SEARCH_TOOLTIP>Select to search devices on your local network.</LOCAL_SUBNET_SEARCH_TOOLTIP>
  <IP_HOSTNAME_SEARCH>Host / &amp;IP Address Search</IP_HOSTNAME_SEARCH>
  <IP_HOSTNAME_SEARCH_TOOLTIP>Select this option if you know the host name or the IP address of your device.</IP_HOSTNAME_SEARCH_TOOLTIP>
  <SUBNET_SEARCH>&amp;Subnet Search</SUBNET_SEARCH>
  <SUBNET_SEARCH_TOOLTIP>Select to search devices on a remote network.</SUBNET_SEARCH_TOOLTIP>
  <IP_ADDRESS>IP Address</IP_ADDRESS>
  <SUBNET_MASK>Subnet Mask</SUBNET_MASK>    
  <!-- Modify Search Dialog Error Message-->
  <MSG_HOSTNAME_LIMIT>Host Name cannot be greater than 255 characters.</MSG_HOSTNAME_LIMIT>
  <MSG_INVALID_IPHOST_NAME>Not a valid Host Name or IP Address.</MSG_INVALID_IPHOST_NAME>
  <MSG_IP_LIMIT>IP Address cannot be greater than 45 characters.</MSG_IP_LIMIT>
  <MSG_INVALID_IP>Not a valid IP Address.</MSG_INVALID_IP>
  <MSG_INVALID_SUBNET>Not a valid Subnet Address.</MSG_INVALID_SUBNET>
  <MSG_SUBNET_LIMIT>Subnet mask cannot be greater than 45 characters.</MSG_SUBNET_LIMIT>  
  <CONNECT_WITH_USB_TEXT>Connect with a &amp;USB cable</CONNECT_WITH_USB_TEXT>
  <CONNECT_WITH_TRAVELPRINT_TEXT>Connect through &amp;Travel Print</CONNECT_WITH_TRAVELPRINT_TEXT>
  <USB_FINAL_TEXT>The software has been successfully installed.  To complete the installation, please connect your printer to the computer with a USB cable.</USB_FINAL_TEXT>
  <ERROR_TITLE>Installation Error</ERROR_TITLE>
  <ERROR_TEXT>There was an error while installing.  Installation will be canceled. Please try to install again.</ERROR_TEXT>
  <PERMISSION_ERROR_TITLE>Access Denied</PERMISSION_ERROR_TITLE>
  <PERMISSION_ERROR_TEXT>You do not have the required permissions to run the installation software.  Please contact your system administrator.</PERMISSION_ERROR_TEXT>
  <DISK_FULL_ERROR_TITLE>Out of disk space</DISK_FULL_ERROR_TITLE>
  <DISK_FULL_ERROR_TEXT>Please, free space or try another drive.</DISK_FULL_ERROR_TEXT>
  <INSTALL_ALREADY_RUNNING_TITLE>Installation Error</INSTALL_ALREADY_RUNNING_TITLE>
  <INSTALL_ALREADY_RUNNING_TEXT>The Windows Installer is busy installing another application.  Please wait on that installation to finish before running the installer again.</INSTALL_ALREADY_RUNNING_TEXT>
  <MULTIINSTANCE_ERROR_TITLE>Multiple Instance Error</MULTIINSTANCE_ERROR_TITLE>
  <MULTIINSTANCE_ERROR_TEXT>You have another instance of this application open. This instance will be closed.</MULTIINSTANCE_ERROR_TEXT>
  <LICENSE_AGREEMENT>License Agreement</LICENSE_AGREEMENT>
  <LICENSE_SCROLL_TEXT>Please read the following License Agreement. To continue installing the software, you must accept the agreement.</LICENSE_SCROLL_TEXT>
  <SELECT_PORT_TITLE>&amp;Select Port Type</SELECT_PORT_TITLE>
  <BASIC_TEXT>&amp;Basic</BASIC_TEXT>
  <DISCOVERED_PORTS>Discovered Ports on Your Computer</DISCOVERED_PORTS>
  <IP_PORT>Standard IP Port</IP_PORT>	
  <UNC_PORT>UNC Port</UNC_PORT>
  <PRINT_DRIVER_TEXT>Print &amp;Driver Type</PRINT_DRIVER_TEXT>
  <PORT_NAME_TEXT>Port Name</PORT_NAME_TEXT>
  <IP_ADDRESS_TEXT>IP Address or Host Name</IP_ADDRESS_TEXT>
  <NETWORK_PATH_TEXT>Network Path</NETWORK_PATH_TEXT>
  <GEN_ERROR_TITLE>Error</GEN_ERROR_TITLE>
  <DUP_PORT_TEXT>Port name already exists.</DUP_PORT_TEXT>
  <INVALID_NET_PATH_TEXT>Network Path is invalid.</INVALID_NET_PATH_TEXT>
  <PORT_TYPE_TEXT>Port Type</PORT_TYPE_TEXT>
  <FILES_IN_USE_HEADER>Files in Use</FILES_IN_USE_HEADER>
  <RM_FILE_IN_USE_TEXT>The following application is using files that need to be updated by this setup.</RM_FILE_IN_USE_TEXT>
  <FILE_IN_USE_TEXT>The following application is using files that need to be updated by this setup. Close the application and then click Retry to continue the installation or click Cancel to exit the installation.</FILE_IN_USE_TEXT>
  <AUTO_RESTART_TEXT>&amp;Automatically close the current application and attempt to reinstall.</AUTO_RESTART_TEXT>
  <DO_NOT_CLOSE_TEXT>&amp;Skip Installation of current application and continue with Setup.</DO_NOT_CLOSE_TEXT>
  <RETRY_BUTTON>&amp;Retry</RETRY_BUTTON>
  <COMPLETED_TEXT>Completed</COMPLETED_TEXT>
  <CANCELED_TEXT>Canceled</CANCELED_TEXT>
  <UPDATED_TEXT>Updated</UPDATED_TEXT>
  <FAILED_TEXT>Failed</FAILED_TEXT>
  <ERROR_LINK>&amp;View Error Report</ERROR_LINK> 
  <PREPARE_INSTALL_TEXT>Preparing to install</PREPARE_INSTALL_TEXT>
  <CONFIG_SETTINGS_TEXT>Configuration Settings</CONFIG_SETTINGS_TEXT>
  <CONFIG_SETTINGS_BUTTON>C&amp;onfiguration...</CONFIG_SETTINGS_BUTTON>
  <CONFIG_APPLY_FUTURE_TEXT>&amp;Apply to all future installations</CONFIG_APPLY_FUTURE_TEXT>
  <LOAD_FILE>&amp;Load file</LOAD_FILE>
  <NEW_FILE>&amp;New</NEW_FILE>
  <RESET_TEXT>&amp;Reset to Default</RESET_TEXT>
  <INVALID_PATH_TEXT>The filename or path is not valid.</INVALID_PATH_TEXT>
  <REGISTRATION_LINK>&amp;Register Product</REGISTRATION_LINK>
  <DOTNET>.NET Framework</DOTNET>
  <REQUIRED_DEPENDENCY>A required dependency was not installed or failed to install.</REQUIRED_DEPENDENCY> 
  <SW_BYPASS_TITLE>Software Already Installed</SW_BYPASS_TITLE>
  <SW_BYPASS_TEXT>The installer has detected that this software may already be installed.  Select an option below to continue.</SW_BYPASS_TEXT>
  <SW_BYPASS_REINSTALL>&amp;Reinstall driver or add additional driver</SW_BYPASS_REINSTALL>
  <SW_BYPASS_OPTIONAL>&amp;Skip to additional software installation</SW_BYPASS_OPTIONAL>
  <OPTIONAL_SOFTWARE_TITLE>Additional Software</OPTIONAL_SOFTWARE_TITLE>
  <APPS_ONLY_SOFTWARE_TITLE>Available Software</APPS_ONLY_SOFTWARE_TITLE>    
  <SELECT_APPS_ONLY_SOFTWARE_TEXT>&amp;Select available software to install</SELECT_APPS_ONLY_SOFTWARE_TEXT>
  <SELECT_SOFTWARE_TEXT>&amp;Select additional software to install</SELECT_SOFTWARE_TEXT>
  <PRODUCT_NAME_COLUMN_HEADER>Application Name</PRODUCT_NAME_COLUMN_HEADER>
  <VERSION_COLUMN_HEADER>Version</VERSION_COLUMN_HEADER>
  <SIZE_COLUMN_HEADER>Size</SIZE_COLUMN_HEADER>
  <SOFTWARE_DESCRIPTION_TITLE>Software &amp;description</SOFTWARE_DESCRIPTION_TITLE>
  <NEWER_VERSION_INSTALLED_TEXT>A newer or same version of the application is already installed.</NEWER_VERSION_INSTALLED_TEXT>
  <CONTINUE_FINAL_TEXT>Click Continue button to select Additional Software components or click Finish to exit the installer.</CONTINUE_FINAL_TEXT>
  <CONTINUE_BUTTON>&amp;Continue</CONTINUE_BUTTON>
  <ALREADY_INSTALLED_TEXT>Already installed</ALREADY_INSTALLED_TEXT>
  <LBL_LOCALIZED_AND>and</LBL_LOCALIZED_AND>
  <OPTIONAL_DISCOVERY_TITLE>Choose your device</OPTIONAL_DISCOVERY_TITLE>
  <EMPTY_DRIVERCONFIG_PATH>Path cannot be empty.</EMPTY_DRIVERCONFIG_PATH>
  <DEPENDENTAPPS_DESCRIPTION>{1} includes the following component(s) for full functionality:</DEPENDENTAPPS_DESCRIPTION>
  <NOT_SUPPORTED_TEXT>Not Supported</NOT_SUPPORTED_TEXT>
  <NOT_SUPPORTED_MESSAGE_TEXT>Scan drivers are not supported in older versions of Windows.</NOT_SUPPORTED_MESSAGE_TEXT>
</STRINGS>
</STRING_TABLE>