﻿<?xml version="1.0" encoding="UTF-8"?>

<STRING_TABLE>
<ISO_LANGUAGE_ID>es</ISO_LANGUAGE_ID>
<READING_ORDER>LTR</READING_ORDER>
<CODE_PAGE>1252</CODE_PAGE>
<LANGUAGE_ID>1034</LANGUAGE_ID>
<STRINGS>
  <CANCEL_BUTTON>&amp;Cancelar</CANCEL_BUTTON>
  <OK_BUTTON>&amp;Aceptar</OK_BUTTON>
  <INSTALL_BUTTON>&amp;Instalar</INSTALL_BUTTON>
  <NEXT_BUTTON>Si&amp;guiente</NEXT_BUTTON>
  <EXIT_BUTTON>&amp;Salir</EXIT_BUTTON>
  <BACK_BUTTON>A&amp;trás</BACK_BUTTON>
  <HELP_BUTTON>A&amp;yuda</HELP_BUTTON>
  <DISAGREE_BUTTON>&amp;Rechazar</DISAGREE_BUTTON>
  <AGREE_BUTTON>&amp;Aceptar</AGREE_BUTTON>
  <FINISH_BUTTON>&amp;Terminar</FINISH_BUTTON>
  <INSTALL_TITLE>^PRODUCT_NAME^ Instalador</INSTALL_TITLE>
  <WELCOME_HEADER>Bienvenido al Instalador de ^PRODUCT_NAME^</WELCOME_HEADER>
  <WELCOME_TEXT>Haga clic en Instalar para continuar o en Cancelar para salir del instalador.</WELCOME_TEXT>
  <INFOCENTER_LINK_LABEL>Iniciar centro de información del producto</INFOCENTER_LINK_LABEL>
  <PRODUCT_REGISTRATION_LINK_LABEL>Registrar una impresora</PRODUCT_REGISTRATION_LINK_LABEL>
  <DISCOVERY_INFOCENTER_LINK_LABEL>Centro de información {0}</DISCOVERY_INFOCENTER_LINK_LABEL>
  <MANUFACTURER_TEXT>Elija el fabricante</MANUFACTURER_TEXT>
  <MANUFACTURER_LABEL>&amp;Seleccionar un fabricante:</MANUFACTURER_LABEL>
  <INSTALL_PATH_LABEL_TEXT>Ruta de instalación</INSTALL_PATH_LABEL_TEXT>
  <INSTALLING_TEXT>Instalando</INSTALLING_TEXT>
  <OPTIONAL_SOFTWARE_CANCEL_CONFIRMATION_TEXT>Tiene software opcional para instalar o actualizar.
¿Está seguro de que desea salir sin instalar el software adicional?</OPTIONAL_SOFTWARE_CANCEL_CONFIRMATION_TEXT>
  <CANCELING_TEXT>Cancelando</CANCELING_TEXT>
  <UNINSTALLING_TEXT>Desinstalando</UNINSTALLING_TEXT>
  <INSTALL_SUCCESS_HEADING_TEXT>Instalación correcta</INSTALL_SUCCESS_HEADING_TEXT>
  <INSTALL_COMPLETE_TEXT>La instalación se ha realizado correctamente</INSTALL_COMPLETE_TEXT>
  <DRIVER_INSTALL_COMPLETE_TEXT>La instalación del controlador se ha realizado correctamente.</DRIVER_INSTALL_COMPLETE_TEXT>
  <CANCEL_CONFIRMATION_TEXT>Instalación de software no finalizada.
¿Está seguro de que desea cancelar la instalación?</CANCEL_CONFIRMATION_TEXT>
  <INSTALL_CANCELED_TEXT>Se canceló la instalación.</INSTALL_CANCELED_TEXT>
  <INSTALL_CANCELED_HEADING_TEXT>Instalación cancelada</INSTALL_CANCELED_HEADING_TEXT> 
  <REBOOT_HEADER_TEXT>Es necesario reiniciar</REBOOT_HEADER_TEXT>
  <USB_REBOOT_TEXT>Es necesario reiniciar el sistema. Para finalizar la instalación, conecte la impresora al equipo con un cable USB después de reiniciarlo.</USB_REBOOT_TEXT>
  <REBOOT_TEXT>Debe reiniciar el sistema para que la instalación finalice correctamente.</REBOOT_TEXT>
  <REBOOT_NOW_TEXT>&amp;Continuar con el proceso de reinicio del equipo</REBOOT_NOW_TEXT>
  <REBOOT_LATER_TEXT>&amp;Reiniciar el equipo más tarde de forma manual</REBOOT_LATER_TEXT>
  <SECURITY_TITLE>Notificación de seguridad</SECURITY_TITLE>
  <SECURITY_TEXT>Se necesita permiso para acceder al software ^OEM^.

Permitir en todo momento el acceso al software ^OEM^ para la instalación.</SECURITY_TEXT>
  <DISCOVERY_TITLE>Seleccionar impresora y controlador</DISCOVERY_TITLE>
  <DISCOVERED_DEVICES_TEXT>Conectar a través de un &amp;puerto detectado en el equipo</DISCOVERED_DEVICES_TEXT>
  <DISCOVERED_DEVICES_LIST>Impresoras detectadas</DISCOVERED_DEVICES_LIST>
  <DISCOVERED_LIST_COLUMN_SEARCHING>Buscando...</DISCOVERED_LIST_COLUMN_SEARCHING>
  <NO_PRINTER_FOUND>No se ha encontrado la impresora</NO_PRINTER_FOUND>
  <DISCOVERED_LIST_COLUMN_MODEL>Nombre de modelo</DISCOVERED_LIST_COLUMN_MODEL>
  <DISCOVERED_LIST_COLUMN_IPADDRESS>Dirección IP</DISCOVERED_LIST_COLUMN_IPADDRESS>
  <DISCOVERED_LIST_COLUMN_PRINTERNAME>Nombre de host</DISCOVERED_LIST_COLUMN_PRINTERNAME>
  <DISCOVERED_LIST_COLUMN_SCANNER>Escáner</DISCOVERED_LIST_COLUMN_SCANNER>
  <DISCOVERED_LIST_COLUMN_PRINTER>Impresora</DISCOVERED_LIST_COLUMN_PRINTER>
  <DISCOVERED_LIST_COLUMN_MACADDRESS>Dirección MAC</DISCOVERED_LIST_COLUMN_MACADDRESS>
  <SHOW_DEVICE_STATUS_TEXT>Mostrar estado de la impresora</SHOW_DEVICE_STATUS_TEXT>
  <MODIFY_SEARCH_TEXT>&amp;Mi impresora no aparece...</MODIFY_SEARCH_TEXT>
  <PRINTER_GROUP_TEXT>Impresora</PRINTER_GROUP_TEXT>
  <REFRESH_TEXT>&amp;Actualizar</REFRESH_TEXT>
  <ADVANCED_TEXT>Ava&amp;nzada</ADVANCED_TEXT>
  <YES>Sí</YES>
  <COLOR>Color</COLOR>
  <MONO>Mono</MONO>
  <ADD_NETWORK_PRINTER>Buscar impresoras</ADD_NETWORK_PRINTER>
  <LOCAL_SUBNET_SEARCH>Búsqueda de subred &amp;local</LOCAL_SUBNET_SEARCH>
  <LOCAL_SUBNET_SEARCH_TOOLTIP>Seleccione esta opción para buscar dispositivos en su red local.</LOCAL_SUBNET_SEARCH_TOOLTIP>
  <IP_HOSTNAME_SEARCH>Búsqueda de dirección &amp;IP/host</IP_HOSTNAME_SEARCH>
  <IP_HOSTNAME_SEARCH_TOOLTIP>Seleccione esta opción si sabe cuál es el nombre de host o la dirección IP del dispositivo.</IP_HOSTNAME_SEARCH_TOOLTIP>
  <SUBNET_SEARCH>Búsqueda de &amp;subred</SUBNET_SEARCH>
  <SUBNET_SEARCH_TOOLTIP>Seleccione esta opción para buscar dispositivos en una red remota.</SUBNET_SEARCH_TOOLTIP>
  <IP_ADDRESS>Dirección IP</IP_ADDRESS>
  <SUBNET_MASK>Máscara de subred</SUBNET_MASK>
  <MSG_HOSTNAME_LIMIT>El nombre de host no puede superar los 255 caracteres.</MSG_HOSTNAME_LIMIT>
  <MSG_INVALID_IPHOST_NAME>Dirección IP o nombre de host no válidos.</MSG_INVALID_IPHOST_NAME>
  <MSG_IP_LIMIT>La dirección IP no puede superar los 45 caracteres.</MSG_IP_LIMIT>
  <MSG_INVALID_IP>Dirección IP no válida.</MSG_INVALID_IP>
  <MSG_INVALID_SUBNET>Dirección de subred no válida.</MSG_INVALID_SUBNET>
  <MSG_SUBNET_LIMIT>La máscara de subred no puede superar los 45 caracteres.</MSG_SUBNET_LIMIT>
  <CONNECT_WITH_USB_TEXT>Conectar con un cable &amp;USB.</CONNECT_WITH_USB_TEXT>
  <CONNECT_WITH_TRAVELPRINT_TEXT>Conexión con &amp;Travel Print.</CONNECT_WITH_TRAVELPRINT_TEXT>
  <USB_FINAL_TEXT>El software se ha instalado correctamente. Para finalizar la instalación, conecte la impresora al equipo con un cable USB.</USB_FINAL_TEXT>
  <ERROR_TITLE>Error de instalación</ERROR_TITLE>
  <ERROR_TEXT>Se ha producido un error en el servidor durante la instalación. Se cancelará la instalación. Intente instalar de nuevo.</ERROR_TEXT>
  <PERMISSION_ERROR_TITLE>Acceso denegado</PERMISSION_ERROR_TITLE>
  <PERMISSION_ERROR_TEXT>No dispone de los permisos necesarios para ejecutar el software de instalación. Póngase en contacto con el administrador del sistema.</PERMISSION_ERROR_TEXT>
  <DISK_FULL_ERROR_TITLE>Espacio en disco insuficiente</DISK_FULL_ERROR_TITLE>
  <DISK_FULL_ERROR_TEXT>Libere espacio o pruebe con otra unidad.</DISK_FULL_ERROR_TEXT>
  <INSTALL_ALREADY_RUNNING_TITLE>Error de instalación</INSTALL_ALREADY_RUNNING_TITLE>
  <INSTALL_ALREADY_RUNNING_TEXT>El Instalador de Windows está ocupado instalando otra aplicación. Espere a que acabe antes de ejecutar el instalador de nuevo.</INSTALL_ALREADY_RUNNING_TEXT>
  <MULTIINSTANCE_ERROR_TITLE>Error de varias instancias</MULTIINSTANCE_ERROR_TITLE>
  <MULTIINSTANCE_ERROR_TEXT>Otra instancia de esta aplicación está abierta. Se cerrará la instancia.</MULTIINSTANCE_ERROR_TEXT>
  <LICENSE_AGREEMENT>Acuerdo de licencia</LICENSE_AGREEMENT>
  <LICENSE_SCROLL_TEXT>Lea el siguiente acuerdo de licencia. Para seguir instalando el software, debe aceptar el acuerdo.</LICENSE_SCROLL_TEXT>
  <SELECT_PORT_TITLE>&amp;Seleccionar tipo de puerto</SELECT_PORT_TITLE>
  <BASIC_TEXT>&amp;Básicas</BASIC_TEXT>
  <DISCOVERED_PORTS>Puertos detectados en el equipo</DISCOVERED_PORTS>
  <IP_PORT>Puerto IP estándar</IP_PORT>	
  <UNC_PORT>Puerto conforme a la UNC</UNC_PORT>
  <PRINT_DRIVER_TEXT>&amp;Tipo de controlador de impresión</PRINT_DRIVER_TEXT>
  <PORT_NAME_TEXT>Nombre del puerto</PORT_NAME_TEXT>
  <IP_ADDRESS_TEXT>Dirección IP o nombre de host</IP_ADDRESS_TEXT>
  <NETWORK_PATH_TEXT>Ruta de red</NETWORK_PATH_TEXT>
  <GEN_ERROR_TITLE>Error</GEN_ERROR_TITLE>
  <DUP_PORT_TEXT>El nombre del puerto ya existe.</DUP_PORT_TEXT>
  <INVALID_NET_PATH_TEXT>La ruta de red no es válida.</INVALID_NET_PATH_TEXT>
  <PORT_TYPE_TEXT>Tipo de puerto</PORT_TYPE_TEXT>
  <FILES_IN_USE_HEADER>Archivos en uso</FILES_IN_USE_HEADER>
  <RM_FILE_IN_USE_TEXT>La siguiente aplicación está utilizando archivos que esta configuración debe actualizar.</RM_FILE_IN_USE_TEXT>
  <FILE_IN_USE_TEXT>La siguiente aplicación está utilizando archivos que deben actualizarse mediante esta configuración. Cierre la aplicación y haga clic en Reintentar para continuar con la instalación o en Cancelar para salir de esta.</FILE_IN_USE_TEXT>
  <AUTO_RESTART_TEXT>&amp;Cerrar automáticamente la aplicación actual e intentar volver a realizar la instalación.</AUTO_RESTART_TEXT>
  <DO_NOT_CLOSE_TEXT>Omitir la in&amp;stalación de la aplicación actual y continuar con la configuración.</DO_NOT_CLOSE_TEXT>
  <APPLICATION>Aplicación </APPLICATION>
  <IGNORE_BUTTON>Omitir</IGNORE_BUTTON>
  <RETRY_BUTTON>Reintentar</RETRY_BUTTON>
  <COMPLETED_TEXT>Completado</COMPLETED_TEXT>
  <CANCELED_TEXT>Cancelado</CANCELED_TEXT>
  <UPDATED_TEXT>Actualizado</UPDATED_TEXT>
  <FAILED_TEXT>Error</FAILED_TEXT>
  <ERROR_LINK>&amp;Ver informe de errores</ERROR_LINK> 
  <PREPARE_INSTALL_TEXT>Preparando la instalación</PREPARE_INSTALL_TEXT>
  <SOFTWARE_PATH_TEXT>Seleccionar una opción a continuación</SOFTWARE_PATH_TEXT>
  <ADD_ADDITIONAL_PRINTER_TEXT>Agregar impresora adicional</ADD_ADDITIONAL_PRINTER_TEXT>
  <VIEW_SOFTWARE_OPTIONS_TEXT>Ver opciones de software</VIEW_SOFTWARE_OPTIONS_TEXT>
  <CONFIG_SETTINGS_TEXT>Valores de configuración</CONFIG_SETTINGS_TEXT>
  <CONFIG_SETTINGS_BUTTON>C&amp;onfiguración...</CONFIG_SETTINGS_BUTTON>
  <CONFIG_APPLY_FUTURE_TEXT>&amp;Aplicar a todas las instalaciones posteriores</CONFIG_APPLY_FUTURE_TEXT>
  <LOAD_FILE>&amp;Cargar archivo</LOAD_FILE>
  <NEW_FILE>&amp;Nuevo</NEW_FILE>
  <RESET_TEXT>&amp;Restablecer valores predeterminados</RESET_TEXT>
  <INVALID_PATH_TEXT>El nombre de archivo o la ruta no son válidos.</INVALID_PATH_TEXT>
  <REGISTRATION_LINK>&amp;Registrar producto</REGISTRATION_LINK>
  <DOTNET>.NET Framework</DOTNET>
  <REQUIRED_DEPENDENCY>No se ha instalado ninguna dependencia obligatoria o se ha producido un error al instalarla.</REQUIRED_DEPENDENCY> 
  <SW_BYPASS_TITLE>El software ya está instalado</SW_BYPASS_TITLE>
  <SW_BYPASS_TEXT>El instalador ha detectado que es posible que el software ya esté instalado. Seleccione una de las siguientes opciones para continuar.</SW_BYPASS_TEXT>
  <SW_BYPASS_REINSTALL>&amp;Volver a instalar el controlador o añadir uno adicional</SW_BYPASS_REINSTALL>
  <SW_BYPASS_OPTIONAL>&amp;Saltar a la instalación de software adicional</SW_BYPASS_OPTIONAL>
  <OPTIONAL_SOFTWARE_TITLE>Software adicional</OPTIONAL_SOFTWARE_TITLE>
  <APPS_ONLY_SOFTWARE_TITLE>Software disponible</APPS_ONLY_SOFTWARE_TITLE>  
  <SELECT_APPS_ONLY_SOFTWARE_TEXT>&amp;Seleccionar software para instalar</SELECT_APPS_ONLY_SOFTWARE_TEXT>
  <SELECT_SOFTWARE_TEXT>&amp;Seleccione el software adicional que desee instalar</SELECT_SOFTWARE_TEXT>
  <PRODUCT_NAME_COLUMN_HEADER>Nombre de la aplicación</PRODUCT_NAME_COLUMN_HEADER>
  <VERSION_COLUMN_HEADER>Versión</VERSION_COLUMN_HEADER>
  <SIZE_COLUMN_HEADER>Tamaño</SIZE_COLUMN_HEADER>
  <SOFTWARE_DESCRIPTION_TITLE>Descripción d&amp;el software</SOFTWARE_DESCRIPTION_TITLE>
  <NEWER_VERSION_INSTALLED_TEXT>Ya se ha instalado esta versión de la aplicación o una más reciente.</NEWER_VERSION_INSTALLED_TEXT>
  <CONTINUE_FINAL_TEXT>Haga clic en Continuar para seleccionar componentes de software adicionales o haga clic en Finalizar para salir del instalador.</CONTINUE_FINAL_TEXT>
  <CONTINUE_BUTTON>&amp;Continuar</CONTINUE_BUTTON>
  <ALREADY_INSTALLED_TEXT>Ya está instalado.</ALREADY_INSTALLED_TEXT>
  <LBL_ADDITIONAL_SOFTWARE>&amp;Instalar software adicional</LBL_ADDITIONAL_SOFTWARE>
  <LBL_LOCALIZED_AND>y</LBL_LOCALIZED_AND>
  <OPTIONAL_DISCOVERY_TITLE>Elija su dispositivo</OPTIONAL_DISCOVERY_TITLE>
  <EMPTY_DRIVERCONFIG_PATH>La ruta no puede estar vacía.</EMPTY_DRIVERCONFIG_PATH>
  <DEPENDENTAPPS_DESCRIPTION>{1} incluye los componentes siguientes para una funcionalidad completa:</DEPENDENTAPPS_DESCRIPTION>
  <NOT_SUPPORTED_TEXT>No compatible</NOT_SUPPORTED_TEXT>
  <NOT_SUPPORTED_MESSAGE_TEXT>Los controladores de digitalización no son compatibles con las versiones anteriores de Windows.</NOT_SUPPORTED_MESSAGE_TEXT>
</STRINGS>
</STRING_TABLE>