﻿<?xml version="1.0" encoding="UTF-8"?>
<STRING_TABLE>
<ISO_LANGUAGE_ID>fi</ISO_LANGUAGE_ID>
<READING_ORDER>LTR</READING_ORDER>
<CODE_PAGE>1252</CODE_PAGE>
<LANGUAGE_ID>1035</LANGUAGE_ID>
<STRINGS>
  <CANCEL_BUTTON>&amp;Peruuta</CANCEL_BUTTON>
  <OK_BUTTON>&amp;OK</OK_BUTTON>
  <INSTALL_BUTTON>&amp;Asenna</INSTALL_BUTTON>
  <NEXT_BUTTON>&amp;Seuraava</NEXT_BUTTON>
  <EXIT_BUTTON>&amp;Lopeta</EXIT_BUTTON>
  <BACK_BUTTON>&amp;Takaisin</BACK_BUTTON>
  <HELP_BUTTON>Oh&amp;je</HELP_BUTTON>
  <DISAGREE_BUTTON>&amp;En hyväksy</DISAGREE_BUTTON>
  <AGREE_BUTTON>&amp;Hyväksy</AGREE_BUTTON>
  <FINISH_BUTTON>&amp;Valmis</FINISH_BUTTON>
  <INSTALL_TITLE>^PRODUCT_NAME^-asennusohjelma</INSTALL_TITLE>
  <WELCOME_HEADER>Tervetuloa ^PRODUCT_NAME^ -asennusohjelmaan</WELCOME_HEADER>
  <WELCOME_TEXT>Jatka napsauttamalla Asenna tai poistu asennusohjelmasta napsauttamalla Peruuta.</WELCOME_TEXT>
  <INFOCENTER_LINK_LABEL>Käynnistä Tuotetietokeskus</INFOCENTER_LINK_LABEL>
  <PRODUCT_REGISTRATION_LINK_LABEL>Rekisteröi tulostin</PRODUCT_REGISTRATION_LINK_LABEL>
  <DISCOVERY_INFOCENTER_LINK_LABEL>{0}-tietokeskus</DISCOVERY_INFOCENTER_LINK_LABEL>
  <MANUFACTURER_TEXT>Valitse valmistaja</MANUFACTURER_TEXT>
  <MANUFACTURER_LABEL>&amp;Valitse valmistaja:</MANUFACTURER_LABEL>
  <INSTALL_PATH_LABEL_TEXT>Asennuspolku</INSTALL_PATH_LABEL_TEXT>
  <INSTALLING_TEXT>Asennus</INSTALLING_TEXT>
  <OPTIONAL_SOFTWARE_CANCEL_CONFIRMATION_TEXT>Sinulla on lisäohjelmistoja asennettavina tai päivitettävinä.
Haluatko varmasti lopettaa asentamatta lisäohjelmistoa?</OPTIONAL_SOFTWARE_CANCEL_CONFIRMATION_TEXT>
  <CANCELING_TEXT>Peruutetaan</CANCELING_TEXT>
  <UNINSTALLING_TEXT>Poistetaan</UNINSTALLING_TEXT>
  <INSTALL_SUCCESS_HEADING_TEXT>Asennus onnistui</INSTALL_SUCCESS_HEADING_TEXT>
  <INSTALL_COMPLETE_TEXT>Asennus onnistui.</INSTALL_COMPLETE_TEXT>
  <DRIVER_INSTALL_COMPLETE_TEXT>Ohjain asennettu.</DRIVER_INSTALL_COMPLETE_TEXT>
  <CANCEL_CONFIRMATION_TEXT>Ohjelmiston asennus on kesken.
Haluatko varmasti peruuttaa asennuksen?</CANCEL_CONFIRMATION_TEXT>
  <INSTALL_CANCELED_TEXT>Asennus peruutettiin.</INSTALL_CANCELED_TEXT>
  <INSTALL_CANCELED_HEADING_TEXT>Asennus peruutettu</INSTALL_CANCELED_HEADING_TEXT> 
  <REBOOT_HEADER_TEXT>Uudelleenkäynnistys tarvitaan</REBOOT_HEADER_TEXT>
  <USB_REBOOT_TEXT>Tietokone on käynnistettävä uudelleen. Päätä asennus kytkemällä tulostin tietokoneeseen USB-kaapelilla, kun olet käynnistänyt tietokoneen uudelleen.</USB_REBOOT_TEXT>
  <REBOOT_TEXT>Asennus on viimeisteltävä käynnistämällä järjestelmä uudelleen.</REBOOT_TEXT>
  <REBOOT_NOW_TEXT>J&amp;atka käynnistämällä tietokone uudelleen nyt</REBOOT_NOW_TEXT>
  <REBOOT_LATER_TEXT>&amp;Käynnistä tietokone uudelleen myöhemmin manuaalisesti</REBOOT_LATER_TEXT>
  <SECURITY_TITLE>Tietosuojailmoitus</SECURITY_TITLE>
  <SECURITY_TEXT>^OEM^ -ohjelmiston käyttöoikeus vaaditaan.

Salli aina ^OEM^ -ohjelmiston käyttöoikeus asennusta varten.</SECURITY_TEXT>
  <DISCOVERY_TITLE>Valitse tulostin ja ohjain</DISCOVERY_TITLE>
  <DISCOVERED_DEVICES_TEXT>Yhdistä tieto&amp;koneesta havaitun portin kautta</DISCOVERED_DEVICES_TEXT>
  <DISCOVERED_DEVICES_LIST>Löytyneet tulostimet</DISCOVERED_DEVICES_LIST>
  <DISCOVERED_LIST_COLUMN_SEARCHING>Etsitään...</DISCOVERED_LIST_COLUMN_SEARCHING>
  <NO_PRINTER_FOUND>Yhtään tulostinta ei löytynyt</NO_PRINTER_FOUND>
  <DISCOVERED_LIST_COLUMN_MODEL>Mallinimi</DISCOVERED_LIST_COLUMN_MODEL>
  <DISCOVERED_LIST_COLUMN_IPADDRESS>IP-osoite</DISCOVERED_LIST_COLUMN_IPADDRESS>
  <DISCOVERED_LIST_COLUMN_PRINTERNAME>Palvelimen nimi</DISCOVERED_LIST_COLUMN_PRINTERNAME>
  <DISCOVERED_LIST_COLUMN_SCANNER>Skannausyksikkö</DISCOVERED_LIST_COLUMN_SCANNER>
  <DISCOVERED_LIST_COLUMN_PRINTER>Tulostin</DISCOVERED_LIST_COLUMN_PRINTER>
  <DISCOVERED_LIST_COLUMN_MACADDRESS>MAC-osoite</DISCOVERED_LIST_COLUMN_MACADDRESS>
  <SHOW_DEVICE_STATUS_TEXT>Näytä tulostimen tila</SHOW_DEVICE_STATUS_TEXT>
  <MODIFY_SEARCH_TEXT>T&amp;ulostintani ei ole luettelossa...</MODIFY_SEARCH_TEXT>
  <PRINTER_GROUP_TEXT>Tulostin</PRINTER_GROUP_TEXT>
  <REFRESH_TEXT>&amp;Päivitä</REFRESH_TEXT>
  <ADVANCED_TEXT>&amp;Lisäasetukset</ADVANCED_TEXT>
  <YES>Kyllä</YES>
  <COLOR>Väri</COLOR>
  <MONO>Mono</MONO>
  <ADD_NETWORK_PRINTER>Etsi tulostimia</ADD_NETWORK_PRINTER>
  <LOCAL_SUBNET_SEARCH>Haku paikallisesta a&amp;liverkosta</LOCAL_SUBNET_SEARCH>
  <LOCAL_SUBNET_SEARCH_TOOLTIP>Valitse tämä, jos haluat etsiä laitteita lähiverkosta.</LOCAL_SUBNET_SEARCH_TOOLTIP>
  <IP_HOSTNAME_SEARCH>Palvelimen tai &amp;IP-osoitteen haku</IP_HOSTNAME_SEARCH>
  <IP_HOSTNAME_SEARCH_TOOLTIP>Valitse tämä, jos tiedät laitteesi palvelimen nimen tai IP-osoitteen.</IP_HOSTNAME_SEARCH_TOOLTIP>
  <SUBNET_SEARCH>Haku aliverko&amp;sta</SUBNET_SEARCH>
  <SUBNET_SEARCH_TOOLTIP>Valitse tämä, jos haluat etsiä laitteita etäverkosta.</SUBNET_SEARCH_TOOLTIP>
  <IP_ADDRESS>IP-osoite</IP_ADDRESS>
  <SUBNET_MASK>Aliverkon peite</SUBNET_MASK>
  <MSG_HOSTNAME_LIMIT>Palvelimen nimen enimmäispituus on 255 merkkiä.</MSG_HOSTNAME_LIMIT>
  <MSG_INVALID_IPHOST_NAME>Palvelimen nimi tai IP-osoite ei kelpaa.</MSG_INVALID_IPHOST_NAME>
  <MSG_IP_LIMIT>IP-osoitteen enimmäispituus on 45 merkkiä.</MSG_IP_LIMIT>
  <MSG_INVALID_IP>IP-osoite ei kelpaa.</MSG_INVALID_IP>
  <MSG_INVALID_SUBNET>Aliverkon osoite ei kelpaa.</MSG_INVALID_SUBNET>
  <MSG_SUBNET_LIMIT>Aliverkon peitteen enimmäispituus on 45 merkkiä.</MSG_SUBNET_LIMIT>
  <CONNECT_WITH_USB_TEXT>&amp;Yhdistä USB-kaapelilla.</CONNECT_WITH_USB_TEXT>
  <CONNECT_WITH_TRAVELPRINT_TEXT>Yhdistä &amp;Matkatulostus -ratkaisulla.</CONNECT_WITH_TRAVELPRINT_TEXT>
  <USB_FINAL_TEXT>Ohjelmiston asennus onnistui. Päätä asennus kytkemällä tulostin tietokoneeseen USB-kaapelilla.</USB_FINAL_TEXT>
  <ERROR_TITLE>Asennusvirhe</ERROR_TITLE>
  <ERROR_TEXT>Asennuksen aikana tapahtui virhe. Asennus peruutetaan. Yritä asentaa uudelleen.</ERROR_TEXT>
  <PERMISSION_ERROR_TITLE>Käyttö estetty</PERMISSION_ERROR_TITLE>
  <PERMISSION_ERROR_TEXT>Sinulla ei ole vaadittuja oikeuksia asennusohjelmiston suorittamiseen. Ota yhteyttä järjestelmän pääkäyttäjään.</PERMISSION_ERROR_TEXT>
  <DISK_FULL_ERROR_TITLE>Levytilaa ei ole</DISK_FULL_ERROR_TITLE>
  <DISK_FULL_ERROR_TEXT>Vapauta tilaa tai kokeile toista asemaa.</DISK_FULL_ERROR_TEXT>
  <INSTALL_ALREADY_RUNNING_TITLE>Asennusvirhe</INSTALL_ALREADY_RUNNING_TITLE>
  <INSTALL_ALREADY_RUNNING_TEXT>Windowsin asennusohjelma asentaa parhaillaan toista sovellusta. Odota asennuksen päättymistä ennen asennusohjelman suorittamista uudelleen.</INSTALL_ALREADY_RUNNING_TEXT>
  <MULTIINSTANCE_ERROR_TITLE>Useiden esiintymien virhe</MULTIINSTANCE_ERROR_TITLE>
  <MULTIINSTANCE_ERROR_TEXT>Tämän sovelluksen toinen instanssi on auki. Tämä instanssi suljetaan.</MULTIINSTANCE_ERROR_TEXT>
  <LICENSE_AGREEMENT>Käyttöoikeussopimus</LICENSE_AGREEMENT>
  <LICENSE_SCROLL_TEXT>Lue seuraava käyttöoikeussopimus. Ohjelmiston asentaminen edellyttää tämän sopimuksen hyväksymistä.</LICENSE_SCROLL_TEXT>
  <SELECT_PORT_TITLE>&amp;Valitse portin tyyppi</SELECT_PORT_TITLE>
  <BASIC_TEXT>Perush&amp;aku</BASIC_TEXT>
  <DISCOVERED_PORTS>Tietokoneesta löydetyt portit</DISCOVERED_PORTS>
  <IP_PORT>Tavallinen IP-portti</IP_PORT>	
  <UNC_PORT>UNC-portti</UNC_PORT>
  <PRINT_DRIVER_TEXT>Tulost&amp;inohjaimen tyyppi</PRINT_DRIVER_TEXT>
  <PORT_NAME_TEXT>Portin nimi</PORT_NAME_TEXT>
  <IP_ADDRESS_TEXT>IP-osoite tai palvelimen nimi</IP_ADDRESS_TEXT>
  <NETWORK_PATH_TEXT>Verkkopolku</NETWORK_PATH_TEXT>
  <GEN_ERROR_TITLE>Virhe</GEN_ERROR_TITLE>
  <DUP_PORT_TEXT>Portin nimi on jo olemassa.</DUP_PORT_TEXT>
  <INVALID_NET_PATH_TEXT>Verkkopolku ei kelpaa.</INVALID_NET_PATH_TEXT>
  <PORT_TYPE_TEXT>Portin laji</PORT_TYPE_TEXT>
  <FILES_IN_USE_HEADER>Tiedostot käytössä</FILES_IN_USE_HEADER>
  <RM_FILE_IN_USE_TEXT>Seuraava sovellus käyttää tiedostoja, jotka tämän asennusohjelman on päivitettävä.</RM_FILE_IN_USE_TEXT>
  <FILE_IN_USE_TEXT>Seuraava sovellus käyttää tiedostoja, jotka tämän asennusohjelman on päivitettävä. Sulje sovellus ja jatka sitten asennusta napsauttamalla Yritä uudelleen tai poistu asennuksesta napsauttamalla Peruuta.</FILE_IN_USE_TEXT>
  <AUTO_RESTART_TEXT>Sulje nykyinen sovellus &amp;automaattisesti ja yritä asentaa se uudelleen.</AUTO_RESTART_TEXT>
  <DO_NOT_CLOSE_TEXT>Ohita nykyisen &amp;sovelluksen asennus ja jatka asetusten määrittämistä.</DO_NOT_CLOSE_TEXT>
  <APPLICATION>Sovellus </APPLICATION>
  <IGNORE_BUTTON>Ohita</IGNORE_BUTTON>
  <RETRY_BUTTON>Yritä uudelleen</RETRY_BUTTON>
  <COMPLETED_TEXT>Valmis</COMPLETED_TEXT>
  <CANCELED_TEXT>Peruutettu</CANCELED_TEXT>
  <UPDATED_TEXT>Päivitetty</UPDATED_TEXT>
  <FAILED_TEXT>Epäonnistui</FAILED_TEXT>
  <ERROR_LINK>&amp;Näytä virheraportti</ERROR_LINK> 
  <PREPARE_INSTALL_TEXT>Asennusta valmistellaan</PREPARE_INSTALL_TEXT>
  <SOFTWARE_PATH_TEXT>Valitse vaihtoehto alta</SOFTWARE_PATH_TEXT>
  <ADD_ADDITIONAL_PRINTER_TEXT>Lisää toinen tulostin</ADD_ADDITIONAL_PRINTER_TEXT>
  <VIEW_SOFTWARE_OPTIONS_TEXT>Näytä ohjelmistoasetukset</VIEW_SOFTWARE_OPTIONS_TEXT>
  <CONFIG_SETTINGS_TEXT>Kokoonpanoasetukset</CONFIG_SETTINGS_TEXT>
  <CONFIG_SETTINGS_BUTTON>Määr&amp;itykset...</CONFIG_SETTINGS_BUTTON>
  <CONFIG_APPLY_FUTURE_TEXT>&amp;Käytä kaikissa tulevissa asennuksissa</CONFIG_APPLY_FUTURE_TEXT>
  <LOAD_FILE>&amp;Lataa tiedosto</LOAD_FILE>
  <NEW_FILE>&amp;Uutta</NEW_FILE>
  <RESET_TEXT>Pa&amp;lauta oletusasetukset</RESET_TEXT>
  <INVALID_PATH_TEXT>Tiedoston nimi tai polku ei kelpaa</INVALID_PATH_TEXT>
  <REGISTRATION_LINK>&amp;Rekisteröi tuote</REGISTRATION_LINK>
  <DOTNET>.NET Framework</DOTNET>
  <REQUIRED_DEPENDENCY>Tarvittavaa riippuvuutta ei asennettu tai sen asennus epäonnistui.</REQUIRED_DEPENDENCY> 
  <SW_BYPASS_TITLE>Ohjelmisto on jo asennettu</SW_BYPASS_TITLE>
  <SW_BYPASS_TEXT>Asennusohjelma havaitsi, että ohjelmisto on ehkä jo asennettu. Jatka valitsemalla jokin alla olevista lisäasetuksista.</SW_BYPASS_TEXT>
  <SW_BYPASS_REINSTALL>&amp;Asenna ohjain tai lisää toinen ohjain</SW_BYPASS_REINSTALL>
  <SW_BYPASS_OPTIONAL>Siirry &amp;lisäohjelmiston asennukseen</SW_BYPASS_OPTIONAL>
  <OPTIONAL_SOFTWARE_TITLE>Lisäohjelmisto</OPTIONAL_SOFTWARE_TITLE>
  <APPS_ONLY_SOFTWARE_TITLE>Käytettävissä olevat ohjelmistot</APPS_ONLY_SOFTWARE_TITLE>  
  <SELECT_APPS_ONLY_SOFTWARE_TEXT>&amp;Valitse asennettava ohjelmisto</SELECT_APPS_ONLY_SOFTWARE_TEXT>
  <SELECT_SOFTWARE_TEXT>&amp;Valitse asennettava lisäohjelmisto</SELECT_SOFTWARE_TEXT>
  <PRODUCT_NAME_COLUMN_HEADER>Sovelluksen nimi</PRODUCT_NAME_COLUMN_HEADER>
  <VERSION_COLUMN_HEADER>Versio</VERSION_COLUMN_HEADER>
  <SIZE_COLUMN_HEADER>Koko</SIZE_COLUMN_HEADER>
  <SOFTWARE_DESCRIPTION_TITLE>Ohje&amp;lmiston kuvaus</SOFTWARE_DESCRIPTION_TITLE>
  <NEWER_VERSION_INSTALLED_TEXT>Sovelluksen uudempi tai sama versio on jo asennettu.</NEWER_VERSION_INSTALLED_TEXT>
  <CONTINUE_FINAL_TEXT>Valitse lisäohjelmiston osia valitsemalla Jatka tai lopeta asennusohjelma valitsemalla Valmis.</CONTINUE_FINAL_TEXT>
  <CONTINUE_BUTTON>J&amp;atka</CONTINUE_BUTTON>
  <ALREADY_INSTALLED_TEXT>On jo asennettu</ALREADY_INSTALLED_TEXT>
  <LBL_ADDITIONAL_SOFTWARE>&amp;Asenna lisäohjelmisto</LBL_ADDITIONAL_SOFTWARE>
  <LBL_LOCALIZED_AND>ja</LBL_LOCALIZED_AND>
  <OPTIONAL_DISCOVERY_TITLE>Valitse laitteesi</OPTIONAL_DISCOVERY_TITLE>
  <EMPTY_DRIVERCONFIG_PATH>Polku ei voi olla tyhjä.</EMPTY_DRIVERCONFIG_PATH>
  <DEPENDENTAPPS_DESCRIPTION>{1} sisältää seuraavat komponentit:</DEPENDENTAPPS_DESCRIPTION>
  <NOT_SUPPORTED_TEXT>Ei tuettu</NOT_SUPPORTED_TEXT>
  <NOT_SUPPORTED_MESSAGE_TEXT>Skannausohjaimia ei tueta vanhemmissa Windows-versioissa.</NOT_SUPPORTED_MESSAGE_TEXT>
</STRINGS>
</STRING_TABLE>