﻿<?xml version="1.0" encoding="UTF-8"?>
<STRING_TABLE>
<ISO_LANGUAGE_ID>fr</ISO_LANGUAGE_ID>
<READING_ORDER>LTR</READING_ORDER>
<CODE_PAGE>1252</CODE_PAGE>
<LANGUAGE_ID>1036</LANGUAGE_ID>
<STRINGS>
  <CANCEL_BUTTON>&amp;Annuler</CANCEL_BUTTON>
  <OK_BUTTON>&amp;Ok</OK_BUTTON>
  <INSTALL_BUTTON>&amp;Installer</INSTALL_BUTTON>
  <NEXT_BUTTON>S&amp;uivant</NEXT_BUTTON>
  <EXIT_BUTTON>&amp;Sortie</EXIT_BUTTON>
  <BACK_BUTTON>&amp;Retour</BACK_BUTTON>
  <HELP_BUTTON>Ai&amp;de</HELP_BUTTON>
  <DISAGREE_BUTTON>&amp;Refuser</DISAGREE_BUTTON>
  <AGREE_BUTTON>&amp;Accepter</AGREE_BUTTON>
  <FINISH_BUTTON>&amp;Terminer</FINISH_BUTTON>
  <INSTALL_TITLE>^PRODUCT_NAME^ Installateur</INSTALL_TITLE>
  <WELCOME_HEADER>Bienvenue dans le programme d'installation de ^PRODUCT_NAME^</WELCOME_HEADER>
  <WELCOME_TEXT>Cliquez sur Installer pour continuer ou sur Annuler pour quitter le programme d'installation.</WELCOME_TEXT>
  <INFOCENTER_LINK_LABEL>Exécutez le Centre d'informations produit</INFOCENTER_LINK_LABEL>
  <PRODUCT_REGISTRATION_LINK_LABEL>Enregistrer une imprimante</PRODUCT_REGISTRATION_LINK_LABEL>
  <DISCOVERY_INFOCENTER_LINK_LABEL>Centre d'informations {0}</DISCOVERY_INFOCENTER_LINK_LABEL>
  <MANUFACTURER_TEXT>Sélectionnez votre fabricant</MANUFACTURER_TEXT>
  <MANUFACTURER_LABEL>&amp;Sélectionnez un fabricant :</MANUFACTURER_LABEL>
  <INSTALL_PATH_LABEL_TEXT>Chemin d'installation</INSTALL_PATH_LABEL_TEXT>
  <INSTALLING_TEXT>Installation</INSTALLING_TEXT>
  <OPTIONAL_SOFTWARE_CANCEL_CONFIRMATION_TEXT>Il reste des logiciels supplémentaires à installer ou à mettre à jour.
Voulez-vous vraiment quitter sans installer de logiciels supplémentaires ?</OPTIONAL_SOFTWARE_CANCEL_CONFIRMATION_TEXT>
  <CANCELING_TEXT>Annulation</CANCELING_TEXT>
  <UNINSTALLING_TEXT>Désinstallation de</UNINSTALLING_TEXT>
  <INSTALL_SUCCESS_HEADING_TEXT>Installation réussie</INSTALL_SUCCESS_HEADING_TEXT>
  <INSTALL_COMPLETE_TEXT>L'installation s'est terminée avec succès.</INSTALL_COMPLETE_TEXT>
  <DRIVER_INSTALL_COMPLETE_TEXT>L'installation du pilote s'est terminée avec succès.</DRIVER_INSTALL_COMPLETE_TEXT>
  <CANCEL_CONFIRMATION_TEXT>Installation du logiciel non terminée.
Voulez-vous vraiment annuler l’installation ?</CANCEL_CONFIRMATION_TEXT>
  <INSTALL_CANCELED_TEXT>L'installation a été annulée.</INSTALL_CANCELED_TEXT>
  <INSTALL_CANCELED_HEADING_TEXT>Installation annulée</INSTALL_CANCELED_HEADING_TEXT> 
  <REBOOT_HEADER_TEXT>Redémarrage requis</REBOOT_HEADER_TEXT>
  <USB_REBOOT_TEXT>Redémarrage nécessaire. Pour terminer l'installation, connectez votre imprimante à l'ordinateur à l'aide d'un câble USB après avoir redémarré l'ordinateur.</USB_REBOOT_TEXT>
  <REBOOT_TEXT>Vous devez redémarrer le système pour terminer l'installation.</REBOOT_TEXT>
  <REBOOT_NOW_TEXT>&amp;Redémarrer mon ordinateur maintenant</REBOOT_NOW_TEXT>
  <REBOOT_LATER_TEXT>Redémarrer l'ordinateur &amp;manuellement plus tard</REBOOT_LATER_TEXT>
  <SECURITY_TITLE>Notification de sécurité</SECURITY_TITLE>
  <SECURITY_TEXT>Autorisation d'accès au logiciel ^OEM^ requise.

Toujours autoriser l'accès au logiciel ^OEM^ pour l'installation.</SECURITY_TEXT>
  <DISCOVERY_TITLE>Sélectionner une imprimante et un pilote</DISCOVERY_TITLE>
  <DISCOVERED_DEVICES_TEXT>Connecter via un port &amp;détecté sur votre ordinateur</DISCOVERED_DEVICES_TEXT>
  <DISCOVERED_DEVICES_LIST>Imprimantes détectées</DISCOVERED_DEVICES_LIST>
  <DISCOVERED_LIST_COLUMN_SEARCHING>Recherche...</DISCOVERED_LIST_COLUMN_SEARCHING>
  <NO_PRINTER_FOUND>Aucune imprimante détectée</NO_PRINTER_FOUND>
  <DISCOVERED_LIST_COLUMN_MODEL>Nom du modèle</DISCOVERED_LIST_COLUMN_MODEL>
  <DISCOVERED_LIST_COLUMN_IPADDRESS>IP Address</DISCOVERED_LIST_COLUMN_IPADDRESS>
  <DISCOVERED_LIST_COLUMN_PRINTERNAME>Nom d'hôte</DISCOVERED_LIST_COLUMN_PRINTERNAME>
  <DISCOVERED_LIST_COLUMN_SCANNER>Scanner</DISCOVERED_LIST_COLUMN_SCANNER>
  <DISCOVERED_LIST_COLUMN_PRINTER>Imprimante</DISCOVERED_LIST_COLUMN_PRINTER>
  <DISCOVERED_LIST_COLUMN_MACADDRESS>Adresse MAC</DISCOVERED_LIST_COLUMN_MACADDRESS>
  <SHOW_DEVICE_STATUS_TEXT>Afficher l'état de l'imprimante</SHOW_DEVICE_STATUS_TEXT>
  <MODIFY_SEARCH_TEXT>&amp;Mon imprimante n'est pas répertoriée...</MODIFY_SEARCH_TEXT>
  <PRINTER_GROUP_TEXT>Imprimante</PRINTER_GROUP_TEXT>
  <REFRESH_TEXT>&amp;Actualiser</REFRESH_TEXT>
  <ADVANCED_TEXT>Ava&amp;ncé</ADVANCED_TEXT>
  <YES>Oui</YES>
  <COLOR>Couleur</COLOR>
  <MONO>Mono</MONO>
  <ADD_NETWORK_PRINTER>Rechercher des imprimantes</ADD_NETWORK_PRINTER>
  <LOCAL_SUBNET_SEARCH>Recherche dans le sous-réseau &amp;local</LOCAL_SUBNET_SEARCH>
  <LOCAL_SUBNET_SEARCH_TOOLTIP>Sélectionnez cette option pour rechercher les périphériques sur votre réseau local.</LOCAL_SUBNET_SEARCH_TOOLTIP>
  <IP_HOSTNAME_SEARCH>Recherche d'hôte/adresse &amp;IP</IP_HOSTNAME_SEARCH>
  <IP_HOSTNAME_SEARCH_TOOLTIP>Sélectionnez cette option si vous connaissez le nom d'hôte ou l'adresse IP de votre périphérique.</IP_HOSTNAME_SEARCH_TOOLTIP>
  <SUBNET_SEARCH>Rechercher dans le &amp;sous-réseau</SUBNET_SEARCH>
  <SUBNET_SEARCH_TOOLTIP>Sélectionnez cette option pour rechercher les périphériques sur un réseau distant.</SUBNET_SEARCH_TOOLTIP>
  <IP_ADDRESS>Adresse IP</IP_ADDRESS>
  <SUBNET_MASK>Masque de sous-réseau</SUBNET_MASK>
  <MSG_HOSTNAME_LIMIT>Le nom d'hôte ne peut pas contenir plus de 255 caractères.</MSG_HOSTNAME_LIMIT>
  <MSG_INVALID_IPHOST_NAME>Le nom d'hôte ou l'adresse IP ne sont pas valides.</MSG_INVALID_IPHOST_NAME>
  <MSG_IP_LIMIT>L'adresse IP ne peut pas contenir plus de 45 caractères.</MSG_IP_LIMIT>
  <MSG_INVALID_IP>L'adresse IP n'est pas valide.</MSG_INVALID_IP>
  <MSG_INVALID_SUBNET>L'adresse de sous-réseau n'est pas valide.</MSG_INVALID_SUBNET>
  <MSG_SUBNET_LIMIT>Le masque de sous-réseau ne peut pas contenir plus de 45 caractères.</MSG_SUBNET_LIMIT>
  <CONNECT_WITH_USB_TEXT>Connecter à l'aide d'un &amp;câble USB.</CONNECT_WITH_USB_TEXT>
  <CONNECT_WITH_TRAVELPRINT_TEXT>Connecter via &amp;Travel Print.</CONNECT_WITH_TRAVELPRINT_TEXT>
  <USB_FINAL_TEXT>Le logiciel a été correctement installé. Pour terminer l'installation, connectez votre imprimante à l'ordinateur à l'aide d'un câble USB.</USB_FINAL_TEXT>
  <ERROR_TITLE>Erreur d'installation</ERROR_TITLE>
  <ERROR_TEXT>Une erreur s'est produite pendant l'installation. L'installation va être annulée. Faites une nouvelle tentative d'installation.</ERROR_TEXT>
  <PERMISSION_ERROR_TITLE>Accès refusé</PERMISSION_ERROR_TITLE>
  <PERMISSION_ERROR_TEXT>Vous ne disposez pas des permissions nécessaires pour exécuter le programme d'installation. Veuillez contacter votre administrateur système.</PERMISSION_ERROR_TEXT>
  <DISK_FULL_ERROR_TITLE>Espace disque insuffisant</DISK_FULL_ERROR_TITLE>
  <DISK_FULL_ERROR_TEXT>Veuillez libérer de l'espace ou essayer sur un autre disque.</DISK_FULL_ERROR_TEXT>
  <INSTALL_ALREADY_RUNNING_TITLE>Erreur d'installation</INSTALL_ALREADY_RUNNING_TITLE>
  <INSTALL_ALREADY_RUNNING_TEXT>Le programme d'installation Windows est occupé à installer une autre application. Veuillez attendre que cette installation soit terminée avant d'exécuter à nouveau le programme d'installation.</INSTALL_ALREADY_RUNNING_TEXT>
  <MULTIINSTANCE_ERROR_TITLE>Erreur d'instances multiples</MULTIINSTANCE_ERROR_TITLE>
  <MULTIINSTANCE_ERROR_TEXT>Une autre instance de cette application est ouverte. Cette instance sera fermée.</MULTIINSTANCE_ERROR_TEXT>
  <LICENSE_AGREEMENT>Contrat de licence</LICENSE_AGREEMENT>
  <LICENSE_SCROLL_TEXT>Veuillez lire attentivement le contrat de licence suivant. Pour poursuivre l'installation du logiciel, vous devez accepter ce contrat.</LICENSE_SCROLL_TEXT>
  <SELECT_PORT_TITLE>&amp;Sélectionnez un type de port</SELECT_PORT_TITLE>
  <BASIC_TEXT>&amp;Base</BASIC_TEXT>
  <DISCOVERED_PORTS>Ports découverts sur votre ordinateur</DISCOVERED_PORTS>
  <IP_PORT>Port IP standard</IP_PORT>	
  <UNC_PORT>Port UNC</UNC_PORT>
  <PRINT_DRIVER_TEXT>Type de pilote d'im&amp;primante</PRINT_DRIVER_TEXT>
  <PORT_NAME_TEXT>Nom de port</PORT_NAME_TEXT>
  <IP_ADDRESS_TEXT>Adresse IP ou nom d'hôte</IP_ADDRESS_TEXT>
  <NETWORK_PATH_TEXT>Chemin de réseau</NETWORK_PATH_TEXT>
  <GEN_ERROR_TITLE>Erreur</GEN_ERROR_TITLE>
  <DUP_PORT_TEXT>Le nom de port existe déjà.</DUP_PORT_TEXT>
  <INVALID_NET_PATH_TEXT>Le chemin d'accès réseau n'est pas valide.</INVALID_NET_PATH_TEXT>
  <PORT_TYPE_TEXT>Type de port</PORT_TYPE_TEXT>
  <FILES_IN_USE_HEADER>Fichiers utilisés</FILES_IN_USE_HEADER>
  <RM_FILE_IN_USE_TEXT>L'application suivante utilise des fichiers qui doivent être mis à jour par cette installation.</RM_FILE_IN_USE_TEXT>
  <FILE_IN_USE_TEXT>L'application suivante utilise des fichiers qui doivent être mis à jour par cette configuration. Fermez l'application et cliquez sur Réessayer pour continuer l'installation ou cliquez sur Annuler pour quitter l'installation.</FILE_IN_USE_TEXT>
  <AUTO_RESTART_TEXT>&amp;Fermer automatiquement l'application actuelle et tenter la réinstallation.</AUTO_RESTART_TEXT>
  <DO_NOT_CLOSE_TEXT>&amp;Ignorer l'installation de l'application actuelle et continuer la configuration.</DO_NOT_CLOSE_TEXT>
  <APPLICATION>Application </APPLICATION>
  <IGNORE_BUTTON>Ignorer</IGNORE_BUTTON>
  <RETRY_BUTTON>Réessayer</RETRY_BUTTON>
  <COMPLETED_TEXT>Terminé</COMPLETED_TEXT>
  <CANCELED_TEXT>Annulé</CANCELED_TEXT>
  <UPDATED_TEXT>Mis à jour</UPDATED_TEXT>
  <FAILED_TEXT>Echec</FAILED_TEXT>
  <ERROR_LINK>&amp;Afficher le rapport d'erreur</ERROR_LINK> 
  <PREPARE_INSTALL_TEXT>Préparation de l'installation</PREPARE_INSTALL_TEXT>
  <SOFTWARE_PATH_TEXT>Choisissez une option ci-dessous</SOFTWARE_PATH_TEXT>
  <ADD_ADDITIONAL_PRINTER_TEXT>Ajouter une imprimante supplémentaire</ADD_ADDITIONAL_PRINTER_TEXT>
  <VIEW_SOFTWARE_OPTIONS_TEXT>Afficher les options du logiciel</VIEW_SOFTWARE_OPTIONS_TEXT>
  <CONFIG_SETTINGS_TEXT>Paramètres de configuration</CONFIG_SETTINGS_TEXT>
  <CONFIG_SETTINGS_BUTTON>C&amp;onfiguration...</CONFIG_SETTINGS_BUTTON>
  <CONFIG_APPLY_FUTURE_TEXT>&amp;Appliquer à toutes les installations futures</CONFIG_APPLY_FUTURE_TEXT>
  <LOAD_FILE>&amp;Charg. fichier</LOAD_FILE>
  <NEW_FILE>&amp;Nouveau</NEW_FILE>
  <RESET_TEXT>Rétablir les para&amp;mètres par défaut</RESET_TEXT>
  <INVALID_PATH_TEXT>Le nom de fichier ou le chemin est incorrect</INVALID_PATH_TEXT>
  <REGISTRATION_LINK>&amp;Enregistrer le produit</REGISTRATION_LINK>
  <DOTNET>.NET Framework</DOTNET>
  <REQUIRED_DEPENDENCY>Une dépendance requise n'était pas installée ou son installation a échoué.</REQUIRED_DEPENDENCY> 
  <SW_BYPASS_TITLE>Lisez le contrat de licence</SW_BYPASS_TITLE>
  <SW_BYPASS_TEXT>Le programme d'installation a détecté que ce logiciel est peut-être déjà installé. Sélectionnez une option pour continuer .</SW_BYPASS_TEXT>
  <SW_BYPASS_REINSTALL>&amp;Réinstaller le pilote ou ajouter un pilote supplémentaire</SW_BYPASS_REINSTALL>
  <SW_BYPASS_OPTIONAL>Passer à l'installat&amp;ion des logiciels supplémentaires</SW_BYPASS_OPTIONAL>
  <OPTIONAL_SOFTWARE_TITLE>Logiciels supplémentaires</OPTIONAL_SOFTWARE_TITLE>
  <APPS_ONLY_SOFTWARE_TITLE>Logiciel disponible</APPS_ONLY_SOFTWARE_TITLE>  
  <SELECT_APPS_ONLY_SOFTWARE_TEXT>&amp;Sélectionner le logiciel à installer</SELECT_APPS_ONLY_SOFTWARE_TEXT>
  <SELECT_SOFTWARE_TEXT>&amp;Sélectionner les logiciels supplémentaires à installer</SELECT_SOFTWARE_TEXT>
  <PRODUCT_NAME_COLUMN_HEADER>Nom de l'application</PRODUCT_NAME_COLUMN_HEADER>
  <VERSION_COLUMN_HEADER>Version</VERSION_COLUMN_HEADER>
  <SIZE_COLUMN_HEADER>Taille</SIZE_COLUMN_HEADER>
  <SOFTWARE_DESCRIPTION_TITLE>Descript&amp;ion du logiciel</SOFTWARE_DESCRIPTION_TITLE>
  <NEWER_VERSION_INSTALLED_TEXT>Une version identique ou plus récente de cette application est déjà installée.</NEWER_VERSION_INSTALLED_TEXT>
  <CONTINUE_FINAL_TEXT>Cliquez sur le bouton Continuer pour sélectionner les composants logiciels supplémentaires ou cliquez sur Terminer pour quitter le programme d'installation.</CONTINUE_FINAL_TEXT>
  <CONTINUE_BUTTON>&amp;Continuer</CONTINUE_BUTTON>
  <ALREADY_INSTALLED_TEXT>Déjà installé</ALREADY_INSTALLED_TEXT>
  <LBL_ADDITIONAL_SOFTWARE>I&amp;nstaller des logiciels supplémentaires</LBL_ADDITIONAL_SOFTWARE>
  <LBL_LOCALIZED_AND>et</LBL_LOCALIZED_AND>
  <OPTIONAL_DISCOVERY_TITLE>Choisir votre périphérique</OPTIONAL_DISCOVERY_TITLE>
  <EMPTY_DRIVERCONFIG_PATH>Le chemin ne peut pas être vide.</EMPTY_DRIVERCONFIG_PATH>
  <DEPENDENTAPPS_DESCRIPTION>{1} comprend le(s) composant(s) suivant(s) pour vous permettre d'accéder à l'ensemble des fonctionnalités :</DEPENDENTAPPS_DESCRIPTION>
  <NOT_SUPPORTED_TEXT>Non pris en charge</NOT_SUPPORTED_TEXT>
  <NOT_SUPPORTED_MESSAGE_TEXT>Les pilotes de numérisation ne sont pas pris en charge par les anciennes versions de Windows.</NOT_SUPPORTED_MESSAGE_TEXT>
</STRINGS>
</STRING_TABLE>