﻿<?xml version="1.0" encoding="UTF-8"?>
<STRING_TABLE>
  <ISO_LANGUAGE_ID>en</ISO_LANGUAGE_ID>
  <READING_ORDER>LTR</READING_ORDER>
  <CODE_PAGE>1250</CODE_PAGE>
  <LANGUAGE_ID>1050</LANGUAGE_ID>
  <STRINGS>
    <CANCEL_BUTTON>&amp;Odustani</CANCEL_BUTTON>
    <OK_BUTTON>&amp;U redu</OK_BUTTON>
    <INSTALL_BUTTON>&amp;Instaliraj</INSTALL_BUTTON>
    <NEXT_BUTTON>&amp;Sljedeće</NEXT_BUTTON>
    <EXIT_BUTTON>&amp;Izlaz</EXIT_BUTTON>
    <BACK_BUTTON>&amp;Natrag</BACK_BUTTON>
    <HELP_BUTTON>&amp;Help</HELP_BUTTON>
    <DISAGREE_BUTTON>&amp;Odbij</DISAGREE_BUTTON>
    <AGREE_BUTTON>&amp;Prihvati</AGREE_BUTTON>
	<FINISH_BUTTON>&amp;Dovrši</FINISH_BUTTON>
    <INSTALL_TITLE>Instalacijski program za ^PRODUCT_NAME^</INSTALL_TITLE>
    <WELCOME_HEADER>Dobro došli u instalacijski program za ^PRODUCT_NAME^</WELCOME_HEADER>
    <WELCOME_TEXT>Pritisnite Instaliraj za nastavak ili Otkaži za zatvaranje instalacijskog programa.</WELCOME_TEXT>
    <INFOCENTER_LINK_LABEL>Pokreni informacijski centar za proizvod</INFOCENTER_LINK_LABEL>
	<PRODUCT_REGISTRATION_LINK_LABEL>Registracija pisača</PRODUCT_REGISTRATION_LINK_LABEL>
    <DISCOVERY_INFOCENTER_LINK_LABEL>{0} Informacijski centar</DISCOVERY_INFOCENTER_LINK_LABEL>
    <MANUFACTURER_TEXT>Odabir proizvođača</MANUFACTURER_TEXT>
    <MANUFACTURER_LABEL>O&amp;daberite proizvođača:</MANUFACTURER_LABEL>
    <INSTALLING_TEXT>Instalacija u tijeku</INSTALLING_TEXT>
    <OPTIONAL_SOFTWARE_CANCEL_CONFIRMATION_TEXT>Imate dodatni softver za instalaciju ili ažuriranje.
Jeste li sigurni da želite izaći bez instalacije dodatnog softvera?</OPTIONAL_SOFTWARE_CANCEL_CONFIRMATION_TEXT>
    <CANCELING_TEXT>Otkazivanje u tijeku</CANCELING_TEXT>
    <UNINSTALLING_TEXT>Deinstalacija u tijeku</UNINSTALLING_TEXT>
    <INSTALL_COMPLETE_TEXT>Instalacija je uspješno dovršena.</INSTALL_COMPLETE_TEXT>
	<DRIVER_INSTALL_COMPLETE_TEXT>Instalacija upravljačkog programa uspješno je dovršena.</DRIVER_INSTALL_COMPLETE_TEXT>
    <CANCEL_CONFIRMATION_TEXT>Instalacija softvera nije dovršena.
Jeste li sigurni da želite poništiti instalaciju?</CANCEL_CONFIRMATION_TEXT>
    <INSTALL_CANCELED_TEXT>Instalacija je otkazana.</INSTALL_CANCELED_TEXT>
	<REBOOT_HEADER_TEXT>Potrebno je ponovno pokretanje</REBOOT_HEADER_TEXT>
    <USB_REBOOT_TEXT>Potrebno je ponovno pokretanje.  Za dovršetak instalacije nakon ponovnog pokretanja povežite pisač s računalom putem USB kabela.</USB_REBOOT_TEXT>
    <REBOOT_TEXT>Morate ponovo pokrenuti sustav kako bi se instalacija uspješno dovršila.</REBOOT_TEXT>
    <REBOOT_NOW_TEXT>&amp;Ponovno pokreni računalo sada</REBOOT_NOW_TEXT>
    <REBOOT_LATER_TEXT>&amp;Ručno ponovo pokretanje računala poslije</REBOOT_LATER_TEXT>
    <SECURITY_TITLE>Obavijest o zaštiti</SECURITY_TITLE>
    <SECURITY_TEXT>Potrebno je dopuštenje softveru tvrtke ^OEM^ za pristup.

Uvijek dopusti pristup softveru tvrtke ^OEM^ radi instalacije.</SECURITY_TEXT>
    <DISCOVERY_TITLE>Odabir pisača i upravljačkog programa</DISCOVERY_TITLE>
    <DISCOVERED_DEVICES_TEXT>Po&amp;vežite se putem ulaza na računalu</DISCOVERED_DEVICES_TEXT>
    <DISCOVERED_LIST_COLUMN_SEARCHING>Traženje…</DISCOVERED_LIST_COLUMN_SEARCHING>
    <NO_PRINTER_FOUND>Pisač nije pronađen</NO_PRINTER_FOUND>
    <DISCOVERED_LIST_COLUMN_MODEL>Naziv modela</DISCOVERED_LIST_COLUMN_MODEL>
    <DISCOVERED_LIST_COLUMN_IPADDRESS>IP adresa</DISCOVERED_LIST_COLUMN_IPADDRESS>
    <DISCOVERED_LIST_COLUMN_PRINTERNAME>Naziv uređaja</DISCOVERED_LIST_COLUMN_PRINTERNAME>
    <DISCOVERED_LIST_COLUMN_SCANNER>Skener</DISCOVERED_LIST_COLUMN_SCANNER>
    <DISCOVERED_LIST_COLUMN_PRINTER>Pisač</DISCOVERED_LIST_COLUMN_PRINTER>
    <DISCOVERED_LIST_COLUMN_MACADDRESS>MAC adresa</DISCOVERED_LIST_COLUMN_MACADDRESS>
    <SHOW_DEVICE_STATUS_TEXT>Prikaži status pisača</SHOW_DEVICE_STATUS_TEXT>
    <MODIFY_SEARCH_TEXT>&amp;Mog pisača nema na popisu...</MODIFY_SEARCH_TEXT>
	<PRINTER_GROUP_TEXT>Pisač</PRINTER_GROUP_TEXT>
    <REFRESH_TEXT>Osvj&amp;eži</REFRESH_TEXT>
    <ADVANCED_TEXT>&amp;Napredno</ADVANCED_TEXT>
    <YES>Da</YES>
    <COLOR>U boji</COLOR>
    <MONO>Crno-bijelo</MONO>
    <ADD_NETWORK_PRINTER>Traženje pisača</ADD_NETWORK_PRINTER>
    <!-- Modify Search Dialog -->
    <LOCAL_SUBNET_SEARCH>P&amp;retraživanje lokalne podmreže</LOCAL_SUBNET_SEARCH>
    <LOCAL_SUBNET_SEARCH_TOOLTIP>Odaberite za pretraživanje uređaja u lokalnoj mreži.</LOCAL_SUBNET_SEARCH_TOOLTIP>
    <IP_HOSTNAME_SEARCH>Traženje po nazivu / &amp;IP adresi</IP_HOSTNAME_SEARCH>
    <IP_HOSTNAME_SEARCH_TOOLTIP>Ovu opciju odaberite ako znate naziv ili IP adresu svog uređaja.</IP_HOSTNAME_SEARCH_TOOLTIP>
    <SUBNET_SEARCH>&amp;Pretraživanje podmreže</SUBNET_SEARCH>
    <SUBNET_SEARCH_TOOLTIP>Odaberite za traženje uređaja iz udaljene mreže.</SUBNET_SEARCH_TOOLTIP>
    <IP_ADDRESS>IP adresa</IP_ADDRESS>
    <SUBNET_MASK>Maska podmreže</SUBNET_MASK>
    <!-- Modify Search Dialog Error Message-->
    <MSG_HOSTNAME_LIMIT>Naziv uređaja ne smije imati više od 255 znakova.</MSG_HOSTNAME_LIMIT>
    <MSG_INVALID_IPHOST_NAME>Pogrešan naziv uređaja ili IP adresa.</MSG_INVALID_IPHOST_NAME>
    <MSG_IP_LIMIT>IP adresa ne smije imati više od 45 znakova.</MSG_IP_LIMIT>
    <MSG_INVALID_IP>IP adresa nije valjana.</MSG_INVALID_IP>
    <MSG_INVALID_SUBNET>Adresa podmreže nije valjana.</MSG_INVALID_SUBNET>
    <MSG_SUBNET_LIMIT>Maska podmreže ne smije imati više od 45 znakova.</MSG_SUBNET_LIMIT>
    <CONNECT_WITH_USB_TEXT>Povezivanje putem &amp;USB kabela</CONNECT_WITH_USB_TEXT>
    <CONNECT_WITH_TRAVELPRINT_TEXT>Povezivanje putem &amp;Travel Print ulaza</CONNECT_WITH_TRAVELPRINT_TEXT>
    <USB_FINAL_TEXT>Softver je uspješno instaliran.  Za dovršetak instalacije povežite pisač s računalom putem USB kabela.</USB_FINAL_TEXT>
    <ERROR_TITLE>Pogreška pri instalaciji</ERROR_TITLE>
    <ERROR_TEXT>Došlo je do pogreške tijekom instalacije.  Instalacija će se otkazati. Pokušajte ponoviti instalaciju.</ERROR_TEXT>
    <PERMISSION_ERROR_TITLE>Pristup uskraćen</PERMISSION_ERROR_TITLE>
    <PERMISSION_ERROR_TEXT>Nemate dozvole potrebne za pokretanje instalacijskog softvera.  Obratite se administratoru sustava.</PERMISSION_ERROR_TEXT>
    <DISK_FULL_ERROR_TITLE>Nema dovoljno prostora na disku</DISK_FULL_ERROR_TITLE>
    <DISK_FULL_ERROR_TEXT>Oslobodite prostor ili pokušajte upotrijebiti drugi pogon.</DISK_FULL_ERROR_TEXT>
    <INSTALL_ALREADY_RUNNING_TITLE>Pogreška pri instalaciji</INSTALL_ALREADY_RUNNING_TITLE>
    <INSTALL_ALREADY_RUNNING_TEXT>Windows Installer zauzet je instaliranjem druge aplikacije.  Prije ponovnog pokretanja programa za instaliranje pričekajte dovršetak prethodne.</INSTALL_ALREADY_RUNNING_TEXT>
    <MULTIINSTANCE_ERROR_TITLE>Pogreška više instanci</MULTIINSTANCE_ERROR_TITLE>
    <MULTIINSTANCE_ERROR_TEXT>Otvorena je druga instanca ove aplikacije. Ova će se instanca zatvoriti.</MULTIINSTANCE_ERROR_TEXT>
    <LICENSE_AGREEMENT>Licencni ugovor</LICENSE_AGREEMENT>
    <LICENSE_SCROLL_TEXT>Pročitajte sljedeći licencni ugovor. Za nastavak instalacije softvera morate prihvatiti ugovor.</LICENSE_SCROLL_TEXT>
    <SELECT_PORT_TITLE>O&amp;dabir vrste ulaza</SELECT_PORT_TITLE>
	<BASIC_TEXT>Osno&amp;vno</BASIC_TEXT>
    <DISCOVERED_PORTS>Otkriveni ulazi računala</DISCOVERED_PORTS>
    <IP_PORT>Standardni IP priključak</IP_PORT>
    <UNC_PORT>UNC ulaz</UNC_PORT>
    <PRINT_DRIVER_TEXT>Vrsta upravljačkog &amp;programa pisača</PRINT_DRIVER_TEXT>
    <PORT_NAME_TEXT>Naziv ulaza</PORT_NAME_TEXT>
    <IP_ADDRESS_TEXT>IP adresa ili naziv uređaja</IP_ADDRESS_TEXT>
    <NETWORK_PATH_TEXT>Mrežna staza</NETWORK_PATH_TEXT>
    <GEN_ERROR_TITLE>Pogreška</GEN_ERROR_TITLE>
    <DUP_PORT_TEXT>Naziv ulaza već postoji.</DUP_PORT_TEXT>
    <INVALID_NET_PATH_TEXT>Mrežna staza nije valjana</INVALID_NET_PATH_TEXT>
    <PORT_TYPE_TEXT>Vrsta ulaza</PORT_TYPE_TEXT>
    <FILES_IN_USE_HEADER>Datoteke u upotrebi</FILES_IN_USE_HEADER>
    <RM_FILE_IN_USE_TEXT>Sljedeća aplikacija koristi datoteke koje se trebaju ažurirati ovim postavljanjem.</RM_FILE_IN_USE_TEXT>
    <FILE_IN_USE_TEXT>Sljedeća aplikacija koristi datoteke koje se trebaju ažurirati ovim postavljanjem. Zatvorite tu aplikaciju i pritisnite Pokušaj ponovo za nastavak instalacije ili Odustani za izlaz iz instalacije.</FILE_IN_USE_TEXT>
    <AUTO_RESTART_TEXT>&amp;Automatsko zatvaranje aktivne aplikacije i pokušaj ponovnog instaliranja.</AUTO_RESTART_TEXT>
    <DO_NOT_CLOSE_TEXT>&amp;Preskakanje instaliranja aktivne aplikacije i nastavak postavljanja.</DO_NOT_CLOSE_TEXT>
    <RETRY_BUTTON>&amp;Pokušaj ponovo</RETRY_BUTTON>
    <COMPLETED_TEXT>Dovršeno</COMPLETED_TEXT>
    <CANCELED_TEXT>Otkazano</CANCELED_TEXT>
    <UPDATED_TEXT>Ažurirano</UPDATED_TEXT>
    <FAILED_TEXT>Nije uspjelo</FAILED_TEXT>
    <ERROR_LINK>&amp;Prikaz izvješća o pogreškama</ERROR_LINK>
    <PREPARE_INSTALL_TEXT>Priprema za instalaciju</PREPARE_INSTALL_TEXT>
    <CONFIG_SETTINGS_TEXT>Konfiguracijske postavke</CONFIG_SETTINGS_TEXT>
    <CONFIG_SETTINGS_BUTTON>&amp;Konfiguracija...</CONFIG_SETTINGS_BUTTON>
    <CONFIG_APPLY_FUTURE_TEXT>&amp;Primijeni na sve buduće instalacije</CONFIG_APPLY_FUTURE_TEXT>
    <LOAD_FILE>U&amp;čitaj datoteku</LOAD_FILE>
    <NEW_FILE>&amp;Novo</NEW_FILE>
    <RESET_TEXT>&amp;Vrati na zadane postavke</RESET_TEXT>
    <INVALID_PATH_TEXT>Naziv datoteke ili putanja nisu valjani.</INVALID_PATH_TEXT>
    <REGISTRATION_LINK>&amp;Registriranje proizvoda</REGISTRATION_LINK>
    <DOTNET>.NET Framework</DOTNET>
    <REQUIRED_DEPENDENCY>Neophodan preduvjet nije instaliran ili njegova instalacija nije uspjela.</REQUIRED_DEPENDENCY>
    <SW_BYPASS_TITLE>Softver je već instaliran</SW_BYPASS_TITLE>
    <SW_BYPASS_TEXT>Instalacijski program prepoznao je kako je ovaj softver možda već instaliran.  Odaberite opciju u nastavku kako biste nastavili.</SW_BYPASS_TEXT>
    <SW_BYPASS_REINSTALL>&amp;Ponovo instalirajte upravljački program ili dodajte drugi upravljački program</SW_BYPASS_REINSTALL>
    <SW_BYPASS_OPTIONAL>P&amp;rijeđi na instalaciju dodatnog softvera</SW_BYPASS_OPTIONAL>
    <OPTIONAL_SOFTWARE_TITLE>Dodatni softver</OPTIONAL_SOFTWARE_TITLE>
	<APPS_ONLY_SOFTWARE_TITLE>Dostupni softver</APPS_ONLY_SOFTWARE_TITLE>
    <SELECT_APPS_ONLY_SOFTWARE_TEXT>O&amp;daberite softver za instalaciju</SELECT_APPS_ONLY_SOFTWARE_TEXT>
	<SELECT_SOFTWARE_TEXT>O&amp;daberite dodatni softver za instalaciju</SELECT_SOFTWARE_TEXT>
    <PRODUCT_NAME_COLUMN_HEADER>Naziv aplikacije</PRODUCT_NAME_COLUMN_HEADER>
    <VERSION_COLUMN_HEADER>Verzija</VERSION_COLUMN_HEADER>
    <SIZE_COLUMN_HEADER>Veličina</SIZE_COLUMN_HEADER>
    <SOFTWARE_DESCRIPTION_TITLE>O&amp;pis softvera</SOFTWARE_DESCRIPTION_TITLE>
    <NEWER_VERSION_INSTALLED_TEXT>Novija ili jednaka verzija aplikacije već je instalirana.</NEWER_VERSION_INSTALLED_TEXT>
    <CONTINUE_FINAL_TEXT>Pritisnite gumb Nastavi za odabir dodatnih softverskih komponenti ili gumb Završi za zatvaranje programa za instalaciju.</CONTINUE_FINAL_TEXT>
    <CONTINUE_BUTTON>&amp;Nastavi</CONTINUE_BUTTON>
    <ALREADY_INSTALLED_TEXT>Već instalirano</ALREADY_INSTALLED_TEXT>
    <LBL_LOCALIZED_AND>i</LBL_LOCALIZED_AND>
    <OPTIONAL_DISCOVERY_TITLE>Odaberite svoj uređaj</OPTIONAL_DISCOVERY_TITLE>
    <EMPTY_DRIVERCONFIG_PATH>Staza ne može biti prazna.</EMPTY_DRIVERCONFIG_PATH>
    <DEPENDENTAPPS_DESCRIPTION>{1} obuhvaća sljedeće komponente koje daju punu funkcionalnost:</DEPENDENTAPPS_DESCRIPTION>
	<NOT_SUPPORTED_TEXT>Nije podržano</NOT_SUPPORTED_TEXT>
	<NOT_SUPPORTED_MESSAGE_TEXT>Upravljački programi za skeniranje nisu podržani u starijim verzijama sustava Windows.</NOT_SUPPORTED_MESSAGE_TEXT>
  </STRINGS>
</STRING_TABLE>