﻿<?xml version="1.0" encoding="UTF-8"?>
<STRING_TABLE>
<ISO_LANGUAGE_ID>hu</ISO_LANGUAGE_ID>
<READING_ORDER>LTR</READING_ORDER>
<CODE_PAGE>1250</CODE_PAGE>
<LANGUAGE_ID>1038</LANGUAGE_ID>
<STRINGS>
  <CANCEL_BUTTON>&amp;Mégse</CANCEL_BUTTON>
  <OK_BUTTON>&amp;Ok</OK_BUTTON>
  <INSTALL_BUTTON>&amp;Telepítés</INSTALL_BUTTON>
  <NEXT_BUTTON>Tová&amp;bb</NEXT_BUTTON>
  <EXIT_BUTTON>&amp;Kijárat</EXIT_BUTTON>
  <BACK_BUTTON>&amp;Vissza</BACK_BUTTON>
  <HELP_BUTTON>&amp;Súgó</HELP_BUTTON>
  <DISAGREE_BUTTON>&amp;Elutasítás</DISAGREE_BUTTON>
  <AGREE_BUTTON>El&amp;fogadás</AGREE_BUTTON>
  <FINISH_BUTTON>&amp;Fejezze</FINISH_BUTTON>
  <INSTALL_TITLE>^PRODUCT_NAME^ telepítő</INSTALL_TITLE>
  <WELCOME_HEADER>Üdvözli a(z) ^PRODUCT_NAME^ telepítője</WELCOME_HEADER>
  <WELCOME_TEXT>Kattintson a Telepítés gombra a folytaráshoz, illetve a Megszakítás gombra a kilépéshez.</WELCOME_TEXT>
  <INFOCENTER_LINK_LABEL>A Termékinformációs Központ elindítása</INFOCENTER_LINK_LABEL>
  <PRODUCT_REGISTRATION_LINK_LABEL>Nyomtató regisztrálása</PRODUCT_REGISTRATION_LINK_LABEL>
  <DISCOVERY_INFOCENTER_LINK_LABEL>{0} Információs Központ</DISCOVERY_INFOCENTER_LINK_LABEL>
  <MANUFACTURER_TEXT>Gyártó kiválasztása</MANUFACTURER_TEXT>
  <MANUFACTURER_LABEL>&amp;Válassza ki a gyártót:</MANUFACTURER_LABEL>
  <INSTALL_PATH_LABEL_TEXT>Telepítési útvonal</INSTALL_PATH_LABEL_TEXT>
  <INSTALLING_TEXT>Telepítés</INSTALLING_TEXT>
  <OPTIONAL_SOFTWARE_CANCEL_CONFIRMATION_TEXT>További szoftvereket is telepíthet vagy frissíthet.
Biztosan kilép anélkül, hogy további szoftvereket telepítenie?</OPTIONAL_SOFTWARE_CANCEL_CONFIRMATION_TEXT>
  <CANCELING_TEXT>Megszakítás</CANCELING_TEXT>
  <UNINSTALLING_TEXT>eltávolítása</UNINSTALLING_TEXT>
  <INSTALL_SUCCESS_HEADING_TEXT>Sikeres telepítés</INSTALL_SUCCESS_HEADING_TEXT>
  <INSTALL_COMPLETE_TEXT>A telepítés sikeresen befejeződött.</INSTALL_COMPLETE_TEXT>
  <DRIVER_INSTALL_COMPLETE_TEXT>Az illesztőprogram telepítése sikeresen befejeződött.</DRIVER_INSTALL_COMPLETE_TEXT>
  <CANCEL_CONFIRMATION_TEXT>A szoftver telepítése még nem fejeződött be.
Biztosan meg akarja szakítani a telepítést?</CANCEL_CONFIRMATION_TEXT>
  <INSTALL_CANCELED_TEXT>A telepítés megszakítva.</INSTALL_CANCELED_TEXT>
  <INSTALL_CANCELED_HEADING_TEXT>Telepítés megszakítva</INSTALL_CANCELED_HEADING_TEXT> 
  <REBOOT_HEADER_TEXT>Újraindítás szükséges</REBOOT_HEADER_TEXT>
  <USB_REBOOT_TEXT>Újraindítás szükséges. A telepítés befejezéséhez csatlakoztassa a nyomtatót a számítógéphez egy USB-kábellel a számítógép újraindítása után.</USB_REBOOT_TEXT>
  <REBOOT_TEXT>A telepítés befejezéséhez újra kell indítani a rendszert.</REBOOT_TEXT>
  <REBOOT_NOW_TEXT>&amp;A számítógép újraindítása most</REBOOT_NOW_TEXT>
  <REBOOT_LATER_TEXT>A &amp;számítógép kézi újraindítása később</REBOOT_LATER_TEXT>
  <SECURITY_TITLE>Biztonsági értesítés</SECURITY_TITLE>
  <SECURITY_TEXT>A ^OEM^ szoftverhez való hozzáféréshez engedélyre van szükség.

Mindig engedélyezze a ^OEM^ szoftverhez való hozzáférést a telepítéshez.</SECURITY_TEXT>
  <DISCOVERY_TITLE>Nyomtató és illesztőprogram kiválasztása</DISCOVERY_TITLE>
  <DISCOVERED_DEVICES_TEXT>Csa&amp;tlakozás a számítógépen talált porton keresztül</DISCOVERED_DEVICES_TEXT>
  <DISCOVERED_DEVICES_LIST>Észlelt nyomtatók</DISCOVERED_DEVICES_LIST>
  <DISCOVERED_LIST_COLUMN_SEARCHING>Keresés...</DISCOVERED_LIST_COLUMN_SEARCHING>
  <NO_PRINTER_FOUND>Nem található nyomtató</NO_PRINTER_FOUND>
  <DISCOVERED_LIST_COLUMN_MODEL>Típus neve</DISCOVERED_LIST_COLUMN_MODEL>
  <DISCOVERED_LIST_COLUMN_IPADDRESS>IP-cím</DISCOVERED_LIST_COLUMN_IPADDRESS>
  <DISCOVERED_LIST_COLUMN_PRINTERNAME>Állomásnév</DISCOVERED_LIST_COLUMN_PRINTERNAME>
  <DISCOVERED_LIST_COLUMN_SCANNER>Lapolvasó</DISCOVERED_LIST_COLUMN_SCANNER>
  <DISCOVERED_LIST_COLUMN_PRINTER>Nyomtató</DISCOVERED_LIST_COLUMN_PRINTER>
  <DISCOVERED_LIST_COLUMN_MACADDRESS>MAC-cím</DISCOVERED_LIST_COLUMN_MACADDRESS>
  <SHOW_DEVICE_STATUS_TEXT>Nyomtató állapotának megjelenítése</SHOW_DEVICE_STATUS_TEXT>
  <MODIFY_SEARCH_TEXT>A nyomtatóm nem szerepel a &amp;listában...</MODIFY_SEARCH_TEXT>
  <PRINTER_GROUP_TEXT>Nyomtató</PRINTER_GROUP_TEXT>
  <REFRESH_TEXT>&amp;Frissítés</REFRESH_TEXT>
  <ADVANCED_TEXT>S&amp;peciális</ADVANCED_TEXT>
  <YES>Igen</YES>
  <COLOR>Színes</COLOR>
  <MONO>Egyszínű</MONO>
  <ADD_NETWORK_PRINTER>Nyomtató keresése</ADD_NETWORK_PRINTER>
  <LOCAL_SUBNET_SEARCH>Keresés helyi alhá&amp;lózatban</LOCAL_SUBNET_SEARCH>
  <LOCAL_SUBNET_SEARCH_TOOLTIP>Jelölje be, ha a helyi hálózatán szeretne eszközöket keresni.</LOCAL_SUBNET_SEARCH_TOOLTIP>
  <IP_HOSTNAME_SEARCH>Állomás/&amp;IP-cím keresése</IP_HOSTNAME_SEARCH>
  <IP_HOSTNAME_SEARCH_TOOLTIP>Jelölje be ezt a lehetőséget, ha tudja az eszköz állomásnevét vagy IP-címét.</IP_HOSTNAME_SEARCH_TOOLTIP>
  <SUBNET_SEARCH>&amp;Keresés alhálózatban</SUBNET_SEARCH>
  <SUBNET_SEARCH_TOOLTIP>Jelölje be, ha egy távoli hálózaton szeretne eszközöket keresni.</SUBNET_SEARCH_TOOLTIP>
  <IP_ADDRESS>IP-cím</IP_ADDRESS>
  <SUBNET_MASK>Alhálózati maszk</SUBNET_MASK>
  <MSG_HOSTNAME_LIMIT>A állomásnév legfeljebb 255 karakterből állhat.</MSG_HOSTNAME_LIMIT>
  <MSG_INVALID_IPHOST_NAME>Érvénytelen állomásnév vagy IP-cím.</MSG_INVALID_IPHOST_NAME>
  <MSG_IP_LIMIT>Az IP-cím legfeljebb 45 karakterből állhat.</MSG_IP_LIMIT>
  <MSG_INVALID_IP>Érvénytelen IP-cím.</MSG_INVALID_IP>
  <MSG_INVALID_SUBNET>Érvénytelen alhálózati cím.</MSG_INVALID_SUBNET>
  <MSG_SUBNET_LIMIT>Az alhálózati maszk legfeljebb 45 karakterből állhat.</MSG_SUBNET_LIMIT>
  <CONNECT_WITH_USB_TEXT>Cs&amp;atlakozás USB kábellel.</CONNECT_WITH_USB_TEXT>
  <CONNECT_WITH_TRAVELPRINT_TEXT>Csatlak&amp;ozás a Travel Print használatával.</CONNECT_WITH_TRAVELPRINT_TEXT>
  <USB_FINAL_TEXT>A szoftver telepítése sikeresen megtörtént A telepítés befejezéséhez csatlakoztassa a nyomtatót a számítógéphez egy USB-kábellel.</USB_FINAL_TEXT>
  <ERROR_TITLE>Telepítési hiba</ERROR_TITLE>
  <ERROR_TEXT>A telepítés közben hiba történt. A telepítés megszakad. Próbáljon meg újból telepíteni.</ERROR_TEXT>
  <PERMISSION_ERROR_TITLE>Hozzáférés megtagadva</PERMISSION_ERROR_TITLE>
  <PERMISSION_ERROR_TEXT>Nincs megfelelő engedélye a telepítőszoftver futtatásához. Forduljon a rendszergazdához.</PERMISSION_ERROR_TEXT>
  <DISK_FULL_ERROR_TITLE>Nincs elegendő lemezterület</DISK_FULL_ERROR_TITLE>
  <DISK_FULL_ERROR_TEXT>Szabadítson fel helyet, vagy próbálkozzon másik meghajtóval.</DISK_FULL_ERROR_TEXT>
  <INSTALL_ALREADY_RUNNING_TITLE>Telepítési hiba</INSTALL_ALREADY_RUNNING_TITLE>
  <INSTALL_ALREADY_RUNNING_TEXT>A Windows telepítő jelenleg egy másik alkalmazást telepít. Kérjük, várjon, míg a telepítés befejeződik, és csak azután futtassa újra a telepítőt.</INSTALL_ALREADY_RUNNING_TEXT>
  <MULTIINSTANCE_ERROR_TITLE>Többszöri megnyitás miatti hiba</MULTIINSTANCE_ERROR_TITLE>
  <MULTIINSTANCE_ERROR_TEXT>YMeg van nyitva az alkalmazás egy másik példánya. Ez a példány bezárásra kerül.</MULTIINSTANCE_ERROR_TEXT>
  <LICENSE_AGREEMENT>Licencszerződés</LICENSE_AGREEMENT>
  <LICENSE_SCROLL_TEXT>Olvassa el a következő licencszerződést. El kell fogadnia a szerződés feltételeit a szoftver telepítésének folytatásához.</LICENSE_SCROLL_TEXT>
  <SELECT_PORT_TITLE>&amp;Port típusának kiválasztása</SELECT_PORT_TITLE>
  <BASIC_TEXT>Al&amp;ap</BASIC_TEXT>
  <DISCOVERED_PORTS>A számítógépen talált portok</DISCOVERED_PORTS>
  <IP_PORT>Normál IP port</IP_PORT>	
  <UNC_PORT>UNC Port</UNC_PORT>
  <PRINT_DRIVER_TEXT>&amp;Nyomtató-illesztőprogram típusa</PRINT_DRIVER_TEXT>
  <PORT_NAME_TEXT>Port neve</PORT_NAME_TEXT>
  <IP_ADDRESS_TEXT>IP-cím vagy állomásnév</IP_ADDRESS_TEXT>
  <NETWORK_PATH_TEXT>Hálózati elérési út</NETWORK_PATH_TEXT>
  <GEN_ERROR_TITLE>Hiba</GEN_ERROR_TITLE>
  <DUP_PORT_TEXT>Ez a portnév már létezik.</DUP_PORT_TEXT>
  <INVALID_NET_PATH_TEXT>A hálózati elérési út érvénytelen</INVALID_NET_PATH_TEXT>
  <PORT_TYPE_TEXT>Porttípus</PORT_TYPE_TEXT>
  <FILES_IN_USE_HEADER>Használatban lévő fájlok</FILES_IN_USE_HEADER>
  <RM_FILE_IN_USE_TEXT>A következő alkalmazás olyan fájlokat használ, amelyeket frissítenie kell ennek a telepítőnek.</RM_FILE_IN_USE_TEXT>
  <FILE_IN_USE_TEXT>A következő alkalmazás olyan fájlokat használ, amelyeket frissítenie kell ennek a telepítőnek. Zárja be az alkalmazást, és kattintson az Újra gombra a telepítés folytatásához, illetve a Megszakítás gombra a kilépéshez.</FILE_IN_USE_TEXT>
  <AUTO_RESTART_TEXT>&amp;A jelenlegi alkalmazás automatikusan bezáródik, és a számítógép megkísérli az újratelepítést.</AUTO_RESTART_TEXT>
  <DO_NOT_CLOSE_TEXT>&amp;Ugorja át a jelenlegi alkalmazás telepítését, majd folytassa a műveletet a beállítással.</DO_NOT_CLOSE_TEXT>
  <APPLICATION>Alkalmazás </APPLICATION>
  <IGNORE_BUTTON>Kihagyás</IGNORE_BUTTON>
  <RETRY_BUTTON>Újra</RETRY_BUTTON>
  <COMPLETED_TEXT>Elkészült</COMPLETED_TEXT>
  <CANCELED_TEXT>Megszakítva</CANCELED_TEXT>
  <UPDATED_TEXT>Frissítve</UPDATED_TEXT>
  <FAILED_TEXT>Sikertelen</FAILED_TEXT>
  <ERROR_LINK>&amp;Hibajelentés megtekintése</ERROR_LINK> 
  <PREPARE_INSTALL_TEXT>Felkészülés a telepítésre</PREPARE_INSTALL_TEXT>
  <SOFTWARE_PATH_TEXT>Válasszon egy beállítást alább</SOFTWARE_PATH_TEXT>
  <ADD_ADDITIONAL_PRINTER_TEXT>További nyomtató hozzáadása</ADD_ADDITIONAL_PRINTER_TEXT>
  <VIEW_SOFTWARE_OPTIONS_TEXT>Szoftverkiegészítők megjelenítése</VIEW_SOFTWARE_OPTIONS_TEXT>
  <CONFIG_SETTINGS_TEXT>Konfigurációs beállítások</CONFIG_SETTINGS_TEXT>
  <CONFIG_SETTINGS_BUTTON>Kon&amp;figuráció...</CONFIG_SETTINGS_BUTTON>
  <CONFIG_APPLY_FUTURE_TEXT>&amp;Alkalmazás minden jövőbeli telepítésre</CONFIG_APPLY_FUTURE_TEXT>
  <LOAD_FILE>&amp;Fájl betöltése</LOAD_FILE>
  <NEW_FILE>&amp;Új</NEW_FILE>
  <RESET_TEXT>&amp;Visszaállítás alapértékre</RESET_TEXT>
  <INVALID_PATH_TEXT>A fájlnév vagy az elérési út érvénytelen</INVALID_PATH_TEXT>
  <REGISTRATION_LINK>&amp;A termék regisztrálása</REGISTRATION_LINK>
  <DOTNET>.NET Framework</DOTNET>
  <REQUIRED_DEPENDENCY>Egy kötelező alárendelt elem nincs telepítve, illetve telepítése sikertelen volt.</REQUIRED_DEPENDENCY> 
  <SW_BYPASS_TITLE>A szoftver már telepítve van</SW_BYPASS_TITLE>
  <SW_BYPASS_TEXT>A telepítő azt észlelte, hogy ez a szoftver valószínűleg már telepítve van. Válasszon az alábbi lehetőségek közül a folytatáshoz.</SW_BYPASS_TEXT>
  <SW_BYPASS_REINSTALL>&amp;Illesztőprogram újratelepítése, vagy további illesztőprogram hozzáadása</SW_BYPASS_REINSTALL>
  <SW_BYPASS_OPTIONAL>&amp;Ugrás a további szoftverek telepítéséhez</SW_BYPASS_OPTIONAL>
  <OPTIONAL_SOFTWARE_TITLE>További szoftverek</OPTIONAL_SOFTWARE_TITLE>
  <APPS_ONLY_SOFTWARE_TITLE>Elérhető szoftverek</APPS_ONLY_SOFTWARE_TITLE>  
  <SELECT_APPS_ONLY_SOFTWARE_TEXT>&amp;A telepíteni kívánt szoftverek kiválasztása</SELECT_APPS_ONLY_SOFTWARE_TEXT>
  <SELECT_SOFTWARE_TEXT>Válassza ki &amp;a további telepítendő szoftvereket</SELECT_SOFTWARE_TEXT>
  <PRODUCT_NAME_COLUMN_HEADER>Alkalmazás neve</PRODUCT_NAME_COLUMN_HEADER>
  <VERSION_COLUMN_HEADER>Verzió</VERSION_COLUMN_HEADER>
  <SIZE_COLUMN_HEADER>Méret</SIZE_COLUMN_HEADER>
  <SOFTWARE_DESCRIPTION_TITLE>Szoft&amp;verleírás</SOFTWARE_DESCRIPTION_TITLE>
  <NEWER_VERSION_INSTALLED_TEXT>Az alkalmazás újabb vagy azonos verziója már telepítve van.</NEWER_VERSION_INSTALLED_TEXT>
  <CONTINUE_FINAL_TEXT>További szoftverelemek kiválasztásához kattintson a Folytatás gombra. A telepítőből való kilépéshez kattintson a Befejezés gombra.</CONTINUE_FINAL_TEXT>
  <CONTINUE_BUTTON>&amp;Folytatás</CONTINUE_BUTTON>
  <ALREADY_INSTALLED_TEXT>Már telepítve</ALREADY_INSTALLED_TEXT>
  <LBL_ADDITIONAL_SOFTWARE>&amp;További szoftverek telepítése</LBL_ADDITIONAL_SOFTWARE>
  <LBL_LOCALIZED_AND>és</LBL_LOCALIZED_AND>
  <OPTIONAL_DISCOVERY_TITLE>Eszköz kiválasztása</OPTIONAL_DISCOVERY_TITLE>
  <EMPTY_DRIVERCONFIG_PATH>Az elérési út nem lehet üres.</EMPTY_DRIVERCONFIG_PATH>
  <DEPENDENTAPPS_DESCRIPTION>A(z) {1} a következő elemeket tartalmazza a teljes használhatóság érdekében:</DEPENDENTAPPS_DESCRIPTION>
  <NOT_SUPPORTED_TEXT>Nem támogatott</NOT_SUPPORTED_TEXT>
  <NOT_SUPPORTED_MESSAGE_TEXT>A Windows régebbi verziói nem támogatják a lapolvasó-illesztőprogramokat.</NOT_SUPPORTED_MESSAGE_TEXT>
</STRINGS>
</STRING_TABLE>