﻿<?xml version="1.0" encoding="UTF-8"?>
<STRING_TABLE>
<ISO_LANGUAGE_ID>it</ISO_LANGUAGE_ID>
<READING_ORDER>LTR</READING_ORDER>
<CODE_PAGE>1252</CODE_PAGE>
<LANGUAGE_ID>1040</LANGUAGE_ID>
<STRINGS>
  <CANCEL_BUTTON>&amp;Annulla</CANCEL_BUTTON>
  <OK_BUTTON>&amp;Ok</OK_BUTTON>
  <INSTALL_BUTTON>&amp;Installa</INSTALL_BUTTON>
  <NEXT_BUTTON>A&amp;vanti</NEXT_BUTTON>
  <EXIT_BUTTON>&amp;Esci</EXIT_BUTTON>
  <BACK_BUTTON>In&amp;dietro</BACK_BUTTON>
  <HELP_BUTTON>&amp;Guida</HELP_BUTTON>
  <DISAGREE_BUTTON>&amp;Rifiuta</DISAGREE_BUTTON>
  <AGREE_BUTTON>&amp;Accetta</AGREE_BUTTON>
  <FINISH_BUTTON>&amp;Fine</FINISH_BUTTON>
  <INSTALL_TITLE>Programma di installazione di ^PRODUCT_NAME^</INSTALL_TITLE>
  <WELCOME_HEADER>Benvenuti al programma di installazione di ^PRODUCT_NAME^</WELCOME_HEADER>
  <WELCOME_TEXT>Fare clic su Installa per continuare o su Annulla per uscire dal programma di installazione.</WELCOME_TEXT>
  <INFOCENTER_LINK_LABEL>Avvia Centro informazioni del prodotto</INFOCENTER_LINK_LABEL>
  <PRODUCT_REGISTRATION_LINK_LABEL>Registra una stampante</PRODUCT_REGISTRATION_LINK_LABEL>
  <DISCOVERY_INFOCENTER_LINK_LABEL>Centro informazioni {0}</DISCOVERY_INFOCENTER_LINK_LABEL>
  <MANUFACTURER_TEXT>Scegliere il produttore</MANUFACTURER_TEXT>
  <MANUFACTURER_LABEL>&amp;Selezionare un produttore:</MANUFACTURER_LABEL>
  <INSTALL_PATH_LABEL_TEXT>Percorso di installazione</INSTALL_PATH_LABEL_TEXT>
  <INSTALLING_TEXT>Installazione</INSTALLING_TEXT>
  <OPTIONAL_SOFTWARE_CANCEL_CONFIRMATION_TEXT>È disponibile software aggiuntivo da installare o aggiornare.
Uscire senza installare il software aggiuntivo?</OPTIONAL_SOFTWARE_CANCEL_CONFIRMATION_TEXT>
  <CANCELING_TEXT>Annullamento in corso</CANCELING_TEXT>
  <UNINSTALLING_TEXT>Disinstallazione di</UNINSTALLING_TEXT>
  <INSTALL_SUCCESS_HEADING_TEXT>Installazione completata</INSTALL_SUCCESS_HEADING_TEXT>
  <INSTALL_COMPLETE_TEXT>Installazione completata.</INSTALL_COMPLETE_TEXT>
  <DRIVER_INSTALL_COMPLETE_TEXT>L'installazione del driver è stata completata correttamente.</DRIVER_INSTALL_COMPLETE_TEXT>
  <CANCEL_CONFIRMATION_TEXT>Installazione del software non completata.
Annullare l'installazione?</CANCEL_CONFIRMATION_TEXT>
  <INSTALL_CANCELED_TEXT>L'installazione è stata annullata.</INSTALL_CANCELED_TEXT>
  <INSTALL_CANCELED_HEADING_TEXT>Installazione annullata</INSTALL_CANCELED_HEADING_TEXT> 
  <REBOOT_HEADER_TEXT>È necessario riavviare</REBOOT_HEADER_TEXT>
  <USB_REBOOT_TEXT>È necessario riavviare il computer. Per completare l'installazione, connettere la stampante al computer con un cavo USB dopo aver riavviato il computer.</USB_REBOOT_TEXT>
  <REBOOT_TEXT>È necessario riavviare il sistema per completare l'installazione correttamente.</REBOOT_TEXT>
  <REBOOT_NOW_TEXT>&amp;Continuare con il riavvio del computer ora</REBOOT_NOW_TEXT>
  <REBOOT_LATER_TEXT>&amp;Riavviare il computer manualmente più tardi</REBOOT_LATER_TEXT>
  <SECURITY_TITLE>Notifiche di sicurezza</SECURITY_TITLE>
  <SECURITY_TEXT>L'autorizzazione per accedere al software ^OEM^ è obbligatoria.

Consentire sempre l'accesso al software ^OEM^ per l'installazione.</SECURITY_TEXT>
  <DISCOVERY_TITLE>Seleziona stampante e driver</DISCOVERY_TITLE>
  <DISCOVERED_DEVICES_TEXT>Connessione tramite una &amp;porta rilevata sul computer.</DISCOVERED_DEVICES_TEXT>
  <DISCOVERED_DEVICES_LIST>Stampanti rilevate</DISCOVERED_DEVICES_LIST>
  <DISCOVERED_LIST_COLUMN_SEARCHING>Ricerca...</DISCOVERED_LIST_COLUMN_SEARCHING>
  <NO_PRINTER_FOUND>Nessuna stampante trovata</NO_PRINTER_FOUND>
  <DISCOVERED_LIST_COLUMN_MODEL>Nome modello</DISCOVERED_LIST_COLUMN_MODEL>
  <DISCOVERED_LIST_COLUMN_IPADDRESS>Indirizzo IP</DISCOVERED_LIST_COLUMN_IPADDRESS>
  <DISCOVERED_LIST_COLUMN_PRINTERNAME>Nome host</DISCOVERED_LIST_COLUMN_PRINTERNAME>
  <DISCOVERED_LIST_COLUMN_SCANNER>Scanner</DISCOVERED_LIST_COLUMN_SCANNER>
  <DISCOVERED_LIST_COLUMN_PRINTER>Stampante</DISCOVERED_LIST_COLUMN_PRINTER>
  <DISCOVERED_LIST_COLUMN_MACADDRESS>Indirizzo MAC</DISCOVERED_LIST_COLUMN_MACADDRESS>
  <SHOW_DEVICE_STATUS_TEXT>Mostra stato stampante</SHOW_DEVICE_STATUS_TEXT>
  <MODIFY_SEARCH_TEXT>&amp;La stampante non è presente nell'elenco...</MODIFY_SEARCH_TEXT>
  <PRINTER_GROUP_TEXT>Stampante</PRINTER_GROUP_TEXT>
  <REFRESH_TEXT>&amp;Aggiorna</REFRESH_TEXT>
  <ADVANCED_TEXT>Ava&amp;nzate</ADVANCED_TEXT>
  <YES>Sì</YES>
  <COLOR>A colori</COLOR>
  <MONO>Monocromatico</MONO>
  <ADD_NETWORK_PRINTER>Trova stampanti</ADD_NETWORK_PRINTER>
  <LOCAL_SUBNET_SEARCH>Ricerca subnet &amp;locale</LOCAL_SUBNET_SEARCH>
  <LOCAL_SUBNET_SEARCH_TOOLTIP>Selezionare questa opzione per cercare le periferiche sulla rete locale.</LOCAL_SUBNET_SEARCH_TOOLTIP>
  <IP_HOSTNAME_SEARCH>Ricerca Host/Indirizzo &amp;IP</IP_HOSTNAME_SEARCH>
  <IP_HOSTNAME_SEARCH_TOOLTIP>Selezionare questa opzione se si conosce il nome host o l'indirizzo IP della periferica.</IP_HOSTNAME_SEARCH_TOOLTIP>
  <SUBNET_SEARCH>Ricerca &amp;subnet</SUBNET_SEARCH>
  <SUBNET_SEARCH_TOOLTIP>Selezionare questa opzione per cercare le periferiche su una rete remota.</SUBNET_SEARCH_TOOLTIP>
  <IP_ADDRESS>Indirizzo IP</IP_ADDRESS>
  <SUBNET_MASK>Maschera di subnet</SUBNET_MASK>
  <MSG_HOSTNAME_LIMIT>Il nome host non può essere più lungo di 255 caratteri.</MSG_HOSTNAME_LIMIT>
  <MSG_INVALID_IPHOST_NAME>Nome host o indirizzo IP non valido.</MSG_INVALID_IPHOST_NAME>
  <MSG_IP_LIMIT>L'indirizzo IP non può essere più lungo di 45 caratteri.</MSG_IP_LIMIT>
  <MSG_INVALID_IP>Indirizzo IP non valido.</MSG_INVALID_IP>
  <MSG_INVALID_SUBNET>Indirizzo subnet non valido.</MSG_INVALID_SUBNET>
  <MSG_SUBNET_LIMIT>La maschera di subnet non può essere più lunga di 45 caratteri.</MSG_SUBNET_LIMIT>
  <CONNECT_WITH_USB_TEXT>Connetti con un cavo US&amp;B.</CONNECT_WITH_USB_TEXT>
  <CONNECT_WITH_TRAVELPRINT_TEXT>Connetti tramite S&amp;tampa mobile.</CONNECT_WITH_TRAVELPRINT_TEXT>
  <USB_FINAL_TEXT>Software installato correttamente. Per completare l´installazione, connettere la stampante al computer con un cavo USB.</USB_FINAL_TEXT>
  <ERROR_TITLE>Errore di installazione</ERROR_TITLE>
  <ERROR_TEXT>Si è verificato un errore durante l'installazione. L'installazione verrà annullata. Riprovare a installare.</ERROR_TEXT>
  <PERMISSION_ERROR_TITLE>Accesso negato</PERMISSION_ERROR_TITLE>
  <PERMISSION_ERROR_TEXT>Non si dispone dei privilegi necessari per eseguire il programma di installazione. Contattare l'amministratore di sistema.</PERMISSION_ERROR_TEXT>
  <DISK_FULL_ERROR_TITLE>Spazio su disco insufficiente</DISK_FULL_ERROR_TITLE>
  <DISK_FULL_ERROR_TEXT>Liberare spazio o provare con un'altra unità.</DISK_FULL_ERROR_TEXT>
  <INSTALL_ALREADY_RUNNING_TITLE>Errore di installazione</INSTALL_ALREADY_RUNNING_TITLE>
  <INSTALL_ALREADY_RUNNING_TEXT>In programma di installazione di Windows è occupato con l'installazione di un'altra applicazione. Attendere il termine di tale installazione prima di eseguire nuovamente il programma di installazione.</INSTALL_ALREADY_RUNNING_TEXT>
  <MULTIINSTANCE_ERROR_TITLE>Errore istanza multipla</MULTIINSTANCE_ERROR_TITLE>
  <MULTIINSTANCE_ERROR_TEXT>C'è un'altra istanza dell'applicazione aperta. Questa istanza verrà chiusa.</MULTIINSTANCE_ERROR_TEXT>
  <LICENSE_AGREEMENT>Contratto di licenza</LICENSE_AGREEMENT>
  <LICENSE_SCROLL_TEXT>Leggere il seguente contratto di licenza. Per continuare con l'installazione del software, è necessario accettare il contratto.</LICENSE_SCROLL_TEXT>
  <SELECT_PORT_TITLE>&amp;Selezionare un tipo di porta</SELECT_PORT_TITLE>
  <BASIC_TEXT>Di &amp;base</BASIC_TEXT>
  <DISCOVERED_PORTS>Porte rilevate nel computer</DISCOVERED_PORTS>
  <IP_PORT>Porta IP standard</IP_PORT>	
  <UNC_PORT>Porta UNC</UNC_PORT>
  <PRINT_DRIVER_TEXT>T&amp;ipo di driver di stampa</PRINT_DRIVER_TEXT>
  <PORT_NAME_TEXT>Nome porta</PORT_NAME_TEXT>
  <IP_ADDRESS_TEXT>Indirizzo IP o nome host</IP_ADDRESS_TEXT>
  <NETWORK_PATH_TEXT>Percorso di rete</NETWORK_PATH_TEXT>
  <GEN_ERROR_TITLE>Errore</GEN_ERROR_TITLE>
  <DUP_PORT_TEXT>Il nome della porta già esiste.</DUP_PORT_TEXT>
  <INVALID_NET_PATH_TEXT>Percorso di rete non valido.</INVALID_NET_PATH_TEXT>
  <PORT_TYPE_TEXT>Tipo di porta</PORT_TYPE_TEXT>
  <FILES_IN_USE_HEADER>File in uso</FILES_IN_USE_HEADER>
  <RM_FILE_IN_USE_TEXT>La seguente applicazione sta utilizzando i file che devono essere aggiornati da questa installazione.</RM_FILE_IN_USE_TEXT>
  <FILE_IN_USE_TEXT>La seguente applicazione sta utilizzando file che devono essere aggiornati da questa installazione. Chiudere l'applicazione, quindi fare clic su Riprova per continuare l'installazione o su Annulla per uscire dall'installazione.</FILE_IN_USE_TEXT>
  <AUTO_RESTART_TEXT>Chiudi &amp;automaticamente l'applicazione corrente e tenta di reinstallarla.</AUTO_RESTART_TEXT>
  <DO_NOT_CLOSE_TEXT>&amp;Ignora l'installazione dell'applicazione corrente e continua con l'installazione.</DO_NOT_CLOSE_TEXT>
  <APPLICATION>Applicazione </APPLICATION>
  <IGNORE_BUTTON>Ignora</IGNORE_BUTTON>
  <RETRY_BUTTON>Riprova</RETRY_BUTTON>
  <COMPLETED_TEXT>Completato</COMPLETED_TEXT>
  <CANCELED_TEXT>Annullato</CANCELED_TEXT>
  <UPDATED_TEXT>Aggiornato</UPDATED_TEXT>
  <FAILED_TEXT>Errore</FAILED_TEXT>
  <ERROR_LINK>&amp;Visualizza rapporto di errore</ERROR_LINK> 
  <PREPARE_INSTALL_TEXT>Preparazione dell'installazione in corso</PREPARE_INSTALL_TEXT>
  <SOFTWARE_PATH_TEXT>Scegliere un'opzione sotto</SOFTWARE_PATH_TEXT>
  <ADD_ADDITIONAL_PRINTER_TEXT>Aggiungi stampante aggiuntiva</ADD_ADDITIONAL_PRINTER_TEXT>
  <VIEW_SOFTWARE_OPTIONS_TEXT>Visualizza opzioni software</VIEW_SOFTWARE_OPTIONS_TEXT>
  <CONFIG_SETTINGS_TEXT>Impostazioni di configurazione</CONFIG_SETTINGS_TEXT>
  <CONFIG_SETTINGS_BUTTON>Config&amp;urazione...</CONFIG_SETTINGS_BUTTON>
  <CONFIG_APPLY_FUTURE_TEXT>&amp;Applica a tutte le installazioni future</CONFIG_APPLY_FUTURE_TEXT>
  <LOAD_FILE>&amp;Carica file</LOAD_FILE>
  <NEW_FILE>&amp;Nuovo</NEW_FILE>
  <RESET_TEXT>&amp;Ripristina su predefinito</RESET_TEXT>
  <INVALID_PATH_TEXT>Nome file o percorso non valido</INVALID_PATH_TEXT>
  <REGISTRATION_LINK>&amp;Registra il prodotto</REGISTRATION_LINK>
  <DOTNET>.NET Framework</DOTNET>
  <REQUIRED_DEPENDENCY>Una dipendenza richiesta non è installata o l'installazione non è riuscita.</REQUIRED_DEPENDENCY> 
  <SW_BYPASS_TITLE>Software già installato</SW_BYPASS_TITLE>
  <SW_BYPASS_TEXT>Il programma di installazione ha rilevato che questo software potrebbe già essere installato. Selezionare un'opzione sotto per continuare.</SW_BYPASS_TEXT>
  <SW_BYPASS_REINSTALL>&amp;Reinstalla driver o aggiungi un altro driver</SW_BYPASS_REINSTALL>
  <SW_BYPASS_OPTIONAL>&amp;Passa all'installazione del software aggiuntivo</SW_BYPASS_OPTIONAL>
  <OPTIONAL_SOFTWARE_TITLE>Software aggiuntivo</OPTIONAL_SOFTWARE_TITLE>
  <APPS_ONLY_SOFTWARE_TITLE>Software disponibile</APPS_ONLY_SOFTWARE_TITLE>  
  <SELECT_APPS_ONLY_SOFTWARE_TEXT>&amp;Selezionare il software da installare</SELECT_APPS_ONLY_SOFTWARE_TEXT>
  <SELECT_SOFTWARE_TEXT>&amp;Seleziona software aggiuntivo da installare</SELECT_SOFTWARE_TEXT>
  <PRODUCT_NAME_COLUMN_HEADER>Nome applicazione</PRODUCT_NAME_COLUMN_HEADER>
  <VERSION_COLUMN_HEADER>Versione</VERSION_COLUMN_HEADER>
  <SIZE_COLUMN_HEADER>Dimensione</SIZE_COLUMN_HEADER>
  <SOFTWARE_DESCRIPTION_TITLE>Descrizione so&amp;ftware</SOFTWARE_DESCRIPTION_TITLE>
  <NEWER_VERSION_INSTALLED_TEXT>Una versione più recente o identica dell'applicazione è già installata.</NEWER_VERSION_INSTALLED_TEXT>
  <CONTINUE_FINAL_TEXT>Fare clic sul pulsante Continua per selezionare componenti software aggiuntivi o fare clic su Fine per uscire dal programma di installazione.</CONTINUE_FINAL_TEXT>
  <CONTINUE_BUTTON>&amp;Continua</CONTINUE_BUTTON>
  <ALREADY_INSTALLED_TEXT>Già installato</ALREADY_INSTALLED_TEXT>
  <LBL_ADDITIONAL_SOFTWARE>&amp;Installa il software aggiuntivo</LBL_ADDITIONAL_SOFTWARE>
  <LBL_LOCALIZED_AND>e</LBL_LOCALIZED_AND>
  <OPTIONAL_DISCOVERY_TITLE>Scegliere la periferica</OPTIONAL_DISCOVERY_TITLE>
  <EMPTY_DRIVERCONFIG_PATH>Il percorso non può essere vuoto.</EMPTY_DRIVERCONFIG_PATH>
  <DEPENDENTAPPS_DESCRIPTION>{1} include i seguenti componenti per la funzionalità completa:</DEPENDENTAPPS_DESCRIPTION>
  <NOT_SUPPORTED_TEXT>Non supportato</NOT_SUPPORTED_TEXT>
  <NOT_SUPPORTED_MESSAGE_TEXT>I driver di acquisizione non sono supportati nelle precedenti versioni di Windows.</NOT_SUPPORTED_MESSAGE_TEXT>
</STRINGS>
</STRING_TABLE>