﻿<?xml version="1.0" encoding="UTF-8"?>
<STRING_TABLE>
<ISO_LANGUAGE_ID>ja</ISO_LANGUAGE_ID>
<READING_ORDER>LTR</READING_ORDER>
<CODE_PAGE>932</CODE_PAGE>
<LANGUAGE_ID>1041</LANGUAGE_ID>
<STRINGS>
  <CANCEL_BUTTON>キャンセル(&amp;C)</CANCEL_BUTTON>
  <OK_BUTTON>続ける(&amp;O)</OK_BUTTON>
  <INSTALL_BUTTON>インストール</INSTALL_BUTTON>
  <NEXT_BUTTON>次へ</NEXT_BUTTON>
  <EXIT_BUTTON>終了</EXIT_BUTTON>
  <BACK_BUTTON>戻る</BACK_BUTTON>
  <HELP_BUTTON>ヘルプ</HELP_BUTTON>
  <DISAGREE_BUTTON>拒否</DISAGREE_BUTTON>
  <AGREE_BUTTON>同意</AGREE_BUTTON>
  <FINISH_BUTTON>完了(&amp;F)</FINISH_BUTTON>
  <INSTALL_TITLE>^PRODUCT_NAME^ インストーラ</INSTALL_TITLE>
  <WELCOME_HEADER>^PRODUCT_NAME^ のインストーラへようこそ</WELCOME_HEADER>
  <WELCOME_TEXT>続行するには［インストール］を、インストーラを終了するには［キャンセル］をクリックしてください。</WELCOME_TEXT>
  <INFOCENTER_LINK_LABEL>製品情報センターページを参照</INFOCENTER_LINK_LABEL>
  <DISCOVERY_INFOCENTER_LINK_LABEL>{0} 情報センター</DISCOVERY_INFOCENTER_LINK_LABEL>
  <PRODUCT_REGISTRATION_LINK_LABEL>プリンタの登録</PRODUCT_REGISTRATION_LINK_LABEL>
  <MANUFACTURER_TEXT>製造元の選択</MANUFACTURER_TEXT>
  <MANUFACTURER_LABEL>製造元の選択：</MANUFACTURER_LABEL>
  <INSTALL_PATH_LABEL_TEXT>インストールパス</INSTALL_PATH_LABEL_TEXT>
  <INSTALLING_TEXT>インストール</INSTALLING_TEXT>
  <OPTIONAL_SOFTWARE_CANCEL_CONFIRMATION_TEXT>インストールまたは更新できる追加のソフトウェアがあります。
追加のソフトウェアをインストールしないで終了しますか？</OPTIONAL_SOFTWARE_CANCEL_CONFIRMATION_TEXT>
  <CANCELING_TEXT>キャンセル中</CANCELING_TEXT>
  <UNINSTALLING_TEXT>のアンインストール中</UNINSTALLING_TEXT>
  <INSTALL_SUCCESS_HEADING_TEXT>正常にインストールしました</INSTALL_SUCCESS_HEADING_TEXT>
  <INSTALL_COMPLETE_TEXT>インストールは正常に完了しました。</INSTALL_COMPLETE_TEXT>
  <DRIVER_INSTALL_COMPLETE_TEXT>ドライバのインストールは正常に完了しました。</DRIVER_INSTALL_COMPLETE_TEXT>
  <CANCEL_CONFIRMATION_TEXT>ソフトウェアのインストールが完了しませんでした。
インストールをキャンセルしますか？</CANCEL_CONFIRMATION_TEXT>
  <INSTALL_CANCELED_TEXT>インストールがキャンセルされました。</INSTALL_CANCELED_TEXT>
  <INSTALL_CANCELED_HEADING_TEXT>インストールがキャンセルされました</INSTALL_CANCELED_HEADING_TEXT> 
  <REBOOT_HEADER_TEXT>再起動が必要です</REBOOT_HEADER_TEXT>
  <USB_REBOOT_TEXT>。 インストールを完了するには、コンピュータの再起動後に、プリンタとコンピュータを USB ケーブルで接続してください。</USB_REBOOT_TEXT>
  <REBOOT_TEXT>インストールを正常に完了するにはシステムを再起動する必要があります。</REBOOT_TEXT>
  <REBOOT_NOW_TEXT>コンピュータを今すぐ再起動する(&amp;C)</REBOOT_NOW_TEXT>
  <REBOOT_LATER_TEXT>後から手動でコンピュータを再起動する(&amp;M)</REBOOT_LATER_TEXT>
  <SECURITY_TITLE>セキュリティの通知</SECURITY_TITLE>
  <SECURITY_TEXT>^OEM^ ソフトウェアへのアクセス権限が必要です。

インストールするには、^OEM^ ソフトウェアへのアクセスを常に許可してください。</SECURITY_TEXT>
  <DISCOVERY_TITLE>プリンタおよびドライバの選択</DISCOVERY_TITLE>
  <DISCOVERED_DEVICES_TEXT>コンピュータで検出されたポート経由で接続します。</DISCOVERED_DEVICES_TEXT>
  <DISCOVERED_DEVICES_LIST>検出されたプリンタ</DISCOVERED_DEVICES_LIST>
  <DISCOVERED_LIST_COLUMN_SEARCHING>検索中...</DISCOVERED_LIST_COLUMN_SEARCHING>
  <NO_PRINTER_FOUND>プリンタが見つかりません</NO_PRINTER_FOUND>
  <DISCOVERED_LIST_COLUMN_MODEL>モデル名</DISCOVERED_LIST_COLUMN_MODEL>
  <DISCOVERED_LIST_COLUMN_IPADDRESS>IP アドレス</DISCOVERED_LIST_COLUMN_IPADDRESS>
  <DISCOVERED_LIST_COLUMN_PRINTERNAME>ホスト名</DISCOVERED_LIST_COLUMN_PRINTERNAME>
  <DISCOVERED_LIST_COLUMN_SCANNER>スキャナ</DISCOVERED_LIST_COLUMN_SCANNER>
  <DISCOVERED_LIST_COLUMN_PRINTER>プリンタ</DISCOVERED_LIST_COLUMN_PRINTER>
  <DISCOVERED_LIST_COLUMN_MACADDRESS>MAC アドレス </DISCOVERED_LIST_COLUMN_MACADDRESS>
  <SHOW_DEVICE_STATUS_TEXT>プリンタのステータスを表示</SHOW_DEVICE_STATUS_TEXT>
  <MODIFY_SEARCH_TEXT>お使いのプリンタが表示されない場合...(&amp;M)</MODIFY_SEARCH_TEXT>
  <PRINTER_GROUP_TEXT>プリンタ</PRINTER_GROUP_TEXT>
  <REFRESH_TEXT>更新</REFRESH_TEXT>
  <ADVANCED_TEXT>詳細</ADVANCED_TEXT>
  <YES>はい</YES>
  <COLOR>カラー</COLOR>
  <MONO>モノクロ</MONO>
  <ADD_NETWORK_PRINTER>プリンタの検索</ADD_NETWORK_PRINTER>
  <LOCAL_SUBNET_SEARCH>ローカルサブネット検索(&amp;L)</LOCAL_SUBNET_SEARCH>
  <LOCAL_SUBNET_SEARCH_TOOLTIP>ローカルネットワーク上のデバイスを検索する場合に選択します。</LOCAL_SUBNET_SEARCH_TOOLTIP>
  <IP_HOSTNAME_SEARCH>ホスト名/IP アドレス検索(&amp;I)</IP_HOSTNAME_SEARCH>
  <IP_HOSTNAME_SEARCH_TOOLTIP>プリンタのホスト名または IP アドレスがわかっている場合に選択します。</IP_HOSTNAME_SEARCH_TOOLTIP>
  <SUBNET_SEARCH>サブネット検索(&amp;S)</SUBNET_SEARCH>
  <SUBNET_SEARCH_TOOLTIP>リモートネットワーク上のデバイスを検索する場合に選択します。</SUBNET_SEARCH_TOOLTIP>
  <IP_ADDRESS>IP アドレス</IP_ADDRESS>
  <SUBNET_MASK>サブネットマスク</SUBNET_MASK>
  <MSG_HOSTNAME_LIMIT>ホスト名は 255 文字以内にしてください。</MSG_HOSTNAME_LIMIT>
  <MSG_INVALID_IPHOST_NAME>ホスト名または IP アドレスが無効です。</MSG_INVALID_IPHOST_NAME>
  <MSG_IP_LIMIT>IP アドレスは 45 文字以内にしてください。</MSG_IP_LIMIT>
  <MSG_INVALID_IP>IP アドレスが無効です。</MSG_INVALID_IP>
  <MSG_INVALID_SUBNET>サブネットアドレスが無効です。</MSG_INVALID_SUBNET>
  <MSG_SUBNET_LIMIT>サブネットマスクは 45 文字以内にしてください。</MSG_SUBNET_LIMIT>
  <CONNECT_WITH_USB_TEXT>USB ケーブルで接続します。</CONNECT_WITH_USB_TEXT>
  <CONNECT_WITH_TRAVELPRINT_TEXT>トラベル印刷による接続</CONNECT_WITH_TRAVELPRINT_TEXT>
  <USB_FINAL_TEXT>ソフトウェアは正常にインストールされました。 インストールを完了するには、プリンタとコンピュータを USB ケーブルで接続してください。</USB_FINAL_TEXT>
  <ERROR_TITLE>インストールエラー</ERROR_TITLE>
  <ERROR_TEXT>。 インストールはキャンセルされます。 再度インストールしてください。</ERROR_TEXT>
  <PERMISSION_ERROR_TITLE>アクセスが拒否されました</PERMISSION_ERROR_TITLE>
  <PERMISSION_ERROR_TEXT>インストールソフトウェアを実行するために必要な権限がありません。 システム管理者にご相談ください。</PERMISSION_ERROR_TEXT>
  <DISK_FULL_ERROR_TITLE>ディスクの空き容量が不足しています</DISK_FULL_ERROR_TITLE>
  <DISK_FULL_ERROR_TEXT>容量を空けるか他のドライブをお試しください。</DISK_FULL_ERROR_TEXT>
  <INSTALL_ALREADY_RUNNING_TITLE>インストールエラー</INSTALL_ALREADY_RUNNING_TITLE>
  <INSTALL_ALREADY_RUNNING_TEXT>Windows インストーラは、他のアプリケーションのインストール中です。 そのインストールが終了してから、もう一度インストーラを実行してください。</INSTALL_ALREADY_RUNNING_TEXT>
  <MULTIINSTANCE_ERROR_TITLE>複数のインスタンスエラー</MULTIINSTANCE_ERROR_TITLE>
  <MULTIINSTANCE_ERROR_TEXT>このアプリケーションの別のインスタンスが開かれています。このインスタンスは閉じられます。</MULTIINSTANCE_ERROR_TEXT>
  <LICENSE_AGREEMENT>ライセンス契約</LICENSE_AGREEMENT>
  <LICENSE_SCROLL_TEXT>以下のライセンス契約をお読みください。 ソフトウェアのインストールを続行するには、このライセンス契約に同意する必要があります。</LICENSE_SCROLL_TEXT>
  <SELECT_PORT_TITLE>ポートの種類の選択</SELECT_PORT_TITLE>
  <BASIC_TEXT>基本(&amp;A)</BASIC_TEXT>
  <DISCOVERED_PORTS>コンピュータ上で検出されたポート</DISCOVERED_PORTS>
  <IP_PORT>標準IPポート</IP_PORT>	
  <UNC_PORT>UNC ポート</UNC_PORT>
  <PRINT_DRIVER_TEXT>プリンタドライバの種類</PRINT_DRIVER_TEXT>
  <PORT_NAME_TEXT>ポート名</PORT_NAME_TEXT>
  <IP_ADDRESS_TEXT>IP アドレスまたはホスト名</IP_ADDRESS_TEXT>
  <NETWORK_PATH_TEXT>ネットワークパス</NETWORK_PATH_TEXT>
  <GEN_ERROR_TITLE>エラー</GEN_ERROR_TITLE>
  <DUP_PORT_TEXT>ポート名は既に存在します。</DUP_PORT_TEXT>
  <INVALID_NET_PATH_TEXT>ネットワークパスが無効です。</INVALID_NET_PATH_TEXT>
  <PORT_TYPE_TEXT>ポートの種類</PORT_TYPE_TEXT>
  <FILES_IN_USE_HEADER>使用中のファイル</FILES_IN_USE_HEADER>
  <RM_FILE_IN_USE_TEXT>このセットアップによって更新する必要のあるファイルが、以下のアプリケーションで使用中です。</RM_FILE_IN_USE_TEXT>
  <FILE_IN_USE_TEXT>このセットアップによって更新する必要のあるファイルが、以下のアプリケーションで使用中です。 インストールを続行するには、アプリケーションを終了して［再試行］をクリックします。インストールを終了するには、［キャンセル］をクリックします。</FILE_IN_USE_TEXT>
  <AUTO_RESTART_TEXT>現在のアプリケーションを自動的に終了し、再インストールを試みます。(&amp;A)</AUTO_RESTART_TEXT>
  <DO_NOT_CLOSE_TEXT>現在のアプリケーションのインストールをスキップし、セットアップを続行します。(&amp;S)</DO_NOT_CLOSE_TEXT>
  <APPLICATION>アプリケーション </APPLICATION>
  <IGNORE_BUTTON>無視</IGNORE_BUTTON>
  <RETRY_BUTTON>リダイヤル</RETRY_BUTTON>
  <COMPLETED_TEXT>完了</COMPLETED_TEXT>
  <CANCELED_TEXT>キャンセル</CANCELED_TEXT>
  <UPDATED_TEXT>更新されました</UPDATED_TEXT>
  <FAILED_TEXT>失敗</FAILED_TEXT>
  <ERROR_LINK>エラーレポートを表示</ERROR_LINK> 
  <PREPARE_INSTALL_TEXT>インストールの準備中</PREPARE_INSTALL_TEXT>
  <SOFTWARE_PATH_TEXT>以下のオプションを選択してください</SOFTWARE_PATH_TEXT>
  <ADD_ADDITIONAL_PRINTER_TEXT>追加のプリンタを追加</ADD_ADDITIONAL_PRINTER_TEXT>
  <VIEW_SOFTWARE_OPTIONS_TEXT>ソフトウェアのオプションを表示</VIEW_SOFTWARE_OPTIONS_TEXT>
  <CONFIG_SETTINGS_TEXT>構成設定</CONFIG_SETTINGS_TEXT>
  <CONFIG_SETTINGS_BUTTON>設定...</CONFIG_SETTINGS_BUTTON>
  <CONFIG_APPLY_FUTURE_TEXT>今後のインストールすべてに適用</CONFIG_APPLY_FUTURE_TEXT>
  <LOAD_FILE>ファイルの読み込み</LOAD_FILE>
  <NEW_FILE>新規作成</NEW_FILE>
  <RESET_TEXT>標準設定にリセット</RESET_TEXT>
  <INVALID_PATH_TEXT>ファイル名またはパスが無効です</INVALID_PATH_TEXT>
  <REGISTRATION_LINK>ユーザー登録</REGISTRATION_LINK>
  <DOTNET>.NET Framework</DOTNET>
  <REQUIRED_DEPENDENCY>必要な依存関係がインストールされていません。またはインストールに失敗しました。</REQUIRED_DEPENDENCY> 
  <SW_BYPASS_TITLE>既にインストールされています</SW_BYPASS_TITLE>
  <SW_BYPASS_TEXT>このソフトウェアはすでにコンピュータにインストールされている可能性があります。 続行するには、以下のオプションを 1 つ選択してください。</SW_BYPASS_TEXT>
  <SW_BYPASS_REINSTALL>ドライバを再インストールするか新しいドライバを追加する</SW_BYPASS_REINSTALL>
  <SW_BYPASS_OPTIONAL>追加するソフトウェアのインストールへ進む</SW_BYPASS_OPTIONAL>
  <OPTIONAL_SOFTWARE_TITLE>追加のソフトウェア</OPTIONAL_SOFTWARE_TITLE>
  <APPS_ONLY_SOFTWARE_TITLE>使用可能なソフトウェア</APPS_ONLY_SOFTWARE_TITLE>  
  <SELECT_APPS_ONLY_SOFTWARE_TEXT>インストールするソフトウェアを選択する</SELECT_APPS_ONLY_SOFTWARE_TEXT>
  <SELECT_SOFTWARE_TEXT>インストールする追加のソフトウェアの選択</SELECT_SOFTWARE_TEXT>
  <PRODUCT_NAME_COLUMN_HEADER>ソフトウェア名</PRODUCT_NAME_COLUMN_HEADER>
  <VERSION_COLUMN_HEADER>バージョン</VERSION_COLUMN_HEADER>
  <SIZE_COLUMN_HEADER>大きさ</SIZE_COLUMN_HEADER>
  <SOFTWARE_DESCRIPTION_TITLE>ソフトウェアの説明</SOFTWARE_DESCRIPTION_TITLE>
  <NEWER_VERSION_INSTALLED_TEXT>アプリケーションの新しいまたは同じバージョンがすでにインストールされています。</NEWER_VERSION_INSTALLED_TEXT>
  <CONTINUE_FINAL_TEXT>［続ける］ボタンをクリックして追加するソフトウェアコンポーネントを選択するか、［完了］をクリックしてインストーラを終了します。</CONTINUE_FINAL_TEXT>
  <CONTINUE_BUTTON>続ける</CONTINUE_BUTTON>
  <ALREADY_INSTALLED_TEXT>すでにインストールされています</ALREADY_INSTALLED_TEXT>
  <LBL_ADDITIONAL_SOFTWARE>追加ソフトウェアのインストール</LBL_ADDITIONAL_SOFTWARE>
  <LBL_LOCALIZED_AND>および</LBL_LOCALIZED_AND>
  <OPTIONAL_DISCOVERY_TITLE>デバイスを選択</OPTIONAL_DISCOVERY_TITLE>
  <EMPTY_DRIVERCONFIG_PATH>パスを空白にすることはできません。</EMPTY_DRIVERCONFIG_PATH>
  <DEPENDENTAPPS_DESCRIPTION>{1} には、すべての機能を使用するための以下のコンポーネントが含まれています。</DEPENDENTAPPS_DESCRIPTION>
  <NOT_SUPPORTED_TEXT>利用不可</NOT_SUPPORTED_TEXT>
  <NOT_SUPPORTED_MESSAGE_TEXT>古いバージョンの Windows では、スキャンドライバはサポートされていません。</NOT_SUPPORTED_MESSAGE_TEXT>
</STRINGS>
</STRING_TABLE>