﻿<?xml version="1.0" encoding="UTF-8"?>
<STRING_TABLE>
<ISO_LANGUAGE_ID>ko</ISO_LANGUAGE_ID>
<READING_ORDER>LTR</READING_ORDER>
<CODE_PAGE>949</CODE_PAGE>
<LANGUAGE_ID>1042</LANGUAGE_ID>
<STRINGS>
  <CANCEL_BUTTON>취소(&amp;C)</CANCEL_BUTTON>
  <OK_BUTTON>확인(&amp;O)</OK_BUTTON>
  <INSTALL_BUTTON>설치</INSTALL_BUTTON>
  <NEXT_BUTTON>다음</NEXT_BUTTON>
  <EXIT_BUTTON>종료</EXIT_BUTTON>
  <BACK_BUTTON>뒤로</BACK_BUTTON>
  <HELP_BUTTON>도움말</HELP_BUTTON>
  <DISAGREE_BUTTON>거절</DISAGREE_BUTTON>
  <AGREE_BUTTON>수락</AGREE_BUTTON>
  <FINISH_BUTTON>완료(&amp;F)</FINISH_BUTTON>
  <INSTALL_TITLE>^PRODUCT_NAME^ 설치 프로그램</INSTALL_TITLE>
  <WELCOME_HEADER>^PRODUCT_NAME^ 설치 프로그램 시작</WELCOME_HEADER>
  <WELCOME_TEXT>계속하려면 [설치]를 누르고 설치 프로그램을 종료하려면 [취소]를 누르십시오.</WELCOME_TEXT>
  <INFOCENTER_LINK_LABEL>제품 정보 센터 시작</INFOCENTER_LINK_LABEL>
  <PRODUCT_REGISTRATION_LINK_LABEL>프린터 등록</PRODUCT_REGISTRATION_LINK_LABEL>
  <DISCOVERY_INFOCENTER_LINK_LABEL>{0} 정보 센터</DISCOVERY_INFOCENTER_LINK_LABEL>
  <MANUFACTURER_TEXT>제조업체 선택</MANUFACTURER_TEXT>
  <MANUFACTURER_LABEL>제조업체 선택:</MANUFACTURER_LABEL>
  <INSTALL_PATH_LABEL_TEXT>설치 경로</INSTALL_PATH_LABEL_TEXT>
  <INSTALLING_TEXT>설치</INSTALLING_TEXT>
  <OPTIONAL_SOFTWARE_CANCEL_CONFIRMATION_TEXT>설치 또는 업데이트 할 추가 소프트웨어가 있습니다.
추가 소프트웨어를 설치하지 않고 종료하시겠습니까?</OPTIONAL_SOFTWARE_CANCEL_CONFIRMATION_TEXT>
  <CANCELING_TEXT>취소 중</CANCELING_TEXT>
  <UNINSTALLING_TEXT>설치 제거</UNINSTALLING_TEXT>
  <INSTALL_SUCCESS_HEADING_TEXT>설치 성공</INSTALL_SUCCESS_HEADING_TEXT>
  <INSTALL_COMPLETE_TEXT>설치 작업이 성공적으로 완료되었습니다.</INSTALL_COMPLETE_TEXT>
  <DRIVER_INSTALL_COMPLETE_TEXT>드라이버 설치가 성공적으로 완료되었습니다.</DRIVER_INSTALL_COMPLETE_TEXT>
  <CANCEL_CONFIRMATION_TEXT>소프트웨어 설치가 완료되지 않았습니다.
설치를 취소하시겠습니까?</CANCEL_CONFIRMATION_TEXT>
  <INSTALL_CANCELED_TEXT>설치가 취소되었습니다.</INSTALL_CANCELED_TEXT>
  <INSTALL_CANCELED_HEADING_TEXT>설치 취소됨</INSTALL_CANCELED_HEADING_TEXT> 
  <REBOOT_HEADER_TEXT>재부팅 필요</REBOOT_HEADER_TEXT>
  <USB_REBOOT_TEXT>재부팅해야 합니다. 설치를 완료하려면 컴퓨터를 재부팅한 후 USB 케이블을 사용하여 프린터를 컴퓨터에 연결합니다.</USB_REBOOT_TEXT>
  <REBOOT_TEXT>설치를 완료하려면 시스템을 재부팅해야 합니다.</REBOOT_TEXT>
  <REBOOT_NOW_TEXT>지금 컴퓨터를 재부팅합니다(&amp;C)</REBOOT_NOW_TEXT>
  <REBOOT_LATER_TEXT>나중에 컴퓨터를 수동으로 재부팅(&amp;M)</REBOOT_LATER_TEXT>
  <SECURITY_TITLE>보안 통지</SECURITY_TITLE>
  <SECURITY_TEXT>^OEM^ 소프트웨어에 대한 액세스 권한이 필요합니다.

설치를 위해 ^OEM^ 소프트웨어의 액세스를 항상 허용해야 합니다.</SECURITY_TEXT>
  <DISCOVERY_TITLE>프린터 및 드라이버 선택</DISCOVERY_TITLE>
  <DISCOVERED_DEVICES_TEXT>컴퓨터에서 찾은 포트를 통해 연결합니다.</DISCOVERED_DEVICES_TEXT>
  <DISCOVERED_DEVICES_LIST>검색된 프린터</DISCOVERED_DEVICES_LIST>
  <DISCOVERED_LIST_COLUMN_SEARCHING>검색 중...</DISCOVERED_LIST_COLUMN_SEARCHING>
  <NO_PRINTER_FOUND>프린터를 찾을 수 없음</NO_PRINTER_FOUND>
  <DISCOVERED_LIST_COLUMN_MODEL>모델 이름</DISCOVERED_LIST_COLUMN_MODEL>
  <DISCOVERED_LIST_COLUMN_IPADDRESS>IP 주소</DISCOVERED_LIST_COLUMN_IPADDRESS>
  <DISCOVERED_LIST_COLUMN_PRINTERNAME>호스트 이름</DISCOVERED_LIST_COLUMN_PRINTERNAME>
  <DISCOVERED_LIST_COLUMN_SCANNER>스캐너</DISCOVERED_LIST_COLUMN_SCANNER>
  <DISCOVERED_LIST_COLUMN_PRINTER>프린터</DISCOVERED_LIST_COLUMN_PRINTER>
  <DISCOVERED_LIST_COLUMN_MACADDRESS>MAC 주소</DISCOVERED_LIST_COLUMN_MACADDRESS>
  <SHOW_DEVICE_STATUS_TEXT>프린터 상태 표시</SHOW_DEVICE_STATUS_TEXT>
  <MODIFY_SEARCH_TEXT>내 프린터가 나열되지 않음...(&amp;M)</MODIFY_SEARCH_TEXT>
  <PRINTER_GROUP_TEXT>프린터</PRINTER_GROUP_TEXT>
  <REFRESH_TEXT>새로 고침</REFRESH_TEXT>
  <ADVANCED_TEXT>고급</ADVANCED_TEXT>
  <YES>예</YES>
  <COLOR>컬러</COLOR>
  <MONO>Mono</MONO>
  <ADD_NETWORK_PRINTER>프린터 찾기</ADD_NETWORK_PRINTER>
  <LOCAL_SUBNET_SEARCH>로컬 서브넷 검색(&amp;L)</LOCAL_SUBNET_SEARCH>
  <LOCAL_SUBNET_SEARCH_TOOLTIP>로컬 네트워크에서 장치를 검색하려면 선택합니다.</LOCAL_SUBNET_SEARCH_TOOLTIP>
  <IP_HOSTNAME_SEARCH>호스트/IP 주소 검색(&amp;I)</IP_HOSTNAME_SEARCH>
  <IP_HOSTNAME_SEARCH_TOOLTIP>장치의 호스트 이름 또는 IP 주소를 알고 있는 경우 이 옵션을 선택합니다.</IP_HOSTNAME_SEARCH_TOOLTIP>
  <SUBNET_SEARCH>서브넷 검색(&amp;S)</SUBNET_SEARCH>
  <SUBNET_SEARCH_TOOLTIP>원격 네트워크에서 장치를 검색하려면 선택합니다.</SUBNET_SEARCH_TOOLTIP>
  <IP_ADDRESS>IP 주소</IP_ADDRESS>
  <SUBNET_MASK>서브넷 마스크</SUBNET_MASK>
  <MSG_HOSTNAME_LIMIT>호스트 이름은 255자보다 클 수 없습니다.</MSG_HOSTNAME_LIMIT>
  <MSG_INVALID_IPHOST_NAME>유효한 호스트 이름 또는 IP 주소가 아닙니다.</MSG_INVALID_IPHOST_NAME>
  <MSG_IP_LIMIT>IP 주소는 45자보다 클 수 없습니다.</MSG_IP_LIMIT>
  <MSG_INVALID_IP>유효한 IP 주소가 아닙니다.</MSG_INVALID_IP>
  <MSG_INVALID_SUBNET>유효한 서브넷 주소가 아닙니다.</MSG_INVALID_SUBNET>
  <MSG_SUBNET_LIMIT>서브넷 마스크는 45자보다 클 수 없습니다.</MSG_SUBNET_LIMIT>
  <CONNECT_WITH_USB_TEXT>USB 케이블로 연결합니다.</CONNECT_WITH_USB_TEXT>
  <CONNECT_WITH_TRAVELPRINT_TEXT>이동 인쇄를 통해 연결합니다</CONNECT_WITH_TRAVELPRINT_TEXT>
  <USB_FINAL_TEXT>소프트웨어가 성공적으로 설치되었습니다. 설치를 완료하려면 USB 케이블을 사용하여 프린터를 컴퓨터에 연결합니다.</USB_FINAL_TEXT>
  <ERROR_TITLE>설치 오류</ERROR_TITLE>
  <ERROR_TEXT>설치 중 오류가 발생했습니다. 설치가 취소됩니다. 설치하려면 다시 시도하십시오.</ERROR_TEXT>
  <PERMISSION_ERROR_TITLE>액세스 거부됨</PERMISSION_ERROR_TITLE>
  <PERMISSION_ERROR_TEXT>설치 소프트웨어를 실행하는 데 필요한 권한이 없습니다. 시스템 관리자에게 문의하십시오.</PERMISSION_ERROR_TEXT>
  <DISK_FULL_ERROR_TITLE>디스크 공간 부족</DISK_FULL_ERROR_TITLE>
  <DISK_FULL_ERROR_TEXT>공간을 비우거나 다른 드라이브에 설치해 보십시오.</DISK_FULL_ERROR_TEXT>
  <INSTALL_ALREADY_RUNNING_TITLE>설치 오류</INSTALL_ALREADY_RUNNING_TITLE>
  <INSTALL_ALREADY_RUNNING_TEXT>Windows 설치 프로그램이 이미 다른 응용 프로그램을 설치하는 중입니다. 설치 프로그램을 다시 실행하려면 먼저 해당 설치를 완료하십시오.</INSTALL_ALREADY_RUNNING_TEXT>
  <MULTIINSTANCE_ERROR_TITLE>여러 인스턴스 오류</MULTIINSTANCE_ERROR_TITLE>
  <MULTIINSTANCE_ERROR_TEXT>이 응용 프로그램의 또 다른 인스턴스가 열려 있습니다. 이 인스턴스가 닫힙니다</MULTIINSTANCE_ERROR_TEXT>
  <LICENSE_AGREEMENT>라이센스 동의</LICENSE_AGREEMENT>
  <LICENSE_SCROLL_TEXT>다음 사용권 계약서를 자세히 읽어 주십시오. 소프트웨어 설치를 계속하려면 계약을 수락해야 합니다.</LICENSE_SCROLL_TEXT>
  <SELECT_PORT_TITLE>포트 유형 선택</SELECT_PORT_TITLE>
  <BASIC_TEXT>기본(&amp;A)</BASIC_TEXT>
  <DISCOVERED_PORTS>컴퓨터에서 검색된 포트</DISCOVERED_PORTS>
  <IP_PORT>표준 IP 포트</IP_PORT>	
  <UNC_PORT>UNC 포트</UNC_PORT>
  <PRINT_DRIVER_TEXT>인쇄 드라이버 유형</PRINT_DRIVER_TEXT>
  <PORT_NAME_TEXT>포트 이름</PORT_NAME_TEXT>
  <IP_ADDRESS_TEXT>IP 주소 또는 호스트 이름</IP_ADDRESS_TEXT>
  <NETWORK_PATH_TEXT>네트워크 경로</NETWORK_PATH_TEXT>
  <GEN_ERROR_TITLE>오류</GEN_ERROR_TITLE>
  <DUP_PORT_TEXT>포트 이름이 이미 있습니다.</DUP_PORT_TEXT>
  <INVALID_NET_PATH_TEXT>네트워크 경로가 잘못되었습니다.</INVALID_NET_PATH_TEXT>
  <PORT_TYPE_TEXT>포트 종류</PORT_TYPE_TEXT>
  <FILES_IN_USE_HEADER>사용 중인 파일</FILES_IN_USE_HEADER>
  <RM_FILE_IN_USE_TEXT>이 설치를 계속하려면 다음 응용 프로그램에서 사용 중인 파일을 업데이트해야 합니다.</RM_FILE_IN_USE_TEXT>
  <FILE_IN_USE_TEXT>다음 응용 프로그램이 이 설치 프로그램에서 업데이트해야 하는 파일을 사용 중입니다. 응용 프로그램을 닫고 [재시도]를 눌러 설치를 계속하거나 [취소]를 눌러서 설치를 종료하십시오.</FILE_IN_USE_TEXT>
  <AUTO_RESTART_TEXT>자동으로 현재 응용 프로그램을 닫고 다시 설치를 시도합니다.(&amp;A)</AUTO_RESTART_TEXT>
  <DO_NOT_CLOSE_TEXT>현재 응용 프로그램 설치를 건너 뒤고 설치 프로그램을 계속 수행합니다.(&amp;S)</DO_NOT_CLOSE_TEXT>
  <APPLICATION>응용 프로그램 </APPLICATION>
  <IGNORE_BUTTON>무시</IGNORE_BUTTON>
  <RETRY_BUTTON>재시도</RETRY_BUTTON>
  <COMPLETED_TEXT>완료됨</COMPLETED_TEXT>
  <CANCELED_TEXT>취소됨</CANCELED_TEXT>
  <UPDATED_TEXT>업데이트됨</UPDATED_TEXT>
  <FAILED_TEXT>실패</FAILED_TEXT>
  <ERROR_LINK>오류 보고서 보기</ERROR_LINK> 
  <PREPARE_INSTALL_TEXT>설치 준비 중</PREPARE_INSTALL_TEXT>
  <SOFTWARE_PATH_TEXT>아래에서 옵션을 선택하십시오.</SOFTWARE_PATH_TEXT>
  <ADD_ADDITIONAL_PRINTER_TEXT>추가 프린터 추가</ADD_ADDITIONAL_PRINTER_TEXT>
  <VIEW_SOFTWARE_OPTIONS_TEXT>소프트웨어 옵션 보기</VIEW_SOFTWARE_OPTIONS_TEXT>
  <CONFIG_SETTINGS_TEXT>구성 설정</CONFIG_SETTINGS_TEXT>
  <CONFIG_SETTINGS_BUTTON>구성...</CONFIG_SETTINGS_BUTTON>
  <CONFIG_APPLY_FUTURE_TEXT>모든 이후 설치에 적용</CONFIG_APPLY_FUTURE_TEXT>
  <LOAD_FILE>파일 로드</LOAD_FILE>
  <NEW_FILE>새로 만들기</NEW_FILE>
  <RESET_TEXT>기본값으로 재설정</RESET_TEXT>
  <INVALID_PATH_TEXT>파일 이름 또는 경로가 올바르지 않습니다.</INVALID_PATH_TEXT>
  <REGISTRATION_LINK>제품 등록</REGISTRATION_LINK>
  <DOTNET>.NET Framework</DOTNET>
  <REQUIRED_DEPENDENCY>필요한 종속성이 설치되지 않았거나 설치가 실패했습니다.</REQUIRED_DEPENDENCY> 
  <SW_BYPASS_TITLE>소프트웨어가 이미 설치되어 있음</SW_BYPASS_TITLE>
  <SW_BYPASS_TEXT>설치 프로그램에서 이 소프트웨어가 이미 설치된 것으로 확인되었습니다. 계속하려면 옵션을 선택하십시오.</SW_BYPASS_TEXT>
  <SW_BYPASS_REINSTALL>드라이버 다시 설치 또는 드라이버 추가</SW_BYPASS_REINSTALL>
  <SW_BYPASS_OPTIONAL>추가 소프트웨어 설치 건너 뛰기</SW_BYPASS_OPTIONAL>
  <OPTIONAL_SOFTWARE_TITLE>추가 소프트웨어</OPTIONAL_SOFTWARE_TITLE>
  <APPS_ONLY_SOFTWARE_TITLE>사용 가능한 소프트웨어</APPS_ONLY_SOFTWARE_TITLE>  
  <SELECT_APPS_ONLY_SOFTWARE_TEXT>설치할 소프트웨어 선택</SELECT_APPS_ONLY_SOFTWARE_TEXT>
  <SELECT_SOFTWARE_TEXT>설치할 추가 소프트웨어 선택</SELECT_SOFTWARE_TEXT>
  <PRODUCT_NAME_COLUMN_HEADER>응용 프로그램 이름</PRODUCT_NAME_COLUMN_HEADER>
  <VERSION_COLUMN_HEADER>버전</VERSION_COLUMN_HEADER>
  <SIZE_COLUMN_HEADER>크기</SIZE_COLUMN_HEADER>
  <SOFTWARE_DESCRIPTION_TITLE>소프트웨어 설명n</SOFTWARE_DESCRIPTION_TITLE>
  <NEWER_VERSION_INSTALLED_TEXT>동일 버전 또는 새 버전의 응용 프로그램이 이미 설치되어 있습니다.</NEWER_VERSION_INSTALLED_TEXT>
  <CONTINUE_FINAL_TEXT>계속 버튼을 클릭하여 추가 소프트웨어 구성 요소를 선택하거나 종료를 클릭하여 설치 프로그램을 마치십시오.</CONTINUE_FINAL_TEXT>
  <CONTINUE_BUTTON>계속</CONTINUE_BUTTON>
  <ALREADY_INSTALLED_TEXT>이미 설치됨</ALREADY_INSTALLED_TEXT>
  <LBL_ADDITIONAL_SOFTWARE>추가 소프트웨어 설치</LBL_ADDITIONAL_SOFTWARE>
  <LBL_LOCALIZED_AND>과</LBL_LOCALIZED_AND>
  <OPTIONAL_DISCOVERY_TITLE>장치 선택</OPTIONAL_DISCOVERY_TITLE>
  <EMPTY_DRIVERCONFIG_PATH>경로는 비워둘 수 없습니다.</EMPTY_DRIVERCONFIG_PATH>
  <DEPENDENTAPPS_DESCRIPTION>{1}에는 전체 기능에 대한 다음 구성 요소가 포함되어 있습니다.</DEPENDENTAPPS_DESCRIPTION>
  <NOT_SUPPORTED_TEXT>지원되지 않음</NOT_SUPPORTED_TEXT>
  <NOT_SUPPORTED_MESSAGE_TEXT>오래된 버전의 Windows에서는 스캔 드라이버가 지원되지 않습니다.</NOT_SUPPORTED_MESSAGE_TEXT>
</STRINGS>
</STRING_TABLE>