﻿<?xml version="1.0" encoding="UTF-8"?>
<STRING_TABLE>
<ISO_LANGUAGE_ID>nb</ISO_LANGUAGE_ID>
<READING_ORDER>LTR</READING_ORDER>
<CODE_PAGE>1252</CODE_PAGE>
<LANGUAGE_ID>1044</LANGUAGE_ID>
<STRINGS>
  <CANCEL_BUTTON>Av&amp;bryt</CANCEL_BUTTON>
  <OK_BUTTON>&amp;Ok</OK_BUTTON>
  <INSTALL_BUTTON>Insta&amp;ller</INSTALL_BUTTON>
  <NEXT_BUTTON>&amp;Neste</NEXT_BUTTON>
  <EXIT_BUTTON>&amp;Avslutt</EXIT_BUTTON>
  <BACK_BUTTON>&amp;Tilbake</BACK_BUTTON>
  <HELP_BUTTON>&amp;Hjelp</HELP_BUTTON>
  <DISAGREE_BUTTON>&amp;Avslå</DISAGREE_BUTTON>
  <AGREE_BUTTON>&amp;Godta</AGREE_BUTTON>
  <FINISH_BUTTON>&amp;Fullfr</FINISH_BUTTON>
  <INSTALL_TITLE>^PRODUCT_NAME^-Installerer</INSTALL_TITLE>
  <WELCOME_HEADER>Velkommen til installeringsprogrammet for ^PRODUCT_NAME^.</WELCOME_HEADER>
  <WELCOME_TEXT>Klikk på Godtatt hvis du vil fortsette eller Ikke godtatt hvis du vil avbryte installeringen.</WELCOME_TEXT>
  <INFOCENTER_LINK_LABEL>Start senter for produktinformasjon</INFOCENTER_LINK_LABEL>
  <PRODUCT_REGISTRATION_LINK_LABEL>Registrer en skriver</PRODUCT_REGISTRATION_LINK_LABEL>
  <DISCOVERY_INFOCENTER_LINK_LABEL>Informasjonssenter for {0}</DISCOVERY_INFOCENTER_LINK_LABEL>
  <MANUFACTURER_TEXT>Velg produsent</MANUFACTURER_TEXT>
  <MANUFACTURER_LABEL>&amp;Velg produsent:</MANUFACTURER_LABEL>
  <INSTALL_PATH_LABEL_TEXT>Installeringsbane</INSTALL_PATH_LABEL_TEXT>
  <INSTALLING_TEXT>Installerer</INSTALLING_TEXT>
  <OPTIONAL_SOFTWARE_CANCEL_CONFIRMATION_TEXT>Du har tilleggsprogramvare som kan installeres eller oppdateres.
Er du sikker på at du vil avslutte uten å installere tilleggsprogramvare?</OPTIONAL_SOFTWARE_CANCEL_CONFIRMATION_TEXT>
  <CANCELING_TEXT>Avbryter</CANCELING_TEXT>
  <UNINSTALLING_TEXT>Avinstaller</UNINSTALLING_TEXT>
  <INSTALL_SUCCESS_HEADING_TEXT>Installering vellykket</INSTALL_SUCCESS_HEADING_TEXT>
  <INSTALL_COMPLETE_TEXT>Installeringen er fullført.</INSTALL_COMPLETE_TEXT>
  <DRIVER_INSTALL_COMPLETE_TEXT>Driveren ble installert.</DRIVER_INSTALL_COMPLETE_TEXT>
  <CANCEL_CONFIRMATION_TEXT>Programvareinstallasjonen ble ikke fullført.
Er du sikker på at du vil avbryte installasjonen?</CANCEL_CONFIRMATION_TEXT>
  <INSTALL_CANCELED_TEXT>Installering vellykket</INSTALL_CANCELED_TEXT>
  <INSTALL_CANCELED_HEADING_TEXT>Installering avbrutt</INSTALL_CANCELED_HEADING_TEXT> 
  <REBOOT_HEADER_TEXT>Maskinen må startes på nytt</REBOOT_HEADER_TEXT>
  <USB_REBOOT_TEXT>Omstart kreves. Koble skriveren til datamaskinen med en USB-kabel etter omstart for å fullføre installasjonen.</USB_REBOOT_TEXT>
  <REBOOT_TEXT>Du må starte maskinen på nytt for å fullføre installeringen.</REBOOT_TEXT>
  <REBOOT_NOW_TEXT>Fortsett &amp;med omstart av datamaskinen nå</REBOOT_NOW_TEXT>
  <REBOOT_LATER_TEXT>&amp;Start datamaskinen på nytt senere</REBOOT_LATER_TEXT>
  <SECURITY_TITLE>Sikkerhetsvarsel</SECURITY_TITLE>
  <SECURITY_TEXT>Krever tilgangstillatelse til ^OEM^-programvare.

Tillat alltid tilgang til ^OEM^-programvare for installasjon.</SECURITY_TEXT>
  <DISCOVERY_TITLE>Velg skriver og driver</DISCOVERY_TITLE>
  <DISCOVERED_DEVICES_TEXT>Koble til via en port re&amp;gistrert på datamaskinen.</DISCOVERED_DEVICES_TEXT>
  <DISCOVERED_DEVICES_LIST>Registrerte skrivere</DISCOVERED_DEVICES_LIST>
  <DISCOVERED_LIST_COLUMN_SEARCHING>Søker...</DISCOVERED_LIST_COLUMN_SEARCHING>
  <NO_PRINTER_FOUND>Ingen skriver funnet</NO_PRINTER_FOUND>
  <DISCOVERED_LIST_COLUMN_MODEL>Modellnavn</DISCOVERED_LIST_COLUMN_MODEL>
  <DISCOVERED_LIST_COLUMN_IPADDRESS>IP-adresse</DISCOVERED_LIST_COLUMN_IPADDRESS>
  <DISCOVERED_LIST_COLUMN_PRINTERNAME>Vertsnavn</DISCOVERED_LIST_COLUMN_PRINTERNAME>
  <DISCOVERED_LIST_COLUMN_SCANNER>Skanner</DISCOVERED_LIST_COLUMN_SCANNER>
  <DISCOVERED_LIST_COLUMN_PRINTER>Skriver</DISCOVERED_LIST_COLUMN_PRINTER>
  <DISCOVERED_LIST_COLUMN_MACADDRESS>MAC-adresse</DISCOVERED_LIST_COLUMN_MACADDRESS>
  <SHOW_DEVICE_STATUS_TEXT>Vis skriverstatus</SHOW_DEVICE_STATUS_TEXT>
  <MODIFY_SEARCH_TEXT>Skriveren er ikke &amp;på listen ...</MODIFY_SEARCH_TEXT>
  <PRINTER_GROUP_TEXT>Skriver</PRINTER_GROUP_TEXT>
  <REFRESH_TEXT>&amp;Oppdater</REFRESH_TEXT>
  <ADVANCED_TEXT>&amp;Avansert</ADVANCED_TEXT>
  <YES>Ja</YES>
  <COLOR>Farge</COLOR>
  <MONO>Sort/hvitt</MONO>
  <ADD_NETWORK_PRINTER>Søk etter skrivere</ADD_NETWORK_PRINTER>
  <LOCAL_SUBNET_SEARCH>Søk i &amp;lokalt subnett</LOCAL_SUBNET_SEARCH>
  <LOCAL_SUBNET_SEARCH_TOOLTIP>Velg for å søke etter enheter på lokalnettverket.</LOCAL_SUBNET_SEARCH_TOOLTIP>
  <IP_HOSTNAME_SEARCH>Søk etter vert/&amp;IP-adresse</IP_HOSTNAME_SEARCH>
  <IP_HOSTNAME_SEARCH_TOOLTIP>Velg dette alternativet hvis du vet vertsnavnet eller IP-adressen til enheten.</IP_HOSTNAME_SEARCH_TOOLTIP>
  <SUBNET_SEARCH>&amp;Subnettsøk</SUBNET_SEARCH>
  <SUBNET_SEARCH_TOOLTIP>Velg for å søke etter enheter på et eksternt nettverk.</SUBNET_SEARCH_TOOLTIP>
  <IP_ADDRESS>IP-adresse</IP_ADDRESS>
  <SUBNET_MASK>Subnettmaske</SUBNET_MASK>
  <MSG_HOSTNAME_LIMIT>Vertsnavnet kan ikke ha mer enn 255 tegn.</MSG_HOSTNAME_LIMIT>
  <MSG_INVALID_IPHOST_NAME>Ikke et gyldig vertsnavn eller IP-adresse.</MSG_INVALID_IPHOST_NAME>
  <MSG_IP_LIMIT>IP-adressen kan ikke ha mer enn 45 tegn.</MSG_IP_LIMIT>
  <MSG_INVALID_IP>Ikke en gyldig IP-adresse.</MSG_INVALID_IP>
  <MSG_INVALID_SUBNET>Ikke en gyldig subnettadresse.</MSG_INVALID_SUBNET>
  <MSG_SUBNET_LIMIT>Subnettmasken kan ikke ha mer enn 45 tegn.</MSG_SUBNET_LIMIT>
  <CONNECT_WITH_USB_TEXT>Koble til &amp;med USB-kabel.</CONNECT_WITH_USB_TEXT>
  <CONNECT_WITH_TRAVELPRINT_TEXT>Koble til med Besø&amp;ksutskrift.</CONNECT_WITH_TRAVELPRINT_TEXT>
  <USB_FINAL_TEXT>Programvaren er installert. Koble skriveren til datamaskinen med en USB-kabel for å fullføre installasjonen.</USB_FINAL_TEXT>
  <ERROR_TITLE>Installeringsfeil</ERROR_TITLE>
  <ERROR_TEXT>Det oppstod en feil under installeringen. Installeringen blir avbrutt. Prøv å installere på nytt.</ERROR_TEXT>
  <PERMISSION_ERROR_TITLE>Ingen tilgang</PERMISSION_ERROR_TITLE>
  <PERMISSION_ERROR_TEXT>Du har ikke nødvendige tillatelser til å kjøre installeringsprogrammet. Kontakt systemadministratoren.</PERMISSION_ERROR_TEXT>
  <DISK_FULL_ERROR_TITLE>Ikke nok diskplass</DISK_FULL_ERROR_TITLE>
  <DISK_FULL_ERROR_TEXT>Frigjør plass eller prøv en annen stasjon.</DISK_FULL_ERROR_TEXT>
  <INSTALL_ALREADY_RUNNING_TITLE>Installeringsfeil</INSTALL_ALREADY_RUNNING_TITLE>
  <INSTALL_ALREADY_RUNNING_TEXT>Windows Installer er opptatt med å installere et annet program. Vent til den installeringen er ferdig før du kjører installeringsprogrammet på nytt.</INSTALL_ALREADY_RUNNING_TEXT>
  <MULTIINSTANCE_ERROR_TITLE>Feil - flere forekomster</MULTIINSTANCE_ERROR_TITLE>
  <MULTIINSTANCE_ERROR_TEXT>Det er pnet flere forekomster av programmet. Denne forekomsten vil bli lukket.</MULTIINSTANCE_ERROR_TEXT>
  <LICENSE_AGREEMENT>Lisensavtale</LICENSE_AGREEMENT>
  <LICENSE_SCROLL_TEXT>Les lisensavtalen nedenfor. Du må godta avtalen for å fortsette å installere programvaren.</LICENSE_SCROLL_TEXT>
  <SELECT_PORT_TITLE>&amp;Velg porttype</SELECT_PORT_TITLE>
  <BASIC_TEXT>&amp;Grunnleggende</BASIC_TEXT>
  <DISCOVERED_PORTS>Registrerte porter på datamaskinen</DISCOVERED_PORTS>
  <IP_PORT>Standard IP-port</IP_PORT>	
  <UNC_PORT>UNC-port</UNC_PORT>
  <PRINT_DRIVER_TEXT>&amp;Skriverdrivertype</PRINT_DRIVER_TEXT>
  <PORT_NAME_TEXT>Portnavn</PORT_NAME_TEXT>
  <IP_ADDRESS_TEXT>IP-adresse eller vertsnavn</IP_ADDRESS_TEXT>
  <NETWORK_PATH_TEXT>Nettverksbane</NETWORK_PATH_TEXT>
  <GEN_ERROR_TITLE>Feil</GEN_ERROR_TITLE>
  <DUP_PORT_TEXT>Portnavnet finnes allerede.</DUP_PORT_TEXT>
  <INVALID_NET_PATH_TEXT>Nettverksbanen er ugyldig.</INVALID_NET_PATH_TEXT>
  <PORT_TYPE_TEXT>Porttype</PORT_TYPE_TEXT>
  <FILES_IN_USE_HEADER>Filer i bruk</FILES_IN_USE_HEADER>
  <RM_FILE_IN_USE_TEXT>Følgende program bruker filer som må oppdateres ved denne installeringen.</RM_FILE_IN_USE_TEXT>
  <FILE_IN_USE_TEXT>Følgende program bruker filer som må oppdateres ved denne installeringen. Lukk programmet og klikk Prøv på nytt for å fortsette installeringen, eller klikk Avbryt for å avslutte installeringen.</FILE_IN_USE_TEXT>
  <AUTO_RESTART_TEXT>&amp;Avslutt det gjeldende programmet og forsøk å installere det på nytt.</AUTO_RESTART_TEXT>
  <DO_NOT_CLOSE_TEXT>&amp;Hopp over installeringen av gjeldende program og fortsett med konfigureringen.</DO_NOT_CLOSE_TEXT>
  <APPLICATION>Program </APPLICATION>
  <IGNORE_BUTTON>Ignorer</IGNORE_BUTTON>
  <RETRY_BUTTON>Prøv på nytt</RETRY_BUTTON>
  <COMPLETED_TEXT>Fullført</COMPLETED_TEXT>
  <CANCELED_TEXT>Avbrutt</CANCELED_TEXT>
  <UPDATED_TEXT>Oppdatert</UPDATED_TEXT>
  <FAILED_TEXT>Mislykket</FAILED_TEXT>
  <ERROR_LINK>&amp;Vis feilrapport</ERROR_LINK> 
  <PREPARE_INSTALL_TEXT>Klargjør for installering</PREPARE_INSTALL_TEXT>
  <SOFTWARE_PATH_TEXT>Veg et alternativ nedenfor</SOFTWARE_PATH_TEXT>
  <ADD_ADDITIONAL_PRINTER_TEXT>Legg til skriver</ADD_ADDITIONAL_PRINTER_TEXT>
  <VIEW_SOFTWARE_OPTIONS_TEXT>Vis programvarealternativer</VIEW_SOFTWARE_OPTIONS_TEXT>
  <CONFIG_SETTINGS_TEXT>Konfigurasjonsinnstillinger</CONFIG_SETTINGS_TEXT>
  <CONFIG_SETTINGS_BUTTON>K&amp;onfigurasjon ...</CONFIG_SETTINGS_BUTTON>
  <CONFIG_APPLY_FUTURE_TEXT>&amp;Bruk for alle fremtidige installasjoner</CONFIG_APPLY_FUTURE_TEXT>
  <LOAD_FILE>&amp;Last inn fil</LOAD_FILE>
  <NEW_FILE>&amp;Ny</NEW_FILE>
  <RESET_TEXT>&amp;Tilbakestill til standard</RESET_TEXT>
  <INVALID_PATH_TEXT>Filnavnet eller banen er ikke gyldig</INVALID_PATH_TEXT>
  <REGISTRATION_LINK>&amp;Registrer produkt</REGISTRATION_LINK>
  <DOTNET>.NET Framework</DOTNET>
  <REQUIRED_DEPENDENCY>En nødvendig komponent ble ikke installert.</REQUIRED_DEPENDENCY> 
  <SW_BYPASS_TITLE>Programvaren er allerede installert</SW_BYPASS_TITLE>
  <SW_BYPASS_TEXT>Installasjonsprogrammet har registrert at denne programvaren kanskje allerede er installert. Velg et alternativ nedenfor for å fortsette.</SW_BYPASS_TEXT>
  <SW_BYPASS_REINSTALL>&amp;Installer driveren på nytt eller legg til flere drivere</SW_BYPASS_REINSTALL>
  <SW_BYPASS_OPTIONAL>Hopp til installasjon av tille&amp;ggsprogramvare</SW_BYPASS_OPTIONAL>
  <OPTIONAL_SOFTWARE_TITLE>Tilleggsprogramvare</OPTIONAL_SOFTWARE_TITLE>
  <APPS_ONLY_SOFTWARE_TITLE>Tilgjengelig programvare</APPS_ONLY_SOFTWARE_TITLE>  
  <SELECT_APPS_ONLY_SOFTWARE_TEXT>V&amp;elg programvare som skal installeres</SELECT_APPS_ONLY_SOFTWARE_TEXT>
  <SELECT_SOFTWARE_TEXT>V&amp;elg tilleggsprogramvare som skal installeres</SELECT_SOFTWARE_TEXT>
  <PRODUCT_NAME_COLUMN_HEADER>Programnavn</PRODUCT_NAME_COLUMN_HEADER>
  <VERSION_COLUMN_HEADER>Versjon</VERSION_COLUMN_HEADER>
  <SIZE_COLUMN_HEADER>Størrelse</SIZE_COLUMN_HEADER>
  <SOFTWARE_DESCRIPTION_TITLE>Program&amp;varebeskrivelse</SOFTWARE_DESCRIPTION_TITLE>
  <NEWER_VERSION_INSTALLED_TEXT>En nyere eller samme versjon av programmet er allerede installert.</NEWER_VERSION_INSTALLED_TEXT>
  <CONTINUE_FINAL_TEXT>Klikk på Fortsett for å velge komponenter for tilleggsprogramvare, eller klikk på Fullfør for å avslutte installasjonsprogrammet.</CONTINUE_FINAL_TEXT>
  <CONTINUE_BUTTON>&amp;Fortsett</CONTINUE_BUTTON>
  <ALREADY_INSTALLED_TEXT>Allerede installert</ALREADY_INSTALLED_TEXT>
  <LBL_ADDITIONAL_SOFTWARE>&amp;További szoftverek telepítése</LBL_ADDITIONAL_SOFTWARE>
  <LBL_LOCALIZED_AND>og</LBL_LOCALIZED_AND>
  <OPTIONAL_DISCOVERY_TITLE>Velg enhet</OPTIONAL_DISCOVERY_TITLE>
  <EMPTY_DRIVERCONFIG_PATH>Banen kan ikke være tom.</EMPTY_DRIVERCONFIG_PATH>
  <DEPENDENTAPPS_DESCRIPTION>{1} inkluderer følgende komponent(er) for full funksjonalitet:</DEPENDENTAPPS_DESCRIPTION>
  <NOT_SUPPORTED_TEXT>Støttes ikke</NOT_SUPPORTED_TEXT>
  <NOT_SUPPORTED_MESSAGE_TEXT>Skannerdrivere støttes ikke i eldre versjoner av Windows.</NOT_SUPPORTED_MESSAGE_TEXT>
</STRINGS>
</STRING_TABLE>