﻿<?xml version="1.0" encoding="UTF-8"?>
<STRING_TABLE>
<ISO_LANGUAGE_ID>nl</ISO_LANGUAGE_ID>
<READING_ORDER>LTR</READING_ORDER>
<CODE_PAGE>1252</CODE_PAGE>
<LANGUAGE_ID>1043</LANGUAGE_ID>
<STRINGS>
  <CANCEL_BUTTON>&amp;Annuleren</CANCEL_BUTTON>
  <OK_BUTTON>&amp;OK</OK_BUTTON>
  <INSTALL_BUTTON>&amp;Installeer</INSTALL_BUTTON>
  <NEXT_BUTTON>Vol&amp;gende</NEXT_BUTTON>
  <EXIT_BUTTON>A&amp;fsluiten</EXIT_BUTTON>
  <BACK_BUTTON>&amp;Vorige</BACK_BUTTON>
  <HELP_BUTTON>&amp;Help</HELP_BUTTON>
  <DISAGREE_BUTTON>&amp;Afwijzen</DISAGREE_BUTTON>
  <AGREE_BUTTON>Acce&amp;pteren</AGREE_BUTTON>
  <FINISH_BUTTON>&amp;Voltooien</FINISH_BUTTON>
  <INSTALL_TITLE>Installatieprogramma voor ^PRODUCT_NAME^</INSTALL_TITLE>
  <WELCOME_HEADER>Welkom bij het installatieprogramma van ^PRODUCT_NAME^.</WELCOME_HEADER>
  <WELCOME_TEXT>Klik op Installeren om door te gaan of op Annuleren om het installatieprogramma af te sluiten.</WELCOME_TEXT>
  <INFOCENTER_LINK_LABEL>Productinformatiecentrum starten</INFOCENTER_LINK_LABEL>
  <PRODUCT_REGISTRATION_LINK_LABEL>Een printer registreren</PRODUCT_REGISTRATION_LINK_LABEL>
  <DISCOVERY_INFOCENTER_LINK_LABEL>{0} Information Center</DISCOVERY_INFOCENTER_LINK_LABEL>
  <MANUFACTURER_TEXT>Kies de fabrikant</MANUFACTURER_TEXT>
  <MANUFACTURER_LABEL>&amp;Fabrikant selecteren:</MANUFACTURER_LABEL>
  <INSTALL_PATH_LABEL_TEXT>Installatiepad</INSTALL_PATH_LABEL_TEXT>
  <INSTALLING_TEXT>Installeren</INSTALLING_TEXT>
  <OPTIONAL_SOFTWARE_CANCEL_CONFIRMATION_TEXT>Er is extra software beschikbaar om te installeren of bij te werken.
Weet u zeker dat u wilt afsluiten zonder extra software te installeren?</OPTIONAL_SOFTWARE_CANCEL_CONFIRMATION_TEXT>
  <CANCELING_TEXT>Annuleren</CANCELING_TEXT>
  <UNINSTALLING_TEXT>verwijderen</UNINSTALLING_TEXT>
  <INSTALL_SUCCESS_HEADING_TEXT>Installatie voltooid</INSTALL_SUCCESS_HEADING_TEXT>
  <INSTALL_COMPLETE_TEXT>De installatie is voltooid.</INSTALL_COMPLETE_TEXT>
  <DRIVER_INSTALL_COMPLETE_TEXT>De installatie van het stuurprogramma is voltooid.</DRIVER_INSTALL_COMPLETE_TEXT>
  <CANCEL_CONFIRMATION_TEXT>Software-installatie niet voltooid.
Weet u zeker dat u de installatie wilt annuleren?</CANCEL_CONFIRMATION_TEXT>
  <INSTALL_CANCELED_TEXT>Installatie is geannuleerd.</INSTALL_CANCELED_TEXT>
  <INSTALL_CANCELED_HEADING_TEXT>Installatie geannuleerd</INSTALL_CANCELED_HEADING_TEXT> 
  <REBOOT_HEADER_TEXT>Opnieuw opstarten vereist</REBOOT_HEADER_TEXT>
  <USB_REBOOT_TEXT>Opnieuw opstarten vereist. Start de computer opnieuw op en sluit vervolgens de printer met een USB-kabel aan op de computer om de installatie te voltooien.</USB_REBOOT_TEXT>
  <REBOOT_TEXT>Start het systeem opnieuw op om de installatie te voltooien.</REBOOT_TEXT>
  <REBOOT_NOW_TEXT>&amp;De computer nu opnieuw opstarten</REBOOT_NOW_TEXT>
  <REBOOT_LATER_TEXT>De computer &amp;later handmatig opnieuw opstarten</REBOOT_LATER_TEXT>
  <SECURITY_TITLE>Beveiligingsmelding</SECURITY_TITLE>
  <SECURITY_TEXT>Toestemming vereist voor toegang tot ^OEM^ software.

Altijd toegang verlenen aan ^OEM^ software voor installatie.</SECURITY_TEXT>
  <DISCOVERY_TITLE>Printer en stuurprogramma selecteren</DISCOVERY_TITLE>
  <DISCOVERED_DEVICES_TEXT>Aangesloten via een gevonden poort op uw &amp;computer</DISCOVERED_DEVICES_TEXT>
  <DISCOVERED_DEVICES_LIST>Gevonden printers</DISCOVERED_DEVICES_LIST>
  <DISCOVERED_LIST_COLUMN_SEARCHING>Zoeken...</DISCOVERED_LIST_COLUMN_SEARCHING>
  <NO_PRINTER_FOUND>Geen printer gevonden</NO_PRINTER_FOUND>
  <DISCOVERED_LIST_COLUMN_MODEL>Modelnaam</DISCOVERED_LIST_COLUMN_MODEL>
  <DISCOVERED_LIST_COLUMN_IPADDRESS>IP-adres</DISCOVERED_LIST_COLUMN_IPADDRESS>
  <DISCOVERED_LIST_COLUMN_PRINTERNAME>Hostnaam</DISCOVERED_LIST_COLUMN_PRINTERNAME>
  <DISCOVERED_LIST_COLUMN_SCANNER>Scanner</DISCOVERED_LIST_COLUMN_SCANNER>
  <DISCOVERED_LIST_COLUMN_PRINTER>Printer</DISCOVERED_LIST_COLUMN_PRINTER>
  <DISCOVERED_LIST_COLUMN_MACADDRESS>MAC-adres</DISCOVERED_LIST_COLUMN_MACADDRESS>
  <SHOW_DEVICE_STATUS_TEXT>Printerstatus weergeven</SHOW_DEVICE_STATUS_TEXT>
  <MODIFY_SEARCH_TEXT>&amp;Mijn printer wordt niet weergegeven...</MODIFY_SEARCH_TEXT>
  <PRINTER_GROUP_TEXT>Printer</PRINTER_GROUP_TEXT>
  <REFRESH_TEXT>&amp;Vernieuwen</REFRESH_TEXT>
  <ADVANCED_TEXT>&amp;Geavanceerd</ADVANCED_TEXT>
  <YES>Ja</YES>
  <COLOR>Kleur</COLOR>
  <MONO>Mono</MONO>
  <ADD_NETWORK_PRINTER>Printers zoeken</ADD_NETWORK_PRINTER>
  <LOCAL_SUBNET_SEARCH>Zoeken in &amp;lokaal subnet</LOCAL_SUBNET_SEARCH>
  <LOCAL_SUBNET_SEARCH_TOOLTIP>Selecteer dit om te zoeken naar apparaten in uw lokale netwerk.</LOCAL_SUBNET_SEARCH_TOOLTIP>
  <IP_HOSTNAME_SEARCH>Zoeken op hostnaam of &amp;IP-adres</IP_HOSTNAME_SEARCH>
  <IP_HOSTNAME_SEARCH_TOOLTIP>Selecteer deze optie als u de hostnaam of het IP-adres van het apparaat kent.</IP_HOSTNAME_SEARCH_TOOLTIP>
  <SUBNET_SEARCH>Zoeken in &amp;subnet</SUBNET_SEARCH>
  <SUBNET_SEARCH_TOOLTIP>Selecteer dit om te zoeken naar apparaten op een extern netwerk.</SUBNET_SEARCH_TOOLTIP>
  <IP_ADDRESS>IP-adres</IP_ADDRESS>
  <SUBNET_MASK>Subnetmasker</SUBNET_MASK>
  <MSG_HOSTNAME_LIMIT>De hostnaam mag niet langer zijn dan 255 tekens.</MSG_HOSTNAME_LIMIT>
  <MSG_INVALID_IPHOST_NAME>Geen geldige hostnaam of IP-adres.</MSG_INVALID_IPHOST_NAME>
  <MSG_IP_LIMIT>IP-adres mag niet langer zijn dan 45 tekens.</MSG_IP_LIMIT>
  <MSG_INVALID_IP>Geen geldig IP-adres.</MSG_INVALID_IP>
  <MSG_INVALID_SUBNET>Geen geldig subnetadres.</MSG_INVALID_SUBNET>
  <MSG_SUBNET_LIMIT>Subnetmasker mag niet langer zijn dan 45 tekens.</MSG_SUBNET_LIMIT>
  <CONNECT_WITH_USB_TEXT>Aangesloten met &amp;een USB-kabel.</CONNECT_WITH_USB_TEXT>
  <CONNECT_WITH_TRAVELPRINT_TEXT>Aangesloten via &amp;Travel Print.</CONNECT_WITH_TRAVELPRINT_TEXT>
  <USB_FINAL_TEXT>De software is geïnstalleerd Sluit de printer aan op de computer met een USB-kabel om de installatie te voltooien.</USB_FINAL_TEXT>
  <ERROR_TITLE>Installatiefout</ERROR_TITLE>
  <ERROR_TEXT>Er is een fout opgetreden bij het installeren. De installatie wordt geannuleerd. Voer de installatie opnieuw uit.</ERROR_TEXT>
  <PERMISSION_ERROR_TITLE>Toegang geweigerd</PERMISSION_ERROR_TITLE>
  <PERMISSION_ERROR_TEXT>U hebt niet de vereiste machtigingen om de installatiesoftware uit te voeren. Neem contact op met de systeembeheerder.</PERMISSION_ERROR_TEXT>
  <DISK_FULL_ERROR_TITLE>Geen schijfruimte beschikbaar</DISK_FULL_ERROR_TITLE>
  <DISK_FULL_ERROR_TEXT>Maak ruimte vrij of gebruik een ander station.</DISK_FULL_ERROR_TEXT>
  <INSTALL_ALREADY_RUNNING_TITLE>Installatiefout</INSTALL_ALREADY_RUNNING_TITLE>
  <INSTALL_ALREADY_RUNNING_TEXT>Er wordt nog een andere toepassing geïnstalleerd met Windows Installer. Wacht tot de installatie is voltooid en voer het installatieprogramma opnieuw uit.</INSTALL_ALREADY_RUNNING_TEXT>
  <MULTIINSTANCE_ERROR_TITLE>Fout met meerdere exemplaren</MULTIINSTANCE_ERROR_TITLE>
  <MULTIINSTANCE_ERROR_TEXT>U hebt nog een exemplaar van deze toepassing geopend. Dit exemplaar wordt gesloten.</MULTIINSTANCE_ERROR_TEXT>
  <LICENSE_AGREEMENT>Licentieovereenkomst</LICENSE_AGREEMENT>
  <LICENSE_SCROLL_TEXT>Lees de volgende licentieovereenkomst. Als u door wilt gaan met de installatie van de software, moet u akkoord gaan met de overeenkomst.</LICENSE_SCROLL_TEXT>
  <SELECT_PORT_TITLE>&amp;Poorttype selecteren</SELECT_PORT_TITLE>
  <BASIC_TEXT>&amp;Fundament</BASIC_TEXT>
  <DISCOVERED_PORTS>Gevonden poorten op uw computer</DISCOVERED_PORTS>
  <IP_PORT>Standaard IP-poort</IP_PORT>	
  <UNC_PORT>UNC-poort</UNC_PORT>
  <PRINT_DRIVER_TEXT>Type printerstuurprogra&amp;mma</PRINT_DRIVER_TEXT>
  <PORT_NAME_TEXT>Poortnaam</PORT_NAME_TEXT>
  <IP_ADDRESS_TEXT>IP-adres of hostnaam</IP_ADDRESS_TEXT>
  <NETWORK_PATH_TEXT>Netwerkpad</NETWORK_PATH_TEXT>
  <GEN_ERROR_TITLE>Fout</GEN_ERROR_TITLE>
  <DUP_PORT_TEXT>Poortnaam bestaat al.</DUP_PORT_TEXT>
  <INVALID_NET_PATH_TEXT>Netwerkpad is ongeldig.</INVALID_NET_PATH_TEXT>
  <PORT_TYPE_TEXT>Poorttype</PORT_TYPE_TEXT>
  <FILES_IN_USE_HEADER>Bestanden in gebruik</FILES_IN_USE_HEADER>
  <RM_FILE_IN_USE_TEXT>De volgende toepassing gebruikt bestanden die moeten worden bijgewerkt met deze installatie.</RM_FILE_IN_USE_TEXT>
  <FILE_IN_USE_TEXT>De volgende toepassing gebruikt bestanden die moeten worden bijgewerkt met deze installatie. Sluit de toepassing en klik op Opnieuw om door te gaan met de installatie of klik op Annuleren om de installatie af te sluiten.</FILE_IN_USE_TEXT>
  <AUTO_RESTART_TEXT>Huidige toepassing &amp;automatisch sluiten en opnieuw starten.</AUTO_RESTART_TEXT>
  <DO_NOT_CLOSE_TEXT>Installatie van huidige toepassing over&amp;slaan en doorgaan met de configuratie.</DO_NOT_CLOSE_TEXT>
  <APPLICATION>Toepassing </APPLICATION>
  <IGNORE_BUTTON>Negeren</IGNORE_BUTTON>
  <RETRY_BUTTON>Opnieuw</RETRY_BUTTON>
  <COMPLETED_TEXT>Voltooid</COMPLETED_TEXT>
  <CANCELED_TEXT>Geannuleerd</CANCELED_TEXT>
  <UPDATED_TEXT>Bijgewerkt</UPDATED_TEXT>
  <FAILED_TEXT>Mislukt</FAILED_TEXT>
  <ERROR_LINK>&amp;Foutrapport weergeven</ERROR_LINK> 
  <PREPARE_INSTALL_TEXT>Installeren voorbereiden</PREPARE_INSTALL_TEXT>
  <SOFTWARE_PATH_TEXT>Selecteer hieronder een optie</SOFTWARE_PATH_TEXT>
  <ADD_ADDITIONAL_PRINTER_TEXT>Extra printer toevoegen</ADD_ADDITIONAL_PRINTER_TEXT>
  <VIEW_SOFTWARE_OPTIONS_TEXT>Softwareopties weergeven</VIEW_SOFTWARE_OPTIONS_TEXT>
  <CONFIG_SETTINGS_TEXT>Configuratie-instellingen</CONFIG_SETTINGS_TEXT>
  <CONFIG_SETTINGS_BUTTON>Con&amp;figuratie...</CONFIG_SETTINGS_BUTTON>
  <CONFIG_APPLY_FUTURE_TEXT>&amp;Toepassen op alle toekomstige installaties</CONFIG_APPLY_FUTURE_TEXT>
  <LOAD_FILE>&amp;Bestand laden</LOAD_FILE>
  <NEW_FILE>&amp;Nieuw</NEW_FILE>
  <RESET_TEXT>&amp;Standaardwaarden</RESET_TEXT>
  <INVALID_PATH_TEXT>De bestandsnaam of het pad is ongeldig</INVALID_PATH_TEXT>
  <REGISTRATION_LINK>&amp;Product registreren</REGISTRATION_LINK>
  <DOTNET>.NET Framework</DOTNET>
  <REQUIRED_DEPENDENCY>Een vereiste afhankelijkheid is niet geïnstalleerd of kan niet worden geïnstalleerd.</REQUIRED_DEPENDENCY> 
  <SW_BYPASS_TITLE>Software is al geïnstalleerd</SW_BYPASS_TITLE>
  <SW_BYPASS_TEXT>Er is vastgesteld dat deze software mogelijk al is geïnstalleerd. Selecteer een optie hieronder om door te gaan.</SW_BYPASS_TEXT>
  <SW_BYPASS_REINSTALL>&amp;Stuurprogramma opnieuw installeren of extra stuurprogramma toevoegen</SW_BYPASS_REINSTALL>
  <SW_BYPASS_OPTIONAL>Verdergaan naar de installatie van extra s&amp;oftware</SW_BYPASS_OPTIONAL>
  <OPTIONAL_SOFTWARE_TITLE>Extra software</OPTIONAL_SOFTWARE_TITLE>
  <APPS_ONLY_SOFTWARE_TITLE>Beschikbare software</APPS_ONLY_SOFTWARE_TITLE>  
  <SELECT_APPS_ONLY_SOFTWARE_TEXT>&amp;Te installeren software selecteren</SELECT_APPS_ONLY_SOFTWARE_TEXT>
  <SELECT_SOFTWARE_TEXT>Ex&amp;tra software selecteren om te installeren</SELECT_SOFTWARE_TEXT>
  <PRODUCT_NAME_COLUMN_HEADER>Programnavn</PRODUCT_NAME_COLUMN_HEADER>
  <VERSION_COLUMN_HEADER>Versie</VERSION_COLUMN_HEADER>
  <SIZE_COLUMN_HEADER>Grootte</SIZE_COLUMN_HEADER>
  <SOFTWARE_DESCRIPTION_TITLE>Beschri&amp;jving van software</SOFTWARE_DESCRIPTION_TITLE>
  <NEWER_VERSION_INSTALLED_TEXT>Een nieuwere of dezelfde versie van de toepassing is al geïnstalleerd.</NEWER_VERSION_INSTALLED_TEXT>
  <CONTINUE_FINAL_TEXT>Klik op de knop Doorgaan om extra softwareonderdelen te selecteren of klik op Voltooien om het installatieprogramma af te sluiten.</CONTINUE_FINAL_TEXT>
  <CONTINUE_BUTTON>&amp;Doorgaan</CONTINUE_BUTTON>
  <ALREADY_INSTALLED_TEXT>Al geïnstalleerd</ALREADY_INSTALLED_TEXT>
  <LBL_ADDITIONAL_SOFTWARE>T&amp;ovábbi szoftverek telepítése</LBL_ADDITIONAL_SOFTWARE>
  <LBL_LOCALIZED_AND>en</LBL_LOCALIZED_AND>
  <OPTIONAL_DISCOVERY_TITLE>Apparaat selecteren</OPTIONAL_DISCOVERY_TITLE>
  <EMPTY_DRIVERCONFIG_PATH>Pad mag niet blanco zijn.</EMPTY_DRIVERCONFIG_PATH>
  <DEPENDENTAPPS_DESCRIPTION>{1} bevat de volgende component(en) voor volledige functionaliteit:</DEPENDENTAPPS_DESCRIPTION>
  <NOT_SUPPORTED_TEXT>Niet ondersteund</NOT_SUPPORTED_TEXT>
  <NOT_SUPPORTED_MESSAGE_TEXT>Scanstuurprogramma's worden niet ondersteund in oudere versies van Windows.</NOT_SUPPORTED_MESSAGE_TEXT>
</STRINGS>
</STRING_TABLE>