﻿<?xml version="1.0" encoding="UTF-8"?>
<STRING_TABLE>
<ISO_LANGUAGE_ID>pl</ISO_LANGUAGE_ID>
<READING_ORDER>LTR</READING_ORDER>
<CODE_PAGE>1250</CODE_PAGE>
<LANGUAGE_ID>1045</LANGUAGE_ID>
<STRINGS>
  <CANCEL_BUTTON>&amp;Anuluj</CANCEL_BUTTON>
  <OK_BUTTON>&amp;OK</OK_BUTTON>
  <INSTALL_BUTTON>Za&amp;instaluj</INSTALL_BUTTON>
  <NEXT_BUTTON>&amp;Dalej</NEXT_BUTTON>
  <EXIT_BUTTON>&amp;Zakończ</EXIT_BUTTON>
  <BACK_BUTTON>&amp;Wstecz</BACK_BUTTON>
  <HELP_BUTTON>&amp;Pomoc</HELP_BUTTON>
  <DISAGREE_BUTTON>&amp;Odrzuć</DISAGREE_BUTTON>
  <AGREE_BUTTON>&amp;Akceptuj</AGREE_BUTTON>
  <FINISH_BUTTON>&amp;Zakończ</FINISH_BUTTON>
  <INSTALL_TITLE>^PRODUCT_NAME^— instalator</INSTALL_TITLE>
  <WELCOME_HEADER>Witamy w instalatorze produktu ^PRODUCT_NAME^.</WELCOME_HEADER>
  <WELCOME_TEXT>Kliknij przycisk Zainstaluj, aby kontynuować, lub przycisk Anuluj, aby zamknąć instalator.</WELCOME_TEXT>
  <INFOCENTER_LINK_LABEL>Centrum informacji uruchomienia produktu</INFOCENTER_LINK_LABEL>
  <PRODUCT_REGISTRATION_LINK_LABEL>Zarejestruj drukarkę</PRODUCT_REGISTRATION_LINK_LABEL>
  <DISCOVERY_INFOCENTER_LINK_LABEL>Centrum informacji {0}</DISCOVERY_INFOCENTER_LINK_LABEL>
  <MANUFACTURER_TEXT>Wybierz producenta</MANUFACTURER_TEXT>
  <MANUFACTURER_LABEL>&amp;Wybierz producenta:</MANUFACTURER_LABEL>
  <INSTALL_PATH_LABEL_TEXT>Ścieżka instalacji</INSTALL_PATH_LABEL_TEXT>
  <INSTALLING_TEXT>Instalowanie</INSTALLING_TEXT>
  <OPTIONAL_SOFTWARE_CANCEL_CONFIRMATION_TEXT>Masz dodatkowe oprogramowanie do zainstalowania lub zaktualizowania.
Czy na pewno chcesz zakończyć bez instalowania dodatkowego oprogramowania?</OPTIONAL_SOFTWARE_CANCEL_CONFIRMATION_TEXT>
  <CANCELING_TEXT>Anulowanie</CANCELING_TEXT>
  <UNINSTALLING_TEXT>odinstalowywanie</UNINSTALLING_TEXT>
  <INSTALL_SUCCESS_HEADING_TEXT>Instalacja zakończona powodzeniem</INSTALL_SUCCESS_HEADING_TEXT>
  <INSTALL_COMPLETE_TEXT>Instalacja została pomyślnie zakończona.</INSTALL_COMPLETE_TEXT>
  <DRIVER_INSTALL_COMPLETE_TEXT>Instalacja sterownika została pomyślnie zakończona.</DRIVER_INSTALL_COMPLETE_TEXT>
  <CANCEL_CONFIRMATION_TEXT>Instalacja oprogramowania nie została ukończona.
Czy na pewno chcesz anulować instalację?</CANCEL_CONFIRMATION_TEXT>
  <INSTALL_CANCELED_TEXT>Instalacja została anulowana.</INSTALL_CANCELED_TEXT>
  <INSTALL_CANCELED_HEADING_TEXT>Instalacja anulowana</INSTALL_CANCELED_HEADING_TEXT> 
  <REBOOT_HEADER_TEXT>Konieczne jest ponowne uruchomienie komputera</REBOOT_HEADER_TEXT>
  <USB_REBOOT_TEXT>Wymagane ponowne uruchomienie. Aby zakończyć instalację, po ponownym uruchomieniu komputera podłącz drukarkę do komputera przy użyciu kabla USB.</USB_REBOOT_TEXT>
  <REBOOT_TEXT>Aby prawidłowo zakończyć instalację, należy ponownie uruchomić system.</REBOOT_TEXT>
  <REBOOT_NOW_TEXT>&amp;Uruchom teraz ponownie komputer</REBOOT_NOW_TEXT>
  <REBOOT_LATER_TEXT>Uruchom &amp;komputer ręcznie później</REBOOT_LATER_TEXT>
  <SECURITY_TITLE>Powiadomienie o zabezpieczeniach</SECURITY_TITLE>
  <SECURITY_TEXT>Wymagane jest zezwolenie na dostęp do oprogramowania ^OEM^.

Zawsze zezwalaj na dostęp do oprogramowania ^OEM^ w przypadku instalacji.</SECURITY_TEXT>
  <DISCOVERY_TITLE>Wybierz drukarkę lub sterownik</DISCOVERY_TITLE>
  <DISCOVERED_DEVICES_TEXT>Połącz za pośrednic&amp;twem portu wykrytego na komputerze.</DISCOVERED_DEVICES_TEXT>
  <DISCOVERED_DEVICES_LIST>Wykryte drukarki</DISCOVERED_DEVICES_LIST>
  <DISCOVERED_LIST_COLUMN_SEARCHING>Wyszukiwanie...</DISCOVERED_LIST_COLUMN_SEARCHING>
  <NO_PRINTER_FOUND>Nie znaleziono drukarki</NO_PRINTER_FOUND>
  <DISCOVERED_LIST_COLUMN_MODEL>Nazwa modelu</DISCOVERED_LIST_COLUMN_MODEL>
  <DISCOVERED_LIST_COLUMN_IPADDRESS>Adres IP</DISCOVERED_LIST_COLUMN_IPADDRESS>
  <DISCOVERED_LIST_COLUMN_PRINTERNAME>Nazwa serwera</DISCOVERED_LIST_COLUMN_PRINTERNAME>
  <DISCOVERED_LIST_COLUMN_SCANNER>Skaner</DISCOVERED_LIST_COLUMN_SCANNER>
  <DISCOVERED_LIST_COLUMN_PRINTER>Drukarka</DISCOVERED_LIST_COLUMN_PRINTER>
  <DISCOVERED_LIST_COLUMN_MACADDRESS>Adres MAC</DISCOVERED_LIST_COLUMN_MACADDRESS>
  <SHOW_DEVICE_STATUS_TEXT>Pokaż stan drukarki</SHOW_DEVICE_STATUS_TEXT>
  <MODIFY_SEARCH_TEXT>&amp;Mojej drukarki nie ma na liście...</MODIFY_SEARCH_TEXT>
  <PRINTER_GROUP_TEXT>Drukarka</PRINTER_GROUP_TEXT>
  <REFRESH_TEXT>&amp;Odśwież</REFRESH_TEXT>
  <ADVANCED_TEXT>&amp;Zaawansowane</ADVANCED_TEXT>
  <YES>Tak</YES>
  <COLOR>Tinta preta</COLOR>
  <MONO>Mono</MONO>
  <ADD_NETWORK_PRINTER>Wyszukaj drukarki</ADD_NETWORK_PRINTER>
  <LOCAL_SUBNET_SEARCH>Wyszukiwanie podsieci &amp;lokalnych</LOCAL_SUBNET_SEARCH>
  <LOCAL_SUBNET_SEARCH_TOOLTIP>Wybór tej opcji spowoduje wyszukiwanie urządzeń w sieci lokalnej.</LOCAL_SUBNET_SEARCH_TOOLTIP>
  <IP_HOSTNAME_SEARCH>Wyszukiwanie hosta/adresu &amp;IP</IP_HOSTNAME_SEARCH>
  <IP_HOSTNAME_SEARCH_TOOLTIP>Wybierz tę opcję, jeśli znasz nazwę hosta lub adres IP urządzenia.</IP_HOSTNAME_SEARCH_TOOLTIP>
  <SUBNET_SEARCH>Wy&amp;szukiwanie podsieci</SUBNET_SEARCH>
  <SUBNET_SEARCH_TOOLTIP>Wybór tej opcji spowoduje wyszukiwanie urządzeń w sieci zdalnej.</SUBNET_SEARCH_TOOLTIP>
  <IP_ADDRESS>&amp;IP address</IP_ADDRESS>
  <SUBNET_MASK>Maska podsieci</SUBNET_MASK>
  <MSG_HOSTNAME_LIMIT>Nazwa hosta nie może być dłuższa niż 255 znaków.</MSG_HOSTNAME_LIMIT>
  <MSG_INVALID_IPHOST_NAME>Nieprawidłowa nazwa hosta lub adres IP.</MSG_INVALID_IPHOST_NAME>
  <MSG_IP_LIMIT>Adres IP nie może być dłuższy niż 45 znaków.</MSG_IP_LIMIT>
  <MSG_INVALID_IP>Nieprawidłowy adres IP.</MSG_INVALID_IP>
  <MSG_INVALID_SUBNET>Nieprawidłowy adres podsieci.</MSG_INVALID_SUBNET>
  <MSG_SUBNET_LIMIT>Maska podsieci nie może być dłuższa niż 45 znaków.</MSG_SUBNET_LIMIT>
  <CONNECT_WITH_USB_TEXT>Podłącz przy &amp;użyciu kabla USB.</CONNECT_WITH_USB_TEXT>
  <CONNECT_WITH_TRAVELPRINT_TEXT>Podłącz przy użyciu &amp;funkcji Drukowanie w podróży.</CONNECT_WITH_TRAVELPRINT_TEXT>
  <USB_FINAL_TEXT>Oprogramowanie zostało zainstalowane pomyślnie Aby zakończyć instalację, podłącz drukarkę do komputera przy użyciu kabla USB..</USB_FINAL_TEXT>
  <ERROR_TITLE>Błąd instalacji</ERROR_TITLE>
  <ERROR_TEXT>Wystąpił błąd podczas instalacji. Instalacja zostanie anulowana. Spróbuj ponownie wykonać instalację.</ERROR_TEXT>
  <PERMISSION_ERROR_TITLE>Odmowa dostępu</PERMISSION_ERROR_TITLE>
  <PERMISSION_ERROR_TEXT>Nie masz uprawnień wymaganych do uruchomienia oprogramowania instalacyjnego. Skontaktuj się z administratorem systemu.</PERMISSION_ERROR_TEXT>
  <DISK_FULL_ERROR_TITLE>Brak miejsca na dysku</DISK_FULL_ERROR_TITLE>
  <DISK_FULL_ERROR_TEXT>Zwolnij miejsce lub spróbuj użyć innego dysku.</DISK_FULL_ERROR_TEXT>
  <INSTALL_ALREADY_RUNNING_TITLE>Błąd instalacji</INSTALL_ALREADY_RUNNING_TITLE>
  <INSTALL_ALREADY_RUNNING_TEXT>Instalator Windows jest zajęty instalowaniem innej aplikacji. Zaczekaj na zakończenie tamtej instalacji, a potem uruchom instalator ponownie.</INSTALL_ALREADY_RUNNING_TEXT>
  <MULTIINSTANCE_ERROR_TITLE>Błąd wielokrotnego wystąpienia</MULTIINSTANCE_ERROR_TITLE>
  <MULTIINSTANCE_ERROR_TEXT>Otwarte jest już inne wystąpienie tej aplikacji. To wystąpienie zostanie zamknięte.</MULTIINSTANCE_ERROR_TEXT>
  <LICENSE_AGREEMENT>Umowa licencyjna</LICENSE_AGREEMENT>
  <LICENSE_SCROLL_TEXT>Przeczytaj zamieszczoną poniżej Umowę licencyjną. Aby kontynuować instalowanie oprogramowania, musisz zaakceptować umowę.</LICENSE_SCROLL_TEXT>
  <SELECT_PORT_TITLE>&amp;Wybierz typ portu</SELECT_PORT_TITLE>
  <BASIC_TEXT>Pod&amp;stawowe</BASIC_TEXT>
  <DISCOVERED_PORTS>Porty wykryte na komputerze</DISCOVERED_PORTS>
  <IP_PORT>Standardowy port IP</IP_PORT>	
  <UNC_PORT>Port UNC</UNC_PORT>
  <PRINT_DRIVER_TEXT>Typ sterownika d&amp;rukarki</PRINT_DRIVER_TEXT>
  <PORT_NAME_TEXT>Nazwa portu</PORT_NAME_TEXT>
  <IP_ADDRESS_TEXT>Adres IP lub nazwa hosta</IP_ADDRESS_TEXT>
  <NETWORK_PATH_TEXT>Ścieżka sieciowa</NETWORK_PATH_TEXT>
  <GEN_ERROR_TITLE>Błąd</GEN_ERROR_TITLE>
  <DUP_PORT_TEXT>Nazwa portu już istnieje.</DUP_PORT_TEXT>
  <INVALID_NET_PATH_TEXT>Ścieżka sieciowa jest nieprawidłowa.</INVALID_NET_PATH_TEXT>
  <PORT_TYPE_TEXT>Typ portu</PORT_TYPE_TEXT>
  <FILES_IN_USE_HEADER>Pliki w użyciu</FILES_IN_USE_HEADER>
  <RM_FILE_IN_USE_TEXT>Pliki, które muszą zostać zaktualizowane przez tę konfigurację, są używane przez następującą aplikację.</RM_FILE_IN_USE_TEXT>
  <FILE_IN_USE_TEXT>Pliki, które muszą zostać zaktualizowane przez tę konfigurację, są używane przez następującą aplikację. Zamknij aplikację, a następnie kliknij przycisk Ponów, aby kontynuować instalację, lub przycisk Anuluj, aby zakończyć instalację.</FILE_IN_USE_TEXT>
  <AUTO_RESTART_TEXT>&amp;Automatycznie zamknij obecną aplikację i spróbuj uruchomić ją ponownie.</AUTO_RESTART_TEXT>
  <DO_NOT_CLOSE_TEXT>&amp;Pomiń instalację obecnej aplikacji i kontynuuj konfigurowanie.</DO_NOT_CLOSE_TEXT>
  <APPLICATION>Aplikacja </APPLICATION>
  <IGNORE_BUTTON>Ignoruj</IGNORE_BUTTON>
  <RETRY_BUTTON>Ponów próbę</RETRY_BUTTON>
  <COMPLETED_TEXT>Zakończone</COMPLETED_TEXT>
  <CANCELED_TEXT>Anulowany</CANCELED_TEXT>
  <UPDATED_TEXT>Zaktualizowano</UPDATED_TEXT>
  <FAILED_TEXT>Niepow.</FAILED_TEXT>
  <ERROR_LINK>&amp;Wyświetl raport o błędach</ERROR_LINK> 
  <PREPARE_INSTALL_TEXT>Przygotowanie do instalacji</PREPARE_INSTALL_TEXT>
  <SOFTWARE_PATH_TEXT>Wybierz opcję poniżej</SOFTWARE_PATH_TEXT>
  <ADD_ADDITIONAL_PRINTER_TEXT>Dodaj dodatkową drukarkę</ADD_ADDITIONAL_PRINTER_TEXT>
  <VIEW_SOFTWARE_OPTIONS_TEXT>Wyświetl opcje oprogramowania</VIEW_SOFTWARE_OPTIONS_TEXT>
  <CONFIG_SETTINGS_TEXT>Ustawienia konfiguracji</CONFIG_SETTINGS_TEXT>
  <CONFIG_SETTINGS_BUTTON>Konf&amp;iguracja...</CONFIG_SETTINGS_BUTTON>
  <CONFIG_APPLY_FUTURE_TEXT>&amp;Zastosuj do wszystkich przyszłych instalacji</CONFIG_APPLY_FUTURE_TEXT>
  <LOAD_FILE>&amp;Załaduj plik</LOAD_FILE>
  <NEW_FILE>&amp;Nowy</NEW_FILE>
  <RESET_TEXT>P&amp;rzywróć wartości domyślne</RESET_TEXT>
  <INVALID_PATH_TEXT>Nazwa pliku lub ścieżka jest nieprawidłowa</INVALID_PATH_TEXT>
  <REGISTRATION_LINK>&amp;Zarejestruj produkt</REGISTRATION_LINK>
  <DOTNET>.NET Framework</DOTNET>
  <REQUIRED_DEPENDENCY>Wymagana zależność nie została zainstalowana lub jej instalacja nie powiodła się.</REQUIRED_DEPENDENCY> 
  <SW_BYPASS_TITLE>Oprogramowanie jest już zainstalowane</SW_BYPASS_TITLE>
  <SW_BYPASS_TEXT>Instalator wykrył, że to oprogramowanie mogło zostać już zainstalowane Wybierz opcję poniżej, aby kontynuować.</SW_BYPASS_TEXT>
  <SW_BYPASS_REINSTALL>P&amp;onownie zainstaluj sterownik lub dodaj dodatkowy sterownik</SW_BYPASS_REINSTALL>
  <SW_BYPASS_OPTIONAL>&amp;Pomiń instalację dodatkowego oprogramowania</SW_BYPASS_OPTIONAL>
  <OPTIONAL_SOFTWARE_TITLE>Dodatkowe oprogramowanie</OPTIONAL_SOFTWARE_TITLE>
  <APPS_ONLY_SOFTWARE_TITLE>Dostępne oprogramowanie</APPS_ONLY_SOFTWARE_TITLE>  
  <SELECT_APPS_ONLY_SOFTWARE_TEXT>&amp;Wybierz oprogramowanie do instalacji</SELECT_APPS_ONLY_SOFTWARE_TEXT>
  <SELECT_SOFTWARE_TEXT>&amp;Wybierz dodatkowe oprogramowanie do zainstalowania</SELECT_SOFTWARE_TEXT>
  <PRODUCT_NAME_COLUMN_HEADER>Nazwa aplikacji</PRODUCT_NAME_COLUMN_HEADER>
  <VERSION_COLUMN_HEADER>Wersja</VERSION_COLUMN_HEADER>
  <SIZE_COLUMN_HEADER>Rozmiar</SIZE_COLUMN_HEADER>
  <SOFTWARE_DESCRIPTION_TITLE>Opis oprogra&amp;mowania</SOFTWARE_DESCRIPTION_TITLE>
  <NEWER_VERSION_INSTALLED_TEXT>Nowsza lub ta sama wersja aplikacji jest już zainstalowana.</NEWER_VERSION_INSTALLED_TEXT>
  <CONTINUE_FINAL_TEXT>Kliknij przycisk Kontynuuj, aby wybrać komponenty dodatkowego oprogramowania, lub kliknij przycisk Zakończ, aby zamknąć program instalacyjny.</CONTINUE_FINAL_TEXT>
  <CONTINUE_BUTTON>&amp;Kontynuuj</CONTINUE_BUTTON>
  <ALREADY_INSTALLED_TEXT>Już zainstalowane</ALREADY_INSTALLED_TEXT>
  <LBL_ADDITIONAL_SOFTWARE>&amp;Zainstaluj dodatkowe oprogramowanie</LBL_ADDITIONAL_SOFTWARE>
  <LBL_LOCALIZED_AND>i</LBL_LOCALIZED_AND>
  <OPTIONAL_DISCOVERY_TITLE>Wybierz urządzenie</OPTIONAL_DISCOVERY_TITLE>
  <EMPTY_DRIVERCONFIG_PATH>Pole ścieżki nie może być puste.</EMPTY_DRIVERCONFIG_PATH>
  <DEPENDENTAPPS_DESCRIPTION>{1} obejmuje poniższe składnik(i) zapewniające pełną funkcjonalność:</DEPENDENTAPPS_DESCRIPTION>
  <NOT_SUPPORTED_TEXT>Nieobsługiwane</NOT_SUPPORTED_TEXT>
  <NOT_SUPPORTED_MESSAGE_TEXT>Sterowniki skanowania nie są obsługiwane w starszych wersjach systemu Windows.</NOT_SUPPORTED_MESSAGE_TEXT>
</STRINGS>
</STRING_TABLE>