﻿<?xml version="1.0" encoding="UTF-8"?>
<STRING_TABLE>
<ISO_LANGUAGE_ID>pt_br</ISO_LANGUAGE_ID>
<READING_ORDER>LTR</READING_ORDER>
<CODE_PAGE>1252</CODE_PAGE>
<LANGUAGE_ID>1046</LANGUAGE_ID>
<STRINGS>
  <CANCEL_BUTTON>&amp;Cancelar</CANCEL_BUTTON>
  <OK_BUTTON>&amp;Ok</OK_BUTTON>
  <INSTALL_BUTTON>&amp;Instalar</INSTALL_BUTTON>
  <NEXT_BUTTON>Ava&amp;nçar</NEXT_BUTTON>
  <EXIT_BUTTON>&amp;Sair</EXIT_BUTTON>
  <BACK_BUTTON>&amp;Voltar</BACK_BUTTON>
  <HELP_BUTTON>&amp;Ajuda</HELP_BUTTON>
  <DISAGREE_BUTTON>&amp;Recusar</DISAGREE_BUTTON>
  <AGREE_BUTTON>&amp;Aceitar</AGREE_BUTTON>
  <FINISH_BUTTON>&amp;Final</FINISH_BUTTON>
  <INSTALL_TITLE>^PRODUCT_NAME^.Instalador</INSTALL_TITLE>
  <WELCOME_HEADER>Bem-vindo ao instalador do ^PRODUCT_NAME^</WELCOME_HEADER>
  <WELCOME_TEXT>Clique em Instalar para continuar ou em Cancelar para sair do instalador.</WELCOME_TEXT>
  <INFOCENTER_LINK_LABEL>Iniciar Central de informações do produto</INFOCENTER_LINK_LABEL>
  <PRODUCT_REGISTRATION_LINK_LABEL>Registrar uma impressora</PRODUCT_REGISTRATION_LINK_LABEL>
  <DISCOVERY_INFOCENTER_LINK_LABEL>Centro de informações da {0}</DISCOVERY_INFOCENTER_LINK_LABEL>
  <MANUFACTURER_TEXT>Selecione seu fabricante</MANUFACTURER_TEXT>
  <MANUFACTURER_LABEL>&amp;Selecionar um fabricante:</MANUFACTURER_LABEL>
  <INSTALL_PATH_LABEL_TEXT>Caminho de instalação</INSTALL_PATH_LABEL_TEXT>
  <INSTALLING_TEXT>Instalando</INSTALLING_TEXT>
  <OPTIONAL_SOFTWARE_CANCEL_CONFIRMATION_TEXT>Você tem software adicional a ser instalado ou atualizado.
Tem certeza de que deseja sair sem instalar o software adicional?</OPTIONAL_SOFTWARE_CANCEL_CONFIRMATION_TEXT>
  <CANCELING_TEXT>Cancelando</CANCELING_TEXT>
  <UNINSTALLING_TEXT>Desinstalando</UNINSTALLING_TEXT>
  <INSTALL_SUCCESS_HEADING_TEXT>Instalação bem-sucedida</INSTALL_SUCCESS_HEADING_TEXT>
  <INSTALL_COMPLETE_TEXT>A instalação foi concluída com êxito.</INSTALL_COMPLETE_TEXT>
  <DRIVER_INSTALL_COMPLETE_TEXT>A instalação do driver foi concluída com êxito.</DRIVER_INSTALL_COMPLETE_TEXT>
  <CANCEL_CONFIRMATION_TEXT>A instalação do software não está concluída.
Tem certeza de que deseja cancelar a instalação?</CANCEL_CONFIRMATION_TEXT>
  <INSTALL_CANCELED_TEXT>A instalação foi cancelada.</INSTALL_CANCELED_TEXT>
  <INSTALL_CANCELED_HEADING_TEXT>Instalação cancelada</INSTALL_CANCELED_HEADING_TEXT> 
  <REBOOT_HEADER_TEXT>Reinicialização necessária</REBOOT_HEADER_TEXT>
  <USB_REBOOT_TEXT>É necessário reinicializar. Para concluir a instalação, conecte sua impressora ao computador usando um cabo USB depois de reinicializar o computador.</USB_REBOOT_TEXT>
  <REBOOT_TEXT>O sistema deve ser reinicializado para completar a instalação com sucesso.</REBOOT_TEXT>
  <REBOOT_NOW_TEXT>&amp;Continuar com a reinicialização do computador agora</REBOOT_NOW_TEXT>
  <REBOOT_LATER_TEXT>&amp;Reinicializar o computador manualmente mais tarde</REBOOT_LATER_TEXT>
  <SECURITY_TITLE>Notificação de segurança</SECURITY_TITLE>
  <SECURITY_TEXT>É necessária permissão para acessar o software ^OEM^.

Sempre permitir acesso ao software ^OEM^ para instalação.</SECURITY_TEXT>
  <DISCOVERY_TITLE>Selecionar Impressora e Driver</DISCOVERY_TITLE>
  <DISCOVERED_DEVICES_TEXT>Conec&amp;tar por meio de uma porta descoberta em seu computador.</DISCOVERED_DEVICES_TEXT>
  <DISCOVERED_DEVICES_LIST>Impressoras descobertas</DISCOVERED_DEVICES_LIST>
  <DISCOVERED_LIST_COLUMN_SEARCHING>Buscando...</DISCOVERED_LIST_COLUMN_SEARCHING>
  <NO_PRINTER_FOUND>Nenhuma impressora encontrada</NO_PRINTER_FOUND>
  <DISCOVERED_LIST_COLUMN_MODEL>Nome do modelo</DISCOVERED_LIST_COLUMN_MODEL>
  <DISCOVERED_LIST_COLUMN_IPADDRESS>Endereço IP</DISCOVERED_LIST_COLUMN_IPADDRESS>
  <DISCOVERED_LIST_COLUMN_PRINTERNAME>Nome de host</DISCOVERED_LIST_COLUMN_PRINTERNAME>
  <DISCOVERED_LIST_COLUMN_SCANNER>Scanner</DISCOVERED_LIST_COLUMN_SCANNER>
  <DISCOVERED_LIST_COLUMN_PRINTER>Impressora</DISCOVERED_LIST_COLUMN_PRINTER>
  <DISCOVERED_LIST_COLUMN_MACADDRESS>Endereço MAC</DISCOVERED_LIST_COLUMN_MACADDRESS>
  <SHOW_DEVICE_STATUS_TEXT>Mostrar status da impressora</SHOW_DEVICE_STATUS_TEXT>
  <MODIFY_SEARCH_TEXT>&amp;Minha impressora não está listada...</MODIFY_SEARCH_TEXT>
  <PRINTER_GROUP_TEXT>Impressora</PRINTER_GROUP_TEXT>
  <REFRESH_TEXT>&amp;Atualizar</REFRESH_TEXT>
  <ADVANCED_TEXT>Avança&amp;do</ADVANCED_TEXT>
  <YES>Sim</YES>
  <COLOR>Tinta colorida</COLOR>
  <MONO>Mono</MONO>
  <ADD_NETWORK_PRINTER>Localizar Impressoras</ADD_NETWORK_PRINTER>
  <LOCAL_SUBNET_SEARCH>Pesquisa de sub-rede &amp;local</LOCAL_SUBNET_SEARCH>
  <LOCAL_SUBNET_SEARCH_TOOLTIP>Selecione para pesquisar dispositivos na rede local.</LOCAL_SUBNET_SEARCH_TOOLTIP>
  <IP_HOSTNAME_SEARCH>Pesquisa de Host / Endereço &amp;IP</IP_HOSTNAME_SEARCH>
  <IP_HOSTNAME_SEARCH_TOOLTIP>Selecione esta opção se souber o nome do host ou o endereço IP do seu dispositivo.</IP_HOSTNAME_SEARCH_TOOLTIP>
  <SUBNET_SEARCH>Pesquisa de &amp;sub-rede</SUBNET_SEARCH>
  <SUBNET_SEARCH_TOOLTIP>Selecione para pesquisar dispositivos em uma rede remota.</SUBNET_SEARCH_TOOLTIP>
  <IP_ADDRESS>IP address</IP_ADDRESS>
  <SUBNET_MASK>Máscara de sub-rede</SUBNET_MASK>
  <MSG_HOSTNAME_LIMIT>O nome de host não pode conter mais do que 255 caracteres.</MSG_HOSTNAME_LIMIT>
  <MSG_INVALID_IPHOST_NAME>Não é um nome de host ou endereço IP válido.</MSG_INVALID_IPHOST_NAME>
  <MSG_IP_LIMIT>O endereço IP não pode conter mais do que 45 caracteres.</MSG_IP_LIMIT>
  <MSG_INVALID_IP>Endereço IP inválido.</MSG_INVALID_IP>
  <MSG_INVALID_SUBNET>Não é um endereço de sub-rede válido.</MSG_INVALID_SUBNET>
  <MSG_SUBNET_LIMIT>A máscara de sub-rede não pode conter mais do que 45 caracteres.</MSG_SUBNET_LIMIT>
  <CONNECT_WITH_USB_TEXT>Conectar com um ca&amp;bo USB.</CONNECT_WITH_USB_TEXT>
  <CONNECT_WITH_TRAVELPRINT_TEXT>Conectar por &amp;meio do Travel Print.</CONNECT_WITH_TRAVELPRINT_TEXT>
  <USB_FINAL_TEXT>O software foi instalado com sucesso. Para concluir a instalação, conecte sua impressora ao computador usando um cabo USB.</USB_FINAL_TEXT>
  <ERROR_TITLE>Erro de instalação</ERROR_TITLE>
  <ERROR_TEXT>Ocorreu um erro na instalação. A instalação será cancelada. Tente instalar novamente.</ERROR_TEXT>
  <PERMISSION_ERROR_TITLE>Acesso negado</PERMISSION_ERROR_TITLE>
  <PERMISSION_ERROR_TEXT>Você não tem as permissões necessárias para executar o software de instalação. Entre em contato com o administrador do sistema.</PERMISSION_ERROR_TEXT>
  <DISK_FULL_ERROR_TITLE>Falta de espaço em disco</DISK_FULL_ERROR_TITLE>
  <DISK_FULL_ERROR_TEXT>Disponibilize mais espaço ou tente outra unidade.</DISK_FULL_ERROR_TEXT>
  <INSTALL_ALREADY_RUNNING_TITLE>Erro de instalação</INSTALL_ALREADY_RUNNING_TITLE>
  <INSTALL_ALREADY_RUNNING_TEXT>O instalador do Windows está ocupado instalando outro aplicativo. Aguarde que essa instalação seja concluída antes de executar o instalador novamente.</INSTALL_ALREADY_RUNNING_TEXT>
  <MULTIINSTANCE_ERROR_TITLE>Erro de instância múltipla</MULTIINSTANCE_ERROR_TITLE>
  <MULTIINSTANCE_ERROR_TEXT>Há outra instância aberta desse aplicativo. Essa instância será fechada.</MULTIINSTANCE_ERROR_TEXT>
  <LICENSE_AGREEMENT>Contrato de Licença</LICENSE_AGREEMENT>
  <LICENSE_SCROLL_TEXT>Leia o acordo de licença a seguir. Para prosseguir com a instalação do software da impressora, é necessário aceitar o acordo.</LICENSE_SCROLL_TEXT>
  <SELECT_PORT_TITLE>&amp;Selecionar tipo de porta</SELECT_PORT_TITLE>
  <BASIC_TEXT>&amp;Básicas</BASIC_TEXT>
  <DISCOVERED_PORTS>Portas descobertas no computador</DISCOVERED_PORTS>
  <IP_PORT>Porta IP padrão</IP_PORT>	
  <UNC_PORT>Porta UNC</UNC_PORT>
  <PRINT_DRIVER_TEXT>Tipo do driv&amp;er de impressão</PRINT_DRIVER_TEXT>
  <PORT_NAME_TEXT>Nome da porta</PORT_NAME_TEXT>
  <IP_ADDRESS_TEXT>Endereço IP ou nome do host</IP_ADDRESS_TEXT>
  <NETWORK_PATH_TEXT>Caminho da rede</NETWORK_PATH_TEXT>
  <GEN_ERROR_TITLE>Erro</GEN_ERROR_TITLE>
  <DUP_PORT_TEXT>O nome da porta já existe.</DUP_PORT_TEXT>
  <INVALID_NET_PATH_TEXT>O caminho de rede é inválido.</INVALID_NET_PATH_TEXT>
  <PORT_TYPE_TEXT>Tipo de porta</PORT_TYPE_TEXT>
  <FILES_IN_USE_HEADER>Arquivos em uso</FILES_IN_USE_HEADER>
  <RM_FILE_IN_USE_TEXT>O aplicativo a seguir está usando arquivos que precisam ser atualizados por esta configuração.</RM_FILE_IN_USE_TEXT>
  <FILE_IN_USE_TEXT>O aplicativo a seguir está usando arquivos que precisam ser atualizados por esta configuração. Feche o aplicativo e, em seguida, clique em Repetir para continuar com a instalação ou clique em Cancelar para sair da instalação.</FILE_IN_USE_TEXT>
  <AUTO_RESTART_TEXT>Feche &amp;automaticamente o aplicativo atual e tente reinstalá-lo.</AUTO_RESTART_TEXT>
  <DO_NOT_CLOSE_TEXT>&amp;Pule a instalação do aplicativo atual e continue com a Configuração.</DO_NOT_CLOSE_TEXT>
  <APPLICATION>Aplicativo </APPLICATION>
  <IGNORE_BUTTON>Ignorar</IGNORE_BUTTON>
  <RETRY_BUTTON>Repetir</RETRY_BUTTON>
  <COMPLETED_TEXT>Concluído</COMPLETED_TEXT>
  <CANCELED_TEXT>Cancelado</CANCELED_TEXT>
  <UPDATED_TEXT>Atualizado</UPDATED_TEXT>
  <FAILED_TEXT>Falha</FAILED_TEXT>
  <ERROR_LINK>&amp;Exibir relatório de erro</ERROR_LINK> 
  <PREPARE_INSTALL_TEXT>Preparando para instalar</PREPARE_INSTALL_TEXT>
  <SOFTWARE_PATH_TEXT>Escolha uma opção abaixo</SOFTWARE_PATH_TEXT>
  <ADD_ADDITIONAL_PRINTER_TEXT>Acrescentar impressora adicional</ADD_ADDITIONAL_PRINTER_TEXT>
  <VIEW_SOFTWARE_OPTIONS_TEXT>Exibir opções de software</VIEW_SOFTWARE_OPTIONS_TEXT>
  <CONFIG_SETTINGS_TEXT>Definições da configuração</CONFIG_SETTINGS_TEXT>
  <CONFIG_SETTINGS_BUTTON>Con&amp;figuração...</CONFIG_SETTINGS_BUTTON>
  <CONFIG_APPLY_FUTURE_TEXT>&amp;Aplicar a todas as instalações futuras</CONFIG_APPLY_FUTURE_TEXT>
  <LOAD_FILE>&amp;Carregar arquivo</LOAD_FILE>
  <NEW_FILE>&amp;Novo</NEW_FILE>
  <RESET_TEXT>&amp;Redefinir para o padrão</RESET_TEXT>
  <INVALID_PATH_TEXT>O nome de arquivo ou caminhão não é válido</INVALID_PATH_TEXT>
  <REGISTRATION_LINK>&amp;Registrar produto</REGISTRATION_LINK>
  <DOTNET>.NET Framework</DOTNET>
  <REQUIRED_DEPENDENCY>Uma dependência obrigatória não foi instalada ou houve falha na instalação.</REQUIRED_DEPENDENCY> 
  <SW_BYPASS_TITLE>Software já instalado</SW_BYPASS_TITLE>
  <SW_BYPASS_TEXT>O instalador detectou que este software já pode ser instalado. Selecione uma opção abaixo para continuar.</SW_BYPASS_TEXT>
  <SW_BYPASS_REINSTALL>&amp;Reinstale o driver ou adicione um driver adicional</SW_BYPASS_REINSTALL>
  <SW_BYPASS_OPTIONAL>&amp;Pular para instalação de software adicional</SW_BYPASS_OPTIONAL>
  <OPTIONAL_SOFTWARE_TITLE>Software adicional</OPTIONAL_SOFTWARE_TITLE>
  <APPS_ONLY_SOFTWARE_TITLE>Software disponível</APPS_ONLY_SOFTWARE_TITLE>  
  <SELECT_APPS_ONLY_SOFTWARE_TEXT>&amp;Selecione o software a ser instalado</SELECT_APPS_ONLY_SOFTWARE_TEXT>
  <SELECT_SOFTWARE_TEXT>&amp;Selecione o software adicional a ser instalado</SELECT_SOFTWARE_TEXT>
  <PRODUCT_NAME_COLUMN_HEADER>Nome do aplic.</PRODUCT_NAME_COLUMN_HEADER>
  <VERSION_COLUMN_HEADER>Versão</VERSION_COLUMN_HEADER>
  <SIZE_COLUMN_HEADER>Tamanho</SIZE_COLUMN_HEADER>
  <SOFTWARE_DESCRIPTION_TITLE>Descrição de sof&amp;tware</SOFTWARE_DESCRIPTION_TITLE>
  <NEWER_VERSION_INSTALLED_TEXT>Uma versão mais recente ou a mesma versão do aplicativo já está instalada.</NEWER_VERSION_INSTALLED_TEXT>
  <CONTINUE_FINAL_TEXT>Clique no botão Continuar para selecionar componentes adicionais de software ou clique em Concluir para sair do instalador.</CONTINUE_FINAL_TEXT>
  <CONTINUE_BUTTON>&amp;Continuar</CONTINUE_BUTTON>
  <ALREADY_INSTALLED_TEXT>Já está instalado</ALREADY_INSTALLED_TEXT>
  <LBL_ADDITIONAL_SOFTWARE>&amp;Instalar software adicional</LBL_ADDITIONAL_SOFTWARE>
  <LBL_LOCALIZED_AND>e</LBL_LOCALIZED_AND>
  <OPTIONAL_DISCOVERY_TITLE>Escolha seu dispositivo</OPTIONAL_DISCOVERY_TITLE>
  <EMPTY_DRIVERCONFIG_PATH>O caminho não pode ficar em branco.</EMPTY_DRIVERCONFIG_PATH>
  <DEPENDENTAPPS_DESCRIPTION>{1} inclui os seguintes componente(s) para funcionalidade completa:</DEPENDENTAPPS_DESCRIPTION>
  <NOT_SUPPORTED_TEXT>Não suportado</NOT_SUPPORTED_TEXT>
  <NOT_SUPPORTED_MESSAGE_TEXT>Os drivers de digitalização não são compatíveis com versões mais antigas do Windows.</NOT_SUPPORTED_MESSAGE_TEXT>
</STRINGS>
</STRING_TABLE>