﻿<?xml version="1.0" encoding="UTF-8"?>
<STRING_TABLE>
<ISO_LANGUAGE_ID>ro</ISO_LANGUAGE_ID>
<READING_ORDER>LTR</READING_ORDER>
<CODE_PAGE>1250</CODE_PAGE>
<LANGUAGE_ID>1048</LANGUAGE_ID>
<STRINGS>
  <CANCEL_BUTTON>&amp;Revocare</CANCEL_BUTTON>
  <OK_BUTTON>&amp;Ok</OK_BUTTON>
  <INSTALL_BUTTON>&amp;Instalare</INSTALL_BUTTON>
  <NEXT_BUTTON>&amp;Următorul</NEXT_BUTTON>
  <EXIT_BUTTON>I&amp;eşire</EXIT_BUTTON>
  <BACK_BUTTON>Îna&amp;poi</BACK_BUTTON>
  <HELP_BUTTON>&amp;Ajutor</HELP_BUTTON>
  <DISAGREE_BUTTON>&amp;Refuz</DISAGREE_BUTTON>
  <AGREE_BUTTON>&amp;Acceptare</AGREE_BUTTON>
  <FINISH_BUTTON>&amp;Terminare</FINISH_BUTTON>
  <INSTALL_TITLE>Programul de instalare pentru ^PRODUCT_NAME^</INSTALL_TITLE>
  <WELCOME_HEADER>Bun venit la Programul de instalare pentru ^PRODUCT_NAME^</WELCOME_HEADER>
  <WELCOME_TEXT>Faceţi clic pe Instalare pentru a continua sau pe Anulare pentru a ieşi din programul de instalare.</WELCOME_TEXT>
  <INFOCENTER_LINK_LABEL>Lansare Centru de informaţii privind produsul</INFOCENTER_LINK_LABEL>
  <PRODUCT_REGISTRATION_LINK_LABEL>Înregistrare imprimantă</PRODUCT_REGISTRATION_LINK_LABEL>
  <DISCOVERY_INFOCENTER_LINK_LABEL>{0} Centru de informaţii</DISCOVERY_INFOCENTER_LINK_LABEL>
  <MANUFACTURER_TEXT>Alegeţi producătorul</MANUFACTURER_TEXT>
  <MANUFACTURER_LABEL>&amp;Selectaţi un producător:</MANUFACTURER_LABEL>
  <INSTALL_PATH_LABEL_TEXT>Cale instalare</INSTALL_PATH_LABEL_TEXT>
  <INSTALLING_TEXT>Instalare</INSTALLING_TEXT>
  <OPTIONAL_SOFTWARE_CANCEL_CONFIRMATION_TEXT>Aveţi software suplimentar de instalat sau de actualizat.
Sigur doriţi să ieşiţi fără instalarea software-ului suplimentar?</OPTIONAL_SOFTWARE_CANCEL_CONFIRMATION_TEXT>
  <CANCELING_TEXT>Se anulează</CANCELING_TEXT>
  <UNINSTALLING_TEXT>Se dezinstaleaza</UNINSTALLING_TEXT>
  <INSTALL_SUCCESS_HEADING_TEXT>Instalarea a reuşit</INSTALL_SUCCESS_HEADING_TEXT>
  <INSTALL_COMPLETE_TEXT>Instalarea s-a finalizat cu succes.</INSTALL_COMPLETE_TEXT>
  <DRIVER_INSTALL_COMPLETE_TEXT>Instalarea driverului s-a finalizat cu succes.</DRIVER_INSTALL_COMPLETE_TEXT>
  <CANCEL_CONFIRMATION_TEXT>Instalarea software-ului nu este finalizată.
Sigur anulaţi instalarea?</CANCEL_CONFIRMATION_TEXT>
  <INSTALL_CANCELED_TEXT>Instalarea a fost anulată.</INSTALL_CANCELED_TEXT>
  <INSTALL_CANCELED_HEADING_TEXT>Instalarea a fost anulată</INSTALL_CANCELED_HEADING_TEXT> 
  <REBOOT_HEADER_TEXT>Este necesară repornirea computerului</REBOOT_HEADER_TEXT>
  <USB_REBOOT_TEXT>Este necesară repornirea. Pentru a finaliza instalarea, conectaţi imprimanta la computer printr-un cablu USB după ce reporniţi computerul.</USB_REBOOT_TEXT>
  <REBOOT_TEXT>Trebuie să reporniţi sistemul pentru ca instalarea să fie finalizată cu succes.</REBOOT_TEXT>
  <REBOOT_NOW_TEXT>&amp;Se continua acum cu repornirea computerului</REBOOT_NOW_TEXT>
  <REBOOT_LATER_TEXT>&amp;Reporniţi manual computerul mai târziu</REBOOT_LATER_TEXT>
  <SECURITY_TITLE>Notificare de securitate</SECURITY_TITLE>
  <SECURITY_TEXT>Este necesară permisiunea de a accesa software-ul ^OEM^.

Permiteţi întotdeauna accesul la software-ul ^OEM^ pentru instalare.</SECURITY_TEXT>
  <DISCOVERY_TITLE>Selectaţi imprimanta şi driverul</DISCOVERY_TITLE>
  <DISCOVERED_DEVICES_TEXT>Conectare prin&amp;tr-un port descoperit pe computer.</DISCOVERED_DEVICES_TEXT>
  <DISCOVERED_DEVICES_LIST>Imprimante descoperite</DISCOVERED_DEVICES_LIST>
  <DISCOVERED_LIST_COLUMN_SEARCHING>Se caută...</DISCOVERED_LIST_COLUMN_SEARCHING>
  <NO_PRINTER_FOUND>Nu s-a găsit nicio imprimantă</NO_PRINTER_FOUND>
  <DISCOVERED_LIST_COLUMN_MODEL>Nume model</DISCOVERED_LIST_COLUMN_MODEL>
  <DISCOVERED_LIST_COLUMN_IPADDRESS>Adresă IP</DISCOVERED_LIST_COLUMN_IPADDRESS>
  <DISCOVERED_LIST_COLUMN_PRINTERNAME>Nume gazdă</DISCOVERED_LIST_COLUMN_PRINTERNAME>
  <DISCOVERED_LIST_COLUMN_SCANNER>Scaner</DISCOVERED_LIST_COLUMN_SCANNER>
  <DISCOVERED_LIST_COLUMN_PRINTER>Imprimanta</DISCOVERED_LIST_COLUMN_PRINTER>
  <DISCOVERED_LIST_COLUMN_MACADDRESS>Adresă MAC</DISCOVERED_LIST_COLUMN_MACADDRESS>
  <SHOW_DEVICE_STATUS_TEXT>Afişare stare imprimantă</SHOW_DEVICE_STATUS_TEXT>
  <MODIFY_SEARCH_TEXT>Imprimanta &amp;mea nu apare pe listă...</MODIFY_SEARCH_TEXT>
  <PRINTER_GROUP_TEXT>Imprimantă</PRINTER_GROUP_TEXT>
  <REFRESH_TEXT>&amp;Reîmprospătare</REFRESH_TEXT>
  <ADVANCED_TEXT>&amp;Complex</ADVANCED_TEXT>
  <YES>Da</YES>
  <COLOR>Culoare</COLOR>
  <MONO>Monocrom</MONO>
  <ADD_NETWORK_PRINTER>Găsire imprimante</ADD_NETWORK_PRINTER>
  <LOCAL_SUBNET_SEARCH>Căutare în subreţeaua &amp;locală</LOCAL_SUBNET_SEARCH>
  <LOCAL_SUBNET_SEARCH_TOOLTIP>Selectaţi pentru a căuta dispozitive în reţeaua locală.</LOCAL_SUBNET_SEARCH_TOOLTIP>
  <IP_HOSTNAME_SEARCH>Căutare gazdă/adresă &amp;IP</IP_HOSTNAME_SEARCH>
  <IP_HOSTNAME_SEARCH_TOOLTIP>Selectaţi această opţiune dacă ştiţi numele de gazdă sau adresa IP a dispozitivului.</IP_HOSTNAME_SEARCH_TOOLTIP>
  <SUBNET_SEARCH>Căutare în &amp;subreţea</SUBNET_SEARCH>
  <SUBNET_SEARCH_TOOLTIP>Selectaţi pentru a căuta dispozitive într-o reţea la distanţă.</SUBNET_SEARCH_TOOLTIP>
  <IP_ADDRESS>Adresă IP</IP_ADDRESS>
  <SUBNET_MASK>Mască subreţea</SUBNET_MASK>
  <MSG_HOSTNAME_LIMIT>Numele de gazdă poate conţine maximum 255 de caractere.</MSG_HOSTNAME_LIMIT>
  <MSG_INVALID_IPHOST_NAME>Nume de gazdă sau adresă IP nevalidă.</MSG_INVALID_IPHOST_NAME>
  <MSG_IP_LIMIT>Adresa IP poate conţine maximum 45 de caractere.</MSG_IP_LIMIT>
  <MSG_INVALID_IP>Adresă IP nevalidă.</MSG_INVALID_IP>
  <MSG_INVALID_SUBNET>Adresă de subreţea nevalidă.</MSG_INVALID_SUBNET>
  <MSG_SUBNET_LIMIT>Masca de subreţea poate conţine maximum 45 de caractere.</MSG_SUBNET_LIMIT>
  <CONNECT_WITH_USB_TEXT>Conectare utili&amp;zând un cablu USB.</CONNECT_WITH_USB_TEXT>
  <CONNECT_WITH_TRAVELPRINT_TEXT>Conectare utili&amp;zând Imprimare în deplasare.</CONNECT_WITH_TRAVELPRINT_TEXT>
  <USB_FINAL_TEXT>Software-ul a fost instalat fără erori. Pentru a finaliza instalarea, conectaţi imprimanta la computer printr-un cablu USB.</USB_FINAL_TEXT>
  <ERROR_TITLE>Eroare la instalare</ERROR_TITLE>
  <ERROR_TEXT>A apărut o eroare la instalare. Instalarea va fi anulată. Încercaţi din nou să instalaţi programul.</ERROR_TEXT>
  <PERMISSION_ERROR_TITLE>Acces refuzat</PERMISSION_ERROR_TITLE>
  <PERMISSION_ERROR_TEXT>Nu aveţi permisiunile necesare pentru a executa software-ul de instalare. Contactaţi administratorul de sistem.</PERMISSION_ERROR_TEXT>
  <DISK_FULL_ERROR_TITLE>Spaţiu insuficient pe disc</DISK_FULL_ERROR_TITLE>
  <DISK_FULL_ERROR_TEXT>Eliberaţi spaţiu sau încercaţi cu altă unitate.</DISK_FULL_ERROR_TEXT>
  <INSTALL_ALREADY_RUNNING_TITLE>Eroare la instalare</INSTALL_ALREADY_RUNNING_TITLE>
  <INSTALL_ALREADY_RUNNING_TEXT>Windows Installer este ocupat cu instalarea unei alte aplicaţii. Aşteptaţi să se finalizeze acea instalare înainte de a executa din nou programul de instalare.</INSTALL_ALREADY_RUNNING_TEXT>
  <MULTIINSTANCE_ERROR_TITLE>Eroare de instanţe multiple</MULTIINSTANCE_ERROR_TITLE>
  <MULTIINSTANCE_ERROR_TEXT>Este deschisă o altă instanţă a acestei aplicaţii. Instanţa se va închide.</MULTIINSTANCE_ERROR_TEXT>
  <LICENSE_AGREEMENT>Acord de licenţă pentru</LICENSE_AGREEMENT>
  <LICENSE_SCROLL_TEXT>Citiţi următorul Acord de licenţă. Pentru a continua instalarea software-ului, trebuie să acceptaţi acordul.</LICENSE_SCROLL_TEXT>
  <SELECT_PORT_TITLE>&amp;Selectaţi tipul de port</SELECT_PORT_TITLE>
  <BASIC_TEXT>De &amp;bază</BASIC_TEXT>
  <DISCOVERED_PORTS>Porturi descoperite de pe computer</DISCOVERED_PORTS>
  <IP_PORT>Port standard IP</IP_PORT>	
  <UNC_PORT>Port UNC</UNC_PORT>
  <PRINT_DRIVER_TEXT>Tipul &amp;driverului de imprimare</PRINT_DRIVER_TEXT>
  <PORT_NAME_TEXT>Nume port</PORT_NAME_TEXT>
  <IP_ADDRESS_TEXT>Adresă IP sau nume de gazdă</IP_ADDRESS_TEXT>
  <NETWORK_PATH_TEXT>Cale reţea</NETWORK_PATH_TEXT>
  <GEN_ERROR_TITLE>Eroare</GEN_ERROR_TITLE>
  <DUP_PORT_TEXT>Numele portului există deja.</DUP_PORT_TEXT>
  <INVALID_NET_PATH_TEXT>Calea de reţea nu este validă.</INVALID_NET_PATH_TEXT>
  <PORT_TYPE_TEXT>Tip de port</PORT_TYPE_TEXT>
  <FILES_IN_USE_HEADER>Fişiere în curs de utilizare</FILES_IN_USE_HEADER>
  <RM_FILE_IN_USE_TEXT>Următoarea aplicaţie utilizează fişiere care trebuie să fie actualizate de acest program de instalare.</RM_FILE_IN_USE_TEXT>
  <FILE_IN_USE_TEXT>Următoarea aplicaţie utilizează fişiere care trebuie să fie actualizate de acest program de instalare. Închideţi aplicaţia şi faceţi clic pe Reîncercare pentru a continua instalarea sau faceţi clic pe Anulare pentru a ieşi din programul de instalare.</FILE_IN_USE_TEXT>
  <AUTO_RESTART_TEXT>Închideţi &amp;automat aplicaţia actuală şi încercaţi să o reinstalaţi.</AUTO_RESTART_TEXT>
  <DO_NOT_CLOSE_TEXT>Omiteţi instalarea aplicaţiei actuale &amp;şi continuaţi cu Configurarea.</DO_NOT_CLOSE_TEXT>
  <APPLICATION>Aplicaţie </APPLICATION>
  <IGNORE_BUTTON>Ignorare</IGNORE_BUTTON>
  <RETRY_BUTTON>Reîncercare</RETRY_BUTTON>
  <COMPLETED_TEXT>Finalizat</COMPLETED_TEXT>
  <CANCELED_TEXT>Revocată</CANCELED_TEXT>
  <UPDATED_TEXT>Actualizat</UPDATED_TEXT>
  <FAILED_TEXT>Nereuşit</FAILED_TEXT>
  <ERROR_LINK>&amp;Vizualizare raport erori</ERROR_LINK> 
  <PREPARE_INSTALL_TEXT>Se pregăteşte de instalare</PREPARE_INSTALL_TEXT>
  <SOFTWARE_PATH_TEXT>Alegeţi o opţiune de mai jos</SOFTWARE_PATH_TEXT>
  <ADD_ADDITIONAL_PRINTER_TEXT>Adăugare imprimantă suplimentară</ADD_ADDITIONAL_PRINTER_TEXT>
  <VIEW_SOFTWARE_OPTIONS_TEXT>Vizualizare opţiuni software</VIEW_SOFTWARE_OPTIONS_TEXT>
  <CONFIG_SETTINGS_TEXT>Setari de configuratie</CONFIG_SETTINGS_TEXT>
  <CONFIG_SETTINGS_BUTTON>Con&amp;figuraţie...</CONFIG_SETTINGS_BUTTON>
  <CONFIG_APPLY_FUTURE_TEXT>&amp;Se aplică tuturor instalărilor ulterioare</CONFIG_APPLY_FUTURE_TEXT>
  <LOAD_FILE>&amp;Încărcare fişier</LOAD_FILE>
  <NEW_FILE>&amp;Nou</NEW_FILE>
  <RESET_TEXT>Resetare la &amp;valorile implicite</RESET_TEXT>
  <INVALID_PATH_TEXT>Numele de fişier sau calea este nevalidă</INVALID_PATH_TEXT>
  <REGISTRATION_LINK>&amp;Înregistrare produs</REGISTRATION_LINK>
  <DOTNET>.NET Framework</DOTNET>
  <REQUIRED_DEPENDENCY>O dependenţă necesară nu a fost instalată sau instalarea nu a reuşit.</REQUIRED_DEPENDENCY> 
  <SW_BYPASS_TITLE>Software deja instalat</SW_BYPASS_TITLE>
  <SW_BYPASS_TEXT>Programul de instalare a detectat că este posibil ca acest software să fie deja instalat. Pentru a continua, selectaţi o opţiune de mai jos.</SW_BYPASS_TEXT>
  <SW_BYPASS_REINSTALL>R&amp;einstalaţi driverul sau adăugaţi un driver suplimentar</SW_BYPASS_REINSTALL>
  <SW_BYPASS_OPTIONAL>&amp;Trecere la instalarea software-ului suplimentar</SW_BYPASS_OPTIONAL>
  <OPTIONAL_SOFTWARE_TITLE>Software suplimentar</OPTIONAL_SOFTWARE_TITLE>
  <APPS_ONLY_SOFTWARE_TITLE>Software disponibil</APPS_ONLY_SOFTWARE_TITLE>  
  <SELECT_APPS_ONLY_SOFTWARE_TEXT>&amp;Selectare software de instalat</SELECT_APPS_ONLY_SOFTWARE_TEXT>
  <SELECT_SOFTWARE_TEXT>&amp;Selectaţi software-ul suplimentar de instalat</SELECT_SOFTWARE_TEXT>
  <PRODUCT_NAME_COLUMN_HEADER>Numele cerere</PRODUCT_NAME_COLUMN_HEADER>
  <VERSION_COLUMN_HEADER>Versiune</VERSION_COLUMN_HEADER>
  <SIZE_COLUMN_HEADER>Dimensiune</SIZE_COLUMN_HEADER>
  <SOFTWARE_DESCRIPTION_TITLE>Descriere so&amp;ftware</SOFTWARE_DESCRIPTION_TITLE>
  <NEWER_VERSION_INSTALLED_TEXT>Este deja instalată o versiune mai nouă sau identică a aplicaţiei.</NEWER_VERSION_INSTALLED_TEXT>
  <CONTINUE_FINAL_TEXT>Faceţi clic pe butonul Continuare pentru a selecta componente de software suplimentar sau faceţi clic pe Terminare pentru a ieşi din programul de instalare.</CONTINUE_FINAL_TEXT>
  <CONTINUE_BUTTON>&amp;Continuare</CONTINUE_BUTTON>
  <ALREADY_INSTALLED_TEXT>Deja instalat</ALREADY_INSTALLED_TEXT>
  <LBL_ADDITIONAL_SOFTWARE>&amp;Instalare software suplimentar</LBL_ADDITIONAL_SOFTWARE>
  <LBL_LOCALIZED_AND>şi</LBL_LOCALIZED_AND>
  <OPTIONAL_DISCOVERY_TITLE>Alegeţi dispozitivul</OPTIONAL_DISCOVERY_TITLE>
  <EMPTY_DRIVERCONFIG_PATH>Calea nu poate fi necompletată.</EMPTY_DRIVERCONFIG_PATH>
  <DEPENDENTAPPS_DESCRIPTION>{1} include următoarele componente pentru o funcţionalitate completă:</DEPENDENTAPPS_DESCRIPTION>
  <NOT_SUPPORTED_TEXT>Neacceptat</NOT_SUPPORTED_TEXT>
  <NOT_SUPPORTED_MESSAGE_TEXT>Driverele de scanare nu sunt acceptate în versiunile mai vechi de Windows.</NOT_SUPPORTED_MESSAGE_TEXT>
</STRINGS>
</STRING_TABLE>