﻿<?xml version="1.0" encoding="UTF-8"?>

<STRING_TABLE>
<ISO_LANGUAGE_ID>ru</ISO_LANGUAGE_ID>
<READING_ORDER>LTR</READING_ORDER>
<CODE_PAGE>1251</CODE_PAGE>
<LANGUAGE_ID>1049</LANGUAGE_ID>
<STRINGS>
  <CANCEL_BUTTON>От&amp;мена</CANCEL_BUTTON>
  <OK_BUTTON>&amp;OK</OK_BUTTON>
  <INSTALL_BUTTON>&amp;Установить</INSTALL_BUTTON>
  <NEXT_BUTTON>&amp;Далее</NEXT_BUTTON>
  <EXIT_BUTTON>&amp;Выход</EXIT_BUTTON>
  <BACK_BUTTON>&amp;Назад</BACK_BUTTON>
  <HELP_BUTTON>&amp;Справка</HELP_BUTTON>
  <DISAGREE_BUTTON>&amp;Отклонить</DISAGREE_BUTTON>
  <AGREE_BUTTON>&amp;Принять</AGREE_BUTTON>
  <FINISH_BUTTON>&amp;Готово</FINISH_BUTTON>
  <INSTALL_TITLE>Установщик  ^PRODUCT_NAME^</INSTALL_TITLE>
  <WELCOME_HEADER>Вас приветствует ^PRODUCT_NAME^ (программа установки)</WELCOME_HEADER>
  <WELCOME_TEXT>Нажмите кнопку «Установить», чтобы продолжить, или кнопку «Отменить», чтобы выйти из программы установки.</WELCOME_TEXT>
  <INFOCENTER_LINK_LABEL>Запустить Информационный центр по продуктам</INFOCENTER_LINK_LABEL>
  <PRODUCT_REGISTRATION_LINK_LABEL>Зарегистрировать принтер</PRODUCT_REGISTRATION_LINK_LABEL>
  <DISCOVERY_INFOCENTER_LINK_LABEL>Информационный центр {0}</DISCOVERY_INFOCENTER_LINK_LABEL>
  <MANUFACTURER_TEXT>Выберите производителя</MANUFACTURER_TEXT>
  <MANUFACTURER_LABEL>&amp;Выберите производителя:</MANUFACTURER_LABEL>
  <INSTALL_PATH_LABEL_TEXT>Путь установки</INSTALL_PATH_LABEL_TEXT>
  <INSTALLING_TEXT>Установка</INSTALLING_TEXT>
  <OPTIONAL_SOFTWARE_CANCEL_CONFIRMATION_TEXT>Можно установить или обновить дополнительное ПО.
Выйти без установки дополнительного ПО?</OPTIONAL_SOFTWARE_CANCEL_CONFIRMATION_TEXT>
  <CANCELING_TEXT>Отмена</CANCELING_TEXT>
  <UNINSTALLING_TEXT>Удаление</UNINSTALLING_TEXT>
  <INSTALL_SUCCESS_HEADING_TEXT>Установка выполнена успешно</INSTALL_SUCCESS_HEADING_TEXT>
  <INSTALL_COMPLETE_TEXT>Установка успешно завершена.</INSTALL_COMPLETE_TEXT>
  <DRIVER_INSTALL_COMPLETE_TEXT>Установка драйвера успешно завершена.</DRIVER_INSTALL_COMPLETE_TEXT>
  <CANCEL_CONFIRMATION_TEXT>Установка ПО не выполнена.
Отменить установку?</CANCEL_CONFIRMATION_TEXT>
  <INSTALL_CANCELED_TEXT>Установка отменена.</INSTALL_CANCELED_TEXT>
  <INSTALL_CANCELED_HEADING_TEXT>Установка отменена</INSTALL_CANCELED_HEADING_TEXT> 
  <REBOOT_HEADER_TEXT>Требуется перезагрузка</REBOOT_HEADER_TEXT>
  <USB_REBOOT_TEXT>Требуется перезагрузка. Для завершения установки перезагрузите компьютер, а потом подключите к нему принтер с помощью кабеля USB.</USB_REBOOT_TEXT>
  <REBOOT_TEXT>Для успешного завершения установки необходимо перезагрузить систему.</REBOOT_TEXT>
  <REBOOT_NOW_TEXT>&amp;Продолжить и перезагрузить компьютер</REBOOT_NOW_TEXT>
  <REBOOT_LATER_TEXT>Перезагрузить &amp;компьютер позднее вручную</REBOOT_LATER_TEXT>
  <SECURITY_TITLE>Уведомление о безопасности</SECURITY_TITLE>
  <SECURITY_TEXT>Для доступа к ПО ^OEM^ требуется разрешение.

Всегда разрешать доступ к ПО ^OEM^ для установки.</SECURITY_TEXT>
  <DISCOVERY_TITLE>Выбор принтера и драйвера</DISCOVERY_TITLE>
  <DISCOVERED_DEVICES_TEXT>Подключение через п&amp;орт на компьютере.</DISCOVERED_DEVICES_TEXT>
  <DISCOVERED_DEVICES_LIST>Обнаруженные принтеры</DISCOVERED_DEVICES_LIST>
  <DISCOVERED_LIST_COLUMN_SEARCHING>Поиск...</DISCOVERED_LIST_COLUMN_SEARCHING>
  <NO_PRINTER_FOUND>Принтеры не найдены</NO_PRINTER_FOUND>
  <DISCOVERED_LIST_COLUMN_MODEL>Название модели</DISCOVERED_LIST_COLUMN_MODEL>
  <DISCOVERED_LIST_COLUMN_IPADDRESS>IP-адрес</DISCOVERED_LIST_COLUMN_IPADDRESS>
  <DISCOVERED_LIST_COLUMN_PRINTERNAME>Имя хоста</DISCOVERED_LIST_COLUMN_PRINTERNAME>
  <DISCOVERED_LIST_COLUMN_SCANNER>Сканер</DISCOVERED_LIST_COLUMN_SCANNER>
  <DISCOVERED_LIST_COLUMN_PRINTER>Принтер</DISCOVERED_LIST_COLUMN_PRINTER>
  <DISCOVERED_LIST_COLUMN_MACADDRESS>MAC-адрес</DISCOVERED_LIST_COLUMN_MACADDRESS>
  <SHOW_DEVICE_STATUS_TEXT>Показать состояние принтера</SHOW_DEVICE_STATUS_TEXT>
  <MODIFY_SEARCH_TEXT>Мой пр&amp;интер отсутствует в списке...</MODIFY_SEARCH_TEXT>
  <PRINTER_GROUP_TEXT>Принтер</PRINTER_GROUP_TEXT>
  <REFRESH_TEXT>&amp;Обновить</REFRESH_TEXT>
  <ADVANCED_TEXT>Допол&amp;нительно</ADVANCED_TEXT>
  <YES>Да</YES>
  <COLOR>Цвет</COLOR>
  <MONO>Монохромный</MONO>
  <ADD_NETWORK_PRINTER>Поиск принтера</ADD_NETWORK_PRINTER>
  <LOCAL_SUBNET_SEARCH>Поис&amp;к локальной подсети</LOCAL_SUBNET_SEARCH>
  <LOCAL_SUBNET_SEARCH_TOOLTIP>Выберите этот параметр для поиска устройств в локальной сети.</LOCAL_SUBNET_SEARCH_TOOLTIP>
  <IP_HOSTNAME_SEARCH>Хост/Поиск по &amp;IP-адресу</IP_HOSTNAME_SEARCH>
  <IP_HOSTNAME_SEARCH_TOOLTIP>Выберите этот параметр, если известен IP-адрес или имя хоста устройства.</IP_HOSTNAME_SEARCH_TOOLTIP>
  <SUBNET_SEARCH>&amp;Поиск подсети</SUBNET_SEARCH>
  <SUBNET_SEARCH_TOOLTIP>Выберите этот параметр для поиска устройств в удаленной сети.</SUBNET_SEARCH_TOOLTIP>
  <IP_ADDRESS>IP-адрес</IP_ADDRESS>
  <SUBNET_MASK>Маска подсети</SUBNET_MASK>
  <MSG_HOSTNAME_LIMIT>Длина имени хоста не должна превышать 255 символов.</MSG_HOSTNAME_LIMIT>
  <MSG_INVALID_IPHOST_NAME>Неправильное имя хоста или IP-адрес.</MSG_INVALID_IPHOST_NAME>
  <MSG_IP_LIMIT>Длина IP-адреса не должна превышать 45 символов.</MSG_IP_LIMIT>
  <MSG_INVALID_IP>Неправильный IP-адрес.</MSG_INVALID_IP>
  <MSG_INVALID_SUBNET>Неправильный адрес подсети.</MSG_INVALID_SUBNET>
  <MSG_SUBNET_LIMIT>Длина имени маски подсети не должна превышать 45 символов.</MSG_SUBNET_LIMIT>
  <CONNECT_WITH_USB_TEXT>Подкл&amp;ючение по кабелю USB.</CONNECT_WITH_USB_TEXT>
  <CONNECT_WITH_TRAVELPRINT_TEXT>Подключение с помо&amp;щью программы Travel Print.</CONNECT_WITH_TRAVELPRINT_TEXT>
  <USB_FINAL_TEXT>Программное обеспечение успешно установлено. Для завершения установки подключите принтер к компьютеру с помощью кабеля USB.</USB_FINAL_TEXT>
  <ERROR_TITLE>Ошибка установки</ERROR_TITLE>
  <ERROR_TEXT>Во время установки произошла ошибка. Установка будет отменена. Повторите попытку еще раз.</ERROR_TEXT>
  <PERMISSION_ERROR_TITLE>В доступе отказано</PERMISSION_ERROR_TITLE>
  <PERMISSION_ERROR_TEXT>У вас нет необходимого разрешения на запуск программы установки. Обратитесь к вашему системному администратору.</PERMISSION_ERROR_TEXT>
  <DISK_FULL_ERROR_TITLE>Недостаточно дискового пространства</DISK_FULL_ERROR_TITLE>
  <DISK_FULL_ERROR_TEXT>Освободите пространство или воспользуйтесь другим накопителем.</DISK_FULL_ERROR_TEXT>
  <INSTALL_ALREADY_RUNNING_TITLE>Ошибка установки</INSTALL_ALREADY_RUNNING_TITLE>
  <INSTALL_ALREADY_RUNNING_TEXT>Установщик Windows устанавливает другое приложение. Прежде, чем повторно запустить программу установки, подождите, пока закончится предыдущая установка.</INSTALL_ALREADY_RUNNING_TEXT>
  <MULTIINSTANCE_ERROR_TITLE>Ошибка - несколько экземпляров</MULTIINSTANCE_ERROR_TITLE>
  <MULTIINSTANCE_ERROR_TEXT>Экземпляр этого приложения уже открыт. Этот экземпляр будет закрыт.</MULTIINSTANCE_ERROR_TEXT>
  <LICENSE_AGREEMENT>Лицензионное соглашение</LICENSE_AGREEMENT>
  <LICENSE_SCROLL_TEXT>Прочитайте приведенное ниже лицензионное соглашение. Чтобы продолжить установку ПО, необходимо принять это соглашение.</LICENSE_SCROLL_TEXT>
  <SELECT_PORT_TITLE>Выбор &amp;типа порта</SELECT_PORT_TITLE>
  <BASIC_TEXT>&amp;Базовые</BASIC_TEXT>
  <DISCOVERED_PORTS>Обнаруженные на компьютере порты</DISCOVERED_PORTS>
  <IP_PORT>Стандартный IP-порт</IP_PORT>	
  <UNC_PORT>Порт UNC</UNC_PORT>
  <PRINT_DRIVER_TEXT>Тип дра&amp;йвера печати</PRINT_DRIVER_TEXT>
  <PORT_NAME_TEXT>Имя порта</PORT_NAME_TEXT>
  <IP_ADDRESS_TEXT>IP-адрес или имя хоста</IP_ADDRESS_TEXT>
  <NETWORK_PATH_TEXT>Сетевой путь</NETWORK_PATH_TEXT>
  <GEN_ERROR_TITLE>Ошибка</GEN_ERROR_TITLE>
  <DUP_PORT_TEXT>Имя порта уже существует.</DUP_PORT_TEXT>
  <INVALID_NET_PATH_TEXT>Неверный сетевой путь.</INVALID_NET_PATH_TEXT>
  <PORT_TYPE_TEXT>Тип порта</PORT_TYPE_TEXT>
  <FILES_IN_USE_HEADER>Используемые файлы</FILES_IN_USE_HEADER>
  <RM_FILE_IN_USE_TEXT>Следующее приложение использует файлы, которые нужно обновить во время настройки.</RM_FILE_IN_USE_TEXT>
  <FILE_IN_USE_TEXT>Следующее приложение использует файлы, которые нужно обновить во время настройки. Закройте приложение и нажмите кнопку «Повторить», чтобы продолжить установку, или нажмите кнопку «Отменить», чтобы выйти из программы установки.</FILE_IN_USE_TEXT>
  <AUTO_RESTART_TEXT>&amp;Автоматически закрыть текущее приложение и попытаться установить повторно.</AUTO_RESTART_TEXT>
  <DO_NOT_CLOSE_TEXT>&amp;Пропустить установку текущего приложения и продолжить настройку.</DO_NOT_CLOSE_TEXT>
  <APPLICATION>Приложение </APPLICATION>
  <IGNORE_BUTTON>Пропустить</IGNORE_BUTTON>
  <RETRY_BUTTON>Повтор</RETRY_BUTTON>
  <COMPLETED_TEXT>Выполнено</COMPLETED_TEXT>
  <CANCELED_TEXT>Отменен</CANCELED_TEXT>
  <UPDATED_TEXT>Обновлено</UPDATED_TEXT>
  <FAILED_TEXT>Не удалось</FAILED_TEXT>
  <ERROR_LINK>&amp;Просмотр отчета об ошибке</ERROR_LINK> 
  <PREPARE_INSTALL_TEXT>Подготовка к установке</PREPARE_INSTALL_TEXT>
  <SOFTWARE_PATH_TEXT>Выберите параметр ниже</SOFTWARE_PATH_TEXT>
  <ADD_ADDITIONAL_PRINTER_TEXT>Добавить дополнительный принтер</ADD_ADDITIONAL_PRINTER_TEXT>
  <VIEW_SOFTWARE_OPTIONS_TEXT>Просмотреть параметры программного обеспечения</VIEW_SOFTWARE_OPTIONS_TEXT>
  <CONFIG_SETTINGS_TEXT>Параметры настройки</CONFIG_SETTINGS_TEXT>
  <CONFIG_SETTINGS_BUTTON>Наст&amp;ройка...</CONFIG_SETTINGS_BUTTON>
  <CONFIG_APPLY_FUTURE_TEXT>&amp;Применить ко всем будущим установкам</CONFIG_APPLY_FUTURE_TEXT>
  <LOAD_FILE>&amp;Загрузить файл</LOAD_FILE>
  <NEW_FILE>&amp;Создать</NEW_FILE>
  <RESET_TEXT>&amp;Восстановить значения по умолчанию</RESET_TEXT>
  <INVALID_PATH_TEXT>Имя файла или путь недействителен</INVALID_PATH_TEXT>
  <REGISTRATION_LINK>&amp;Регистрация продукта</REGISTRATION_LINK>
  <DOTNET>.NET Framework</DOTNET>
  <REQUIRED_DEPENDENCY>Необходимая зависимость не установлена или установку выполнить не удалось.</REQUIRED_DEPENDENCY> 
  <SW_BYPASS_TITLE>Программное обеспечение уже установленно</SW_BYPASS_TITLE>
  <SW_BYPASS_TEXT>Программа установки обнаружила, что такое программное обеспечение уже установлено. Выберите параметр ниже, чтобы продолжить.</SW_BYPASS_TEXT>
  <SW_BYPASS_REINSTALL>&amp;Повторно установите или добавьте дополнительный драйвер</SW_BYPASS_REINSTALL>
  <SW_BYPASS_OPTIONAL>Перейти &amp;к установке дополнительного ПО</SW_BYPASS_OPTIONAL>
  <OPTIONAL_SOFTWARE_TITLE>Дополнительное ПО</OPTIONAL_SOFTWARE_TITLE>
  <APPS_ONLY_SOFTWARE_TITLE>Доступное программное обеспечение</APPS_ONLY_SOFTWARE_TITLE>  
  <SELECT_APPS_ONLY_SOFTWARE_TEXT>&amp;Выбор программы для установки</SELECT_APPS_ONLY_SOFTWARE_TEXT>
  <SELECT_SOFTWARE_TEXT>&amp;Выбор дополнительного ПО для установки</SELECT_SOFTWARE_TEXT>
  <PRODUCT_NAME_COLUMN_HEADER>Имя приложения</PRODUCT_NAME_COLUMN_HEADER>
  <VERSION_COLUMN_HEADER>Версия</VERSION_COLUMN_HEADER>
  <SIZE_COLUMN_HEADER>Формат</SIZE_COLUMN_HEADER>
  <SOFTWARE_DESCRIPTION_TITLE>Описание прог&amp;раммного обеспечения</SOFTWARE_DESCRIPTION_TITLE>
  <NEWER_VERSION_INSTALLED_TEXT>Более новая или такая же версия приложения уже установлена.</NEWER_VERSION_INSTALLED_TEXT>
  <CONTINUE_FINAL_TEXT>Нажмите на кнопку "Продолжить", чтобы выбрать дополнительные программные компоненты, или нажмите "Готово" для выхода из программы установки.</CONTINUE_FINAL_TEXT>
  <CONTINUE_BUTTON>&amp;Продолжить</CONTINUE_BUTTON>
  <ALREADY_INSTALLED_TEXT>Уже установлено</ALREADY_INSTALLED_TEXT>
  <LBL_ADDITIONAL_SOFTWARE>&amp;Установка дополнительного программного обеспечения</LBL_ADDITIONAL_SOFTWARE>
  <LBL_LOCALIZED_AND>и</LBL_LOCALIZED_AND>
  <OPTIONAL_DISCOVERY_TITLE>Выберите свое устройство</OPTIONAL_DISCOVERY_TITLE>
  <EMPTY_DRIVERCONFIG_PATH>Необходимо указать путь.</EMPTY_DRIVERCONFIG_PATH>
  <DEPENDENTAPPS_DESCRIPTION>{1} содержит следующие компоненты для полной функциональности:</DEPENDENTAPPS_DESCRIPTION>
  <NOT_SUPPORTED_TEXT>Не поддерживается</NOT_SUPPORTED_TEXT>
  <NOT_SUPPORTED_MESSAGE_TEXT>В старых версиях ОС Windows нет поддержки драйверов сканирования.</NOT_SUPPORTED_MESSAGE_TEXT>
</STRINGS>
</STRING_TABLE>