<?xml version="1.0" encoding="UTF-8"?>

<STRING_TABLE>
<ISO_LANGUAGE_ID>sk</ISO_LANGUAGE_ID>
<READING_ORDER>LTR</READING_ORDER>
<CODE_PAGE>1250</CODE_PAGE>
<LANGUAGE_ID>1051</LANGUAGE_ID>
<STRINGS>
  <CANCEL_BUTTON>&amp;Zrušiť</CANCEL_BUTTON>
  <OK_BUTTON>&amp;OK</OK_BUTTON>
  <INSTALL_BUTTON>&amp;Inštalovať</INSTALL_BUTTON>
  <NEXT_BUTTON>Ď&amp;alej</NEXT_BUTTON>
  <EXIT_BUTTON>&amp;Ukončiť</EXIT_BUTTON>
  <BACK_BUTTON>&amp;Späť</BACK_BUTTON>
  <HELP_BUTTON>&amp;Help</HELP_BUTTON>
  <DISAGREE_BUTTON>&amp;Nesúhlasím</DISAGREE_BUTTON>
  <AGREE_BUTTON>&amp;Súhlasím</AGREE_BUTTON>
  <FINISH_BUTTON>&amp;Dokončiť</FINISH_BUTTON>
  <INSTALL_TITLE>Program na inštaláciu ^PRODUCT_NAME^</INSTALL_TITLE>
  <WELCOME_HEADER>Vitajte v programe na inštaláciu ^PRODUCT_NAME^</WELCOME_HEADER>
  <WELCOME_TEXT>Kliknutím na možnosť Inštalovať pokračujte alebo kliknutím na možnosť Zrušiť ukončite program na inštaláciu.</WELCOME_TEXT>
  <INFOCENTER_LINK_LABEL>Spustiť informačné centrum o produktoch</INFOCENTER_LINK_LABEL>
  <PRODUCT_REGISTRATION_LINK_LABEL>Registrovať tlačiareň</PRODUCT_REGISTRATION_LINK_LABEL>
  <DISCOVERY_INFOCENTER_LINK_LABEL>Informačné centrum spoločnosti {0}</DISCOVERY_INFOCENTER_LINK_LABEL>
  <MANUFACTURER_TEXT>Vyberte výrobcu</MANUFACTURER_TEXT>
  <MANUFACTURER_LABEL>&amp;Vyberte výrobcu:</MANUFACTURER_LABEL>
  <INSTALLING_TEXT>Inštaluje sa</INSTALLING_TEXT>
  <OPTIONAL_SOFTWARE_CANCEL_CONFIRMATION_TEXT>Je k dispozícii doplnkový softvér na inštaláciu alebo aktualizáciu.
Naozaj chcete skončiť bez inštalácie doplnkového softvéru?</OPTIONAL_SOFTWARE_CANCEL_CONFIRMATION_TEXT>
  <CANCELING_TEXT>Ruší sa</CANCELING_TEXT>
  <UNINSTALLING_TEXT>Odinštalúva sa</UNINSTALLING_TEXT>
  <INSTALL_COMPLETE_TEXT>Inštalácia sa úspešne dokončila.</INSTALL_COMPLETE_TEXT>
  <DRIVER_INSTALL_COMPLETE_TEXT>Inštalácia ovládača sa úspešne dokončila.</DRIVER_INSTALL_COMPLETE_TEXT>
  <CANCEL_CONFIRMATION_TEXT>Inštalácia softvéru nie je dokončená. 
Naozaj chcete zrušiť inštaláciu?</CANCEL_CONFIRMATION_TEXT>
  <INSTALL_CANCELED_TEXT>Inštalácia sa zrušila.</INSTALL_CANCELED_TEXT>
  <REBOOT_HEADER_TEXT>Je potrebné reštartovať počítač</REBOOT_HEADER_TEXT>
  <USB_REBOOT_TEXT>Je potrebné reštartovať počítač.  Na dokončenie inštalácie po reštartovaní počítača pripojte tlačiareň k počítaču prostredníctvom kábla USB.</USB_REBOOT_TEXT>
  <REBOOT_TEXT>Aby sa inštalácia úspešne dokončila, musíte reštartovať systém.</REBOOT_TEXT>
  <REBOOT_NOW_TEXT>&amp;Pokračujte reštartovaním počítača</REBOOT_NOW_TEXT>
  <REBOOT_LATER_TEXT>&amp;Manuálne reštartovať počítač neskôr</REBOOT_LATER_TEXT>
  <SECURITY_TITLE>Upozornenie zabezpečenia</SECURITY_TITLE>
  <SECURITY_TEXT>Na prístup k softvéru ^OEM^ sa vyžaduje povolenie.

Pri inštalácii vždy povolte prístup k softvéru ^OEM^.</SECURITY_TEXT>
  <DISCOVERY_TITLE>Výber tlačiarne a ovládača</DISCOVERY_TITLE>
  <DISCOVERED_DEVICES_TEXT>Pripojiť cez &amp;port nájdený vo vašom počítači</DISCOVERED_DEVICES_TEXT>
  <DISCOVERED_LIST_COLUMN_SEARCHING>Vyhľadáva sa...</DISCOVERED_LIST_COLUMN_SEARCHING>
  <NO_PRINTER_FOUND>Nenašla sa žiadna tlačiareň</NO_PRINTER_FOUND>
  <DISCOVERED_LIST_COLUMN_MODEL>Názov modelu</DISCOVERED_LIST_COLUMN_MODEL>
  <DISCOVERED_LIST_COLUMN_IPADDRESS>Adresa IP</DISCOVERED_LIST_COLUMN_IPADDRESS>
  <DISCOVERED_LIST_COLUMN_PRINTERNAME>Názov hostiteľa</DISCOVERED_LIST_COLUMN_PRINTERNAME>
  <DISCOVERED_LIST_COLUMN_SCANNER>Skener</DISCOVERED_LIST_COLUMN_SCANNER>
  <DISCOVERED_LIST_COLUMN_PRINTER>Tlačiareň</DISCOVERED_LIST_COLUMN_PRINTER>
  <DISCOVERED_LIST_COLUMN_MACADDRESS>Adresa MAC</DISCOVERED_LIST_COLUMN_MACADDRESS>
  <SHOW_DEVICE_STATUS_TEXT>Zobraziť stav tlačiarne</SHOW_DEVICE_STATUS_TEXT>
  <MODIFY_SEARCH_TEXT>&amp;Moja tlačiareň nie je v zozname...</MODIFY_SEARCH_TEXT>
  <PRINTER_GROUP_TEXT>Tlačiareň</PRINTER_GROUP_TEXT>
  <REFRESH_TEXT>O&amp;bnovenie</REFRESH_TEXT>
  <ADVANCED_TEXT>&amp;Rozšírené</ADVANCED_TEXT>
  <YES>Áno</YES>
  <COLOR>Farebná</COLOR>
  <MONO>Čiernobiela</MONO>
  <ADD_NETWORK_PRINTER>Hľadať tlačiarne</ADD_NETWORK_PRINTER>
  <!-- Modify Search Dialog -->
  <LOCAL_SUBNET_SEARCH>&amp;Vyhľadávanie v lokálnej podsieti</LOCAL_SUBNET_SEARCH>
  <LOCAL_SUBNET_SEARCH_TOOLTIP>Výberom vyhľadáte zariadenia vo svojej lokálnej sieti.</LOCAL_SUBNET_SEARCH_TOOLTIP>
  <IP_HOSTNAME_SEARCH>Vyhľadávanie hostiteľa/adresy &amp;IP</IP_HOSTNAME_SEARCH>
  <IP_HOSTNAME_SEARCH_TOOLTIP>Túto možnosť vyberte, ak poznáte názov hostiteľa alebo adresu IP svojho zariadenia.</IP_HOSTNAME_SEARCH_TOOLTIP>
  <SUBNET_SEARCH>Vyhľa&amp;dávanie v podsieti</SUBNET_SEARCH>
  <SUBNET_SEARCH_TOOLTIP>Výberom vyhľadáte zariadenia vo vzdialenej sieti.</SUBNET_SEARCH_TOOLTIP>
  <IP_ADDRESS>Adresa IP</IP_ADDRESS>
  <SUBNET_MASK>Maska podsiete</SUBNET_MASK>    
  <!-- Modify Search Dialog Error Message-->
  <MSG_HOSTNAME_LIMIT>Názov hostiteľa nesmie byť dlhší ako 255 znakov.</MSG_HOSTNAME_LIMIT>
  <MSG_INVALID_IPHOST_NAME>Neplatný názov hostiteľa alebo adresa IP.</MSG_INVALID_IPHOST_NAME>
  <MSG_IP_LIMIT>Adresa IP nesmie byť dlhšia ako 45 znakov.</MSG_IP_LIMIT>
  <MSG_INVALID_IP>Neplatná adresa IP.</MSG_INVALID_IP>
  <MSG_INVALID_SUBNET>Neplatná adresa podsiete.</MSG_INVALID_SUBNET>
  <MSG_SUBNET_LIMIT>Maska podsiete nesmie byť dlhšia ako 45 znakov.</MSG_SUBNET_LIMIT>  
  <CONNECT_WITH_USB_TEXT>Pripojiť prostredníctvom kábla &amp;USB</CONNECT_WITH_USB_TEXT>
  <CONNECT_WITH_TRAVELPRINT_TEXT>Pripojiť cez &amp;Travel Print</CONNECT_WITH_TRAVELPRINT_TEXT>
  <USB_FINAL_TEXT>Softvér sa úspešne nainštaloval.  Na dokončenie inštalácie pripojte tlačiareň k počítaču prostredníctvom kábla USB.</USB_FINAL_TEXT>
  <ERROR_TITLE>Chyba inštalácie</ERROR_TITLE>
  <ERROR_TEXT>Pri inštalácii sa vyskytla chyba.  Inštalácia bude zrušená. Skúste inštaláciu spustiť znova.</ERROR_TEXT>
  <PERMISSION_ERROR_TITLE>Prístup odmietnutý</PERMISSION_ERROR_TITLE>
  <PERMISSION_ERROR_TEXT>Na spustenie inštalačného softvéru nemáte požadované povolenia.  Obráťte sa na správcu systému.</PERMISSION_ERROR_TEXT>
  <DISK_FULL_ERROR_TITLE>Nedostatok miesta na disku</DISK_FULL_ERROR_TITLE>
  <DISK_FULL_ERROR_TEXT>Vyprázdnite miesto alebo skúste inú jednotku.</DISK_FULL_ERROR_TEXT>
  <INSTALL_ALREADY_RUNNING_TITLE>Chyba inštalácie</INSTALL_ALREADY_RUNNING_TITLE>
  <INSTALL_ALREADY_RUNNING_TEXT>Inštalátor Windows je zaneprázdnený inštaláciou inej aplikácie.  Pred opätovným spustením inštalátora počkajte, kým sa daná inštalácia nedokončí.</INSTALL_ALREADY_RUNNING_TEXT>
  <MULTIINSTANCE_ERROR_TITLE>Viacnásobná chyba</MULTIINSTANCE_ERROR_TITLE>
  <MULTIINSTANCE_ERROR_TEXT>Máte otvorenú inú inštanciu tejto aplikácie. Táto inštancia sa zatvorí.</MULTIINSTANCE_ERROR_TEXT>
  <LICENSE_AGREEMENT>Licenčná zmluva</LICENSE_AGREEMENT>
  <LICENSE_SCROLL_TEXT>Prečítajte si nasledujúcu licenčnú zmluvu. Na pokračovanie v inštalácii je potrebné potvrdiť súhlas so zmluvou.</LICENSE_SCROLL_TEXT>
  <SELECT_PORT_TITLE>&amp;Výber typu portu</SELECT_PORT_TITLE>
  <BASIC_TEXT>Zák&amp;ladné</BASIC_TEXT>
  <DISCOVERED_PORTS>Porty nájdené vo vašom počítači</DISCOVERED_PORTS>
  <IP_PORT>Štandardný port IP</IP_PORT>	
  <UNC_PORT>Port UNC</UNC_PORT>
  <PRINT_DRIVER_TEXT>Typ ovlá&amp;dača tlačiarne</PRINT_DRIVER_TEXT>
  <PORT_NAME_TEXT>Názov portu</PORT_NAME_TEXT>
  <IP_ADDRESS_TEXT>Adresa IP alebo názov hostiteľa</IP_ADDRESS_TEXT>
  <NETWORK_PATH_TEXT>Sieťová cesta</NETWORK_PATH_TEXT>
  <GEN_ERROR_TITLE>Chyba</GEN_ERROR_TITLE>
  <DUP_PORT_TEXT>Názov portu už existuje.</DUP_PORT_TEXT>
  <INVALID_NET_PATH_TEXT>Sieťová cesta je neplatná</INVALID_NET_PATH_TEXT>
  <PORT_TYPE_TEXT>Typ portu</PORT_TYPE_TEXT>
  <FILES_IN_USE_HEADER>Používané súbory</FILES_IN_USE_HEADER>
  <RM_FILE_IN_USE_TEXT>Táto aplikácia používa súbory, ktoré táto inštalácia potrebuje aktualizovať.</RM_FILE_IN_USE_TEXT>
  <FILE_IN_USE_TEXT>Táto aplikácia používa súbory, ktoré táto inštalácia potrebuje aktualizovať. Zavrite aplikáciu a potom pokračujte kliknutím na položku Znova alebo kliknite na položku Zrušiť a ukončite inštaláciu.</FILE_IN_USE_TEXT>
  <AUTO_RESTART_TEXT>&amp;Automaticky zatvoriť aktuálnu aplikáciu a znova sa pokúsiť o inštaláciu.</AUTO_RESTART_TEXT>
  <DO_NOT_CLOSE_TEXT>Pre&amp;skočiť inštaláciu aktuálnej aplikácie a pokračovať ďalej.</DO_NOT_CLOSE_TEXT>
  <RETRY_BUTTON>Z&amp;nova</RETRY_BUTTON>
  <COMPLETED_TEXT>Dokončené</COMPLETED_TEXT>
  <CANCELED_TEXT>Zrušené</CANCELED_TEXT>
  <UPDATED_TEXT>Aktualizované</UPDATED_TEXT>
  <FAILED_TEXT>Neúspešné</FAILED_TEXT>
  <ERROR_LINK>&amp;Zobraziť správu o chybe</ERROR_LINK> 
  <PREPARE_INSTALL_TEXT>Príprava na inštaláciu</PREPARE_INSTALL_TEXT>
  <CONFIG_SETTINGS_TEXT>Konfiguračné nastavenia</CONFIG_SETTINGS_TEXT>
  <CONFIG_SETTINGS_BUTTON>&amp;Konfigurácia…</CONFIG_SETTINGS_BUTTON>
  <CONFIG_APPLY_FUTURE_TEXT>&amp;Použiť pri všetkých inštaláciách v budúcnosti</CONFIG_APPLY_FUTURE_TEXT>
  <LOAD_FILE>N&amp;ačítať súbor</LOAD_FILE>
  <NEW_FILE>&amp;Nový</NEW_FILE>
  <RESET_TEXT>O&amp;bnoviť predvolené</RESET_TEXT>
  <INVALID_PATH_TEXT>Názov alebo cesta súboru nie sú platné.</INVALID_PATH_TEXT>
  <REGISTRATION_LINK>&amp;Registrovať produkt</REGISTRATION_LINK>
  <DOTNET>.NET Framework</DOTNET>
  <REQUIRED_DEPENDENCY>Vyžadovaná závislá položka nie je nainštalovaná alebo sa ju nepodarilo nainštalovať.</REQUIRED_DEPENDENCY> 
  <SW_BYPASS_TITLE>Softvér už je nainštalovaný</SW_BYPASS_TITLE>
  <SW_BYPASS_TEXT>Inštalačný program zistil, že tento softvér už môže byť nainštalovaný.  Pokračujte výberom niektorej z nižšie uvedených možností.</SW_BYPASS_TEXT>
  <SW_BYPASS_REINSTALL>P&amp;reinštalovať ovládač alebo pridať ďalší ovládač</SW_BYPASS_REINSTALL>
  <SW_BYPASS_OPTIONAL>Pre&amp;skočiť na inštaláciu doplnkového softvéru</SW_BYPASS_OPTIONAL>
  <OPTIONAL_SOFTWARE_TITLE>Doplnkový softvér</OPTIONAL_SOFTWARE_TITLE>
  <APPS_ONLY_SOFTWARE_TITLE>Dostupný softvér</APPS_ONLY_SOFTWARE_TITLE>  
  <SELECT_APPS_ONLY_SOFTWARE_TEXT>Vyberte &amp;softvér na nainštalovanie</SELECT_APPS_ONLY_SOFTWARE_TEXT>
  <SELECT_SOFTWARE_TEXT>Vyberte doplnkový &amp;softvér, ktorý chcete nainštalovať</SELECT_SOFTWARE_TEXT>
  <PRODUCT_NAME_COLUMN_HEADER>Názov aplikácie</PRODUCT_NAME_COLUMN_HEADER>
  <VERSION_COLUMN_HEADER>Verzia</VERSION_COLUMN_HEADER>
  <SIZE_COLUMN_HEADER>Veľkosť</SIZE_COLUMN_HEADER>
  <SOFTWARE_DESCRIPTION_TITLE>&amp;Opis softvéru</SOFTWARE_DESCRIPTION_TITLE>
  <NEWER_VERSION_INSTALLED_TEXT>Novšia alebo rovnaká verzia aplikácie je už nainštalovaná.</NEWER_VERSION_INSTALLED_TEXT>
  <CONTINUE_FINAL_TEXT>Kliknite na tlačidlo Pokračovať a vyberte doplnkové softvérové súčasti alebo kliknite na tlačidlo Ukončiť a inštalátor ukončite.</CONTINUE_FINAL_TEXT>
  <CONTINUE_BUTTON>&amp;Pokračovať</CONTINUE_BUTTON>
  <ALREADY_INSTALLED_TEXT>Už je nainštalované</ALREADY_INSTALLED_TEXT>
  <LBL_LOCALIZED_AND>a</LBL_LOCALIZED_AND>
  <OPTIONAL_DISCOVERY_TITLE>Vyberte zariadenie</OPTIONAL_DISCOVERY_TITLE>
  <EMPTY_DRIVERCONFIG_PATH>Cesta nesmie byť prázdna.</EMPTY_DRIVERCONFIG_PATH>
  <DEPENDENTAPPS_DESCRIPTION>{1} zahŕňa tieto komponenty na zabezpečenie všetkých funkcií:</DEPENDENTAPPS_DESCRIPTION>
  <NOT_SUPPORTED_TEXT>Nepodporované</NOT_SUPPORTED_TEXT>
  <NOT_SUPPORTED_MESSAGE_TEXT>Ovládače skenera nie sú podporované v starších verziách systému Windows.</NOT_SUPPORTED_MESSAGE_TEXT>
</STRINGS>
</STRING_TABLE>