<?xml version="1.0" encoding="UTF-8"?>

<STRING_TABLE>
<ISO_LANGUAGE_ID>sl</ISO_LANGUAGE_ID>
<READING_ORDER>LTR</READING_ORDER>
<CODE_PAGE>1250</CODE_PAGE>
<LANGUAGE_ID>1060</LANGUAGE_ID>
<STRINGS>
  <CANCEL_BUTTON>&amp;Prekliči</CANCEL_BUTTON>
  <OK_BUTTON>&amp;V redu</OK_BUTTON>
  <INSTALL_BUTTON>&amp;Namesti</INSTALL_BUTTON>
  <NEXT_BUTTON>&amp;Naprej</NEXT_BUTTON>
  <EXIT_BUTTON>&amp;Izhod</EXIT_BUTTON>
  <BACK_BUTTON>N&amp;azaj</BACK_BUTTON>
  <HELP_BUTTON>&amp;Help</HELP_BUTTON>
  <DISAGREE_BUTTON>&amp;Zavrni</DISAGREE_BUTTON>
  <AGREE_BUTTON>&amp;Sprejmi</AGREE_BUTTON>
  <FINISH_BUTTON>&amp;Dokončaj</FINISH_BUTTON>
  <INSTALL_TITLE>Namestitveni program ^PRODUCT_NAME^</INSTALL_TITLE>
  <WELCOME_HEADER>Dobrodošli v namestitvenem programu ^PRODUCT_NAME^</WELCOME_HEADER>
  <WELCOME_TEXT>Kliknite Namesti, če želite nadaljevati, ali Prekliči, če želite zapreti namestitveni program.</WELCOME_TEXT>
  <INFOCENTER_LINK_LABEL>Zaženi središče z informacijami o izdelku</INFOCENTER_LINK_LABEL>
  <PRODUCT_REGISTRATION_LINK_LABEL>Registracija tiskalnika</PRODUCT_REGISTRATION_LINK_LABEL>
  <DISCOVERY_INFOCENTER_LINK_LABEL>Središče z informacijami {0}</DISCOVERY_INFOCENTER_LINK_LABEL>
  <MANUFACTURER_TEXT>Izberite proizvajalca</MANUFACTURER_TEXT>
  <MANUFACTURER_LABEL>&amp;Izberite proizvajalca:</MANUFACTURER_LABEL>
  <INSTALLING_TEXT>Namestitev</INSTALLING_TEXT>
  <OPTIONAL_SOFTWARE_CANCEL_CONFIRMATION_TEXT>Imate dodatno programsko opremo, ki jo lahko namestite ali posodobite.
Ali ste prepričani, da želite zapreti, ne da bi namestili dodatno programsko opremo?</OPTIONAL_SOFTWARE_CANCEL_CONFIRMATION_TEXT>
  <CANCELING_TEXT>Preklic</CANCELING_TEXT>
  <UNINSTALLING_TEXT>Odstranitev</UNINSTALLING_TEXT>
  <INSTALL_COMPLETE_TEXT>Namestitev se je uspešno dokončala.</INSTALL_COMPLETE_TEXT>
  <DRIVER_INSTALL_COMPLETE_TEXT>Namestitev gonilnika se je uspešno dokončala.</DRIVER_INSTALL_COMPLETE_TEXT>
  <CANCEL_CONFIRMATION_TEXT>Namestitev programske opreme ni dokončana.
Ali ste prepričani, da želite preklicati namestitev?</CANCEL_CONFIRMATION_TEXT>
  <INSTALL_CANCELED_TEXT>Namestitev je bila prekinjena.</INSTALL_CANCELED_TEXT>
  <REBOOT_HEADER_TEXT>Zahtevan je ponovni zagon</REBOOT_HEADER_TEXT>
  <USB_REBOOT_TEXT>Zahtevan je ponovni zagon.  Če želite dokončati namestitev, po ponovnem zagonu računalnika s kablom USB povežite tiskalnik z računalnikom.</USB_REBOOT_TEXT>
  <REBOOT_TEXT>Če želite uspešno dokončati namestitev, morate sistem zagnati znova.</REBOOT_TEXT>
  <REBOOT_NOW_TEXT>&amp;Nadaljujte s ponovnim zagonom računalnika</REBOOT_NOW_TEXT>
  <REBOOT_LATER_TEXT>&amp;Računalnik bom ročno ponovno zagnal pozneje</REBOOT_LATER_TEXT>
  <SECURITY_TITLE>Varnostno obvestilo</SECURITY_TITLE>
  <SECURITY_TEXT>Potrebujete dovoljenje za dostop do programske opreme družbe ^OEM^.

Vedno dovolite dostop do programske opreme družbe ^OEM^ za namestitev.</SECURITY_TEXT>
  <DISCOVERY_TITLE>Izbira tiskalnika in gonilnika</DISCOVERY_TITLE>
  <DISCOVERED_DEVICES_TEXT>Pov&amp;eži prek vrat računalnika</DISCOVERED_DEVICES_TEXT>
  <DISCOVERED_LIST_COLUMN_SEARCHING>Iskanje ...</DISCOVERED_LIST_COLUMN_SEARCHING>
  <NO_PRINTER_FOUND>Tiskalnika ni mogoče najti</NO_PRINTER_FOUND>
  <DISCOVERED_LIST_COLUMN_MODEL>Ime modela</DISCOVERED_LIST_COLUMN_MODEL>
  <DISCOVERED_LIST_COLUMN_IPADDRESS>Naslov IP</DISCOVERED_LIST_COLUMN_IPADDRESS>
  <DISCOVERED_LIST_COLUMN_PRINTERNAME>Ime gostitelja</DISCOVERED_LIST_COLUMN_PRINTERNAME>
  <DISCOVERED_LIST_COLUMN_SCANNER>Skener</DISCOVERED_LIST_COLUMN_SCANNER>
  <DISCOVERED_LIST_COLUMN_PRINTER>Tiskalnik</DISCOVERED_LIST_COLUMN_PRINTER>
  <DISCOVERED_LIST_COLUMN_MACADDRESS>Naslov MAC</DISCOVERED_LIST_COLUMN_MACADDRESS>
  <SHOW_DEVICE_STATUS_TEXT>Pokaži stanje tiskalnika</SHOW_DEVICE_STATUS_TEXT>
  <MODIFY_SEARCH_TEXT>&amp;Mojega tiskalnika ni na seznamu...</MODIFY_SEARCH_TEXT>
  <PRINTER_GROUP_TEXT>Tiskalnik</PRINTER_GROUP_TEXT>
  <REFRESH_TEXT>&amp;Osveži</REFRESH_TEXT>
  <ADVANCED_TEXT>N&amp;apredno</ADVANCED_TEXT>
  <YES>Da</YES>
  <COLOR>Barvno</COLOR>
  <MONO>Enobarvno</MONO>
  <ADD_NETWORK_PRINTER>Iskanje tiskalnikov</ADD_NETWORK_PRINTER>
  <!-- Modify Search Dialog -->
  <LOCAL_SUBNET_SEARCH>Is&amp;kanje po lokalnem podomrežju</LOCAL_SUBNET_SEARCH>
  <LOCAL_SUBNET_SEARCH_TOOLTIP>Izberite iskanje naprav v lokalnem omrežju.</LOCAL_SUBNET_SEARCH_TOOLTIP>
  <IP_HOSTNAME_SEARCH>Iskanje gostitelja/naslova &amp;IP</IP_HOSTNAME_SEARCH>
  <IP_HOSTNAME_SEARCH_TOOLTIP>To možnost izberite, če poznate ime gostitelja ali naslov IP naprave.</IP_HOSTNAME_SEARCH_TOOLTIP>
  <SUBNET_SEARCH>I&amp;skanje podomrežja</SUBNET_SEARCH>
  <SUBNET_SEARCH_TOOLTIP>Izberite iskanje naprav v oddaljenem omrežju.</SUBNET_SEARCH_TOOLTIP>
  <IP_ADDRESS>Naslov IP</IP_ADDRESS>
  <SUBNET_MASK>Maska podomrežja</SUBNET_MASK>    
  <!-- Modify Search Dialog Error Message-->
  <MSG_HOSTNAME_LIMIT>Ime gostitelja ne sme biti daljše od 255 znakov.</MSG_HOSTNAME_LIMIT>
  <MSG_INVALID_IPHOST_NAME>Ime gostitelja ali naslov IP ni veljaven.</MSG_INVALID_IPHOST_NAME>
  <MSG_IP_LIMIT>Naslov IP ne sme biti daljši od 45 znakov.</MSG_IP_LIMIT>
  <MSG_INVALID_IP>Naslov IP ni veljaven.</MSG_INVALID_IP>
  <MSG_INVALID_SUBNET>Naslov podomrežja ni veljaven.</MSG_INVALID_SUBNET>
  <MSG_SUBNET_LIMIT>Maska podomrežja ne sme biti daljša od 45 znakov.</MSG_SUBNET_LIMIT>  
  <CONNECT_WITH_USB_TEXT>Povezava s kablom &amp;USB</CONNECT_WITH_USB_TEXT>
  <CONNECT_WITH_TRAVELPRINT_TEXT>Po&amp;veži prek iskanja na poti</CONNECT_WITH_TRAVELPRINT_TEXT>
  <USB_FINAL_TEXT>Programska oprema je uspešno nameščena.  Če želite dokončati namestitev, s kablom USB priključite tiskalnik v računalnik.</USB_FINAL_TEXT>
  <ERROR_TITLE>Napaka pri namestitvi</ERROR_TITLE>
  <ERROR_TEXT>Med nameščanjem je prišlo do napake.  Namestitev bo preklicana. Znova poskusite z namestitvijo.</ERROR_TEXT>
  <PERMISSION_ERROR_TITLE>Dostop zavrnjen</PERMISSION_ERROR_TITLE>
  <PERMISSION_ERROR_TEXT>Nimate zadostnih dovoljenj za zagon namestitvene programske opreme.  Obrnite se na sistemskega skrbnika.</PERMISSION_ERROR_TEXT>
  <DISK_FULL_ERROR_TITLE>Zmanjkalo je prostora na disku</DISK_FULL_ERROR_TITLE>
  <DISK_FULL_ERROR_TEXT>Sprostite nekaj prostora ali izberite drug pogon.</DISK_FULL_ERROR_TEXT>
  <INSTALL_ALREADY_RUNNING_TITLE>Napaka pri namestitvi</INSTALL_ALREADY_RUNNING_TITLE>
  <INSTALL_ALREADY_RUNNING_TEXT>Namestitveni program za Windows je zaseden z nameščanjem drugega programa.  Preden znova zaženete namestitveni program, počakajte, da se ta namestitev konča.</INSTALL_ALREADY_RUNNING_TEXT>
  <MULTIINSTANCE_ERROR_TITLE>Napaka več primerkov</MULTIINSTANCE_ERROR_TITLE>
  <MULTIINSTANCE_ERROR_TEXT>Odprt imate drug primerek tega programa. Ta primerek se bo zaprl.</MULTIINSTANCE_ERROR_TEXT>
  <LICENSE_AGREEMENT>Licenčna pogodba</LICENSE_AGREEMENT>
  <LICENSE_SCROLL_TEXT>Preberite spodnjo licenčno pogodbo. Če želite nadaljevati namestitev programske opreme, morate sprejeti pogoje pogodbe.</LICENSE_SCROLL_TEXT>
  <SELECT_PORT_TITLE>&amp;Izberite vrsto vrat</SELECT_PORT_TITLE>
  <BASIC_TEXT>&amp;Osnovno</BASIC_TEXT>
  <DISCOVERED_PORTS>Odkrita vrata v vašem računalniku</DISCOVERED_PORTS>
  <IP_PORT>Vrata s standardnim IP-jem</IP_PORT>	
  <UNC_PORT>Vrata UNC</UNC_PORT>
  <PRINT_DRIVER_TEXT>Vrsta &amp;gonilnika tiskalnika</PRINT_DRIVER_TEXT>
  <PORT_NAME_TEXT>Ime vrat</PORT_NAME_TEXT>
  <IP_ADDRESS_TEXT>Naslov IP ali ime gostitelja</IP_ADDRESS_TEXT>
  <NETWORK_PATH_TEXT>Omrežna pot</NETWORK_PATH_TEXT>
  <GEN_ERROR_TITLE>Napaka</GEN_ERROR_TITLE>
  <DUP_PORT_TEXT>Ime vrat že obstaja.</DUP_PORT_TEXT>
  <INVALID_NET_PATH_TEXT>Omrežna pot je neveljavna</INVALID_NET_PATH_TEXT>
  <PORT_TYPE_TEXT>Vrsta vrat</PORT_TYPE_TEXT>
  <FILES_IN_USE_HEADER>Datoteke so v uporabi</FILES_IN_USE_HEADER>
  <RM_FILE_IN_USE_TEXT>Ta program uporablja datoteke, ki morajo biti med nastavitvijo posodobljene.</RM_FILE_IN_USE_TEXT>
  <FILE_IN_USE_TEXT>Ta program uporablja datoteke, ki morajo biti med nastavitvijo posodobljene. Zaprite program in kliknite Poskusi znova, če želite nadaljevati z namestitvijo, ali Prekliči, če želite namestitev zapreti.</FILE_IN_USE_TEXT>
  <AUTO_RESTART_TEXT>&amp;Trenutni program se bo samodejno zaprl in namestitev se bo zagnala znova.</AUTO_RESTART_TEXT>
  <DO_NOT_CLOSE_TEXT>&amp;Prekličite namestitev trenutnega programa in nadaljujte z nastavitvijo.</DO_NOT_CLOSE_TEXT>
  <RETRY_BUTTON>&amp;Znova</RETRY_BUTTON>
  <COMPLETED_TEXT>Dokončano</COMPLETED_TEXT>
  <CANCELED_TEXT>Preklicano</CANCELED_TEXT>
  <UPDATED_TEXT>Posodobljeno</UPDATED_TEXT>
  <FAILED_TEXT>Ni uspelo</FAILED_TEXT>
  <ERROR_LINK>&amp;Ogled poročila o napakah</ERROR_LINK> 
  <PREPARE_INSTALL_TEXT>Priprava na namestitev</PREPARE_INSTALL_TEXT>
  <CONFIG_SETTINGS_TEXT>Nastavitve konfiguracije</CONFIG_SETTINGS_TEXT>
  <CONFIG_SETTINGS_BUTTON>&amp;Konfiguracija ...</CONFIG_SETTINGS_BUTTON>
  <CONFIG_APPLY_FUTURE_TEXT>&amp;Uporabi pri vseh prihodnjih namestitvah</CONFIG_APPLY_FUTURE_TEXT>
  <LOAD_FILE>N&amp;aloži datoteko</LOAD_FILE>
  <NEW_FILE>&amp;Novo</NEW_FILE>
  <RESET_TEXT>P&amp;onastavi privzete vrednosti</RESET_TEXT>
  <INVALID_PATH_TEXT>Ime datoteke ali pot ni veljavna.</INVALID_PATH_TEXT>
  <REGISTRATION_LINK>&amp;Registracija izdelka</REGISTRATION_LINK>
  <DOTNET>Ogrodje .NET</DOTNET>
  <REQUIRED_DEPENDENCY>Zahtevana odvisnost ni nameščena ali je ni bilo mogoče namestiti.</REQUIRED_DEPENDENCY> 
  <SW_BYPASS_TITLE>Programska oprema je že nameščena.</SW_BYPASS_TITLE>
  <SW_BYPASS_TEXT>Namestitveni program je zaznal, da je ta programska oprema že nameščena.  Za nadaljevanje izberite eno od spodnjih možnosti.</SW_BYPASS_TEXT>
  <SW_BYPASS_REINSTALL>&amp;Znova namestite gonilnik ali dodajte dodaten gonilnik.</SW_BYPASS_REINSTALL>
  <SW_BYPASS_OPTIONAL>P&amp;reskoči na namestitev dodatne opreme</SW_BYPASS_OPTIONAL>
  <OPTIONAL_SOFTWARE_TITLE>Dodatna programska oprema</OPTIONAL_SOFTWARE_TITLE>
  <APPS_ONLY_SOFTWARE_TITLE>Razpoložljiva programska oprema</APPS_ONLY_SOFTWARE_TITLE>  
  <SELECT_APPS_ONLY_SOFTWARE_TEXT>I&amp;zberite programsko opremo, ki jo želite namestiti.</SELECT_APPS_ONLY_SOFTWARE_TEXT>
  <SELECT_SOFTWARE_TEXT>I&amp;zbira dodatne programske opreme za namestitev</SELECT_SOFTWARE_TEXT>
  <PRODUCT_NAME_COLUMN_HEADER>Ime programa</PRODUCT_NAME_COLUMN_HEADER>
  <VERSION_COLUMN_HEADER>Različica</VERSION_COLUMN_HEADER>
  <SIZE_COLUMN_HEADER>Velikost</SIZE_COLUMN_HEADER>
  <SOFTWARE_DESCRIPTION_TITLE>&amp;Opis programske opreme</SOFTWARE_DESCRIPTION_TITLE>
  <NEWER_VERSION_INSTALLED_TEXT>Nameščena je novejša ali ista različica programa.</NEWER_VERSION_INSTALLED_TEXT>
  <CONTINUE_FINAL_TEXT>Kliknite gumb Nadaljuj za izbiro komponent dodatne programske opreme ali pa kliknite Dokončaj za zaprtje namestitvenega programa.</CONTINUE_FINAL_TEXT>
  <CONTINUE_BUTTON>&amp;Nadaljuj</CONTINUE_BUTTON>
  <ALREADY_INSTALLED_TEXT>Že nameščeno</ALREADY_INSTALLED_TEXT>
  <LBL_LOCALIZED_AND>in</LBL_LOCALIZED_AND>
  <OPTIONAL_DISCOVERY_TITLE>Izberite napravo</OPTIONAL_DISCOVERY_TITLE>
  <EMPTY_DRIVERCONFIG_PATH>Pot ne more biti prazna.</EMPTY_DRIVERCONFIG_PATH>
  <DEPENDENTAPPS_DESCRIPTION>{1} vključuje te komponente za polno funkcionalnost:</DEPENDENTAPPS_DESCRIPTION>
  <NOT_SUPPORTED_TEXT>Ni podprto</NOT_SUPPORTED_TEXT>
  <NOT_SUPPORTED_MESSAGE_TEXT>Gonilniki skenerja niso podprti v starejših različicah sistema Windows.</NOT_SUPPORTED_MESSAGE_TEXT>
</STRINGS>
</STRING_TABLE>