<?xml version="1.0" encoding="UTF-8"?>

<STRING_TABLE>
<ISO_LANGUAGE_ID>sr</ISO_LANGUAGE_ID>
<READING_ORDER>LTR</READING_ORDER>
<CODE_PAGE>1250</CODE_PAGE>
<LANGUAGE_ID>2074</LANGUAGE_ID>
<STRINGS>
  <CANCEL_BUTTON>&amp;Otkaži</CANCEL_BUTTON>
  <OK_BUTTON>&amp;U redu</OK_BUTTON>
  <INSTALL_BUTTON>&amp;Instaliraj</INSTALL_BUTTON>
  <NEXT_BUTTON>&amp;Sledeće</NEXT_BUTTON>
  <EXIT_BUTTON>&amp;Izađi</EXIT_BUTTON>
  <BACK_BUTTON>&amp;Nazad</BACK_BUTTON>
  <HELP_BUTTON>&amp;Help</HELP_BUTTON>
  <DISAGREE_BUTTON>&amp;Odbij</DISAGREE_BUTTON>
  <AGREE_BUTTON>&amp;Prihvati</AGREE_BUTTON>
  <FINISH_BUTTON>&amp;Završi</FINISH_BUTTON>
  <INSTALL_TITLE>Instalacioni program za ^PRODUCT_NAME^</INSTALL_TITLE>
  <WELCOME_HEADER>Dobro došli u instalacioni program za ^PRODUCT_NAME^</WELCOME_HEADER>
  <WELCOME_TEXT>Kliknite na Instaliraj da biste nastavili ili na Otkaži da biste izašli iz instalacionog programa.</WELCOME_TEXT>
  <INFOCENTER_LINK_LABEL>Pokreni centar za informacije o proizvodu</INFOCENTER_LINK_LABEL>
  <PRODUCT_REGISTRATION_LINK_LABEL>Registracija štampača</PRODUCT_REGISTRATION_LINK_LABEL>
  <DISCOVERY_INFOCENTER_LINK_LABEL>{0} centar za informacije</DISCOVERY_INFOCENTER_LINK_LABEL>
  <MANUFACTURER_TEXT>Odaberite proizvođača</MANUFACTURER_TEXT>
  <MANUFACTURER_LABEL>&amp;Izaberite proizvođača:</MANUFACTURER_LABEL>
  <INSTALLING_TEXT>Instaliranje</INSTALLING_TEXT>
  <OPTIONAL_SOFTWARE_CANCEL_CONFIRMATION_TEXT>Imate dodatni softver za instaliranje ili ažuriranje.
Da li ste sigurni da želite da izađete pre nego što završite sa instalacijom dodatnog softvera?</OPTIONAL_SOFTWARE_CANCEL_CONFIRMATION_TEXT>
  <CANCELING_TEXT>Otkazivanje</CANCELING_TEXT>
  <UNINSTALLING_TEXT>Deinstaliranje</UNINSTALLING_TEXT>
  <INSTALL_COMPLETE_TEXT>Instalacija je uspešno dovršena.</INSTALL_COMPLETE_TEXT>
  <DRIVER_INSTALL_COMPLETE_TEXT>Instalacija upravljačkog programa je uspešno dovršena.</DRIVER_INSTALL_COMPLETE_TEXT>
  <CANCEL_CONFIRMATION_TEXT>Instalacija softvera nije dovršena.
Želite li zaista da otkažete instalaciju?</CANCEL_CONFIRMATION_TEXT>
  <INSTALL_CANCELED_TEXT>Instalacija je otkazana.</INSTALL_CANCELED_TEXT>
  <REBOOT_HEADER_TEXT>Ponovno pokretanje je neophodno</REBOOT_HEADER_TEXT>
  <USB_REBOOT_TEXT>Ponovno pokretanje je neophodno.  Da biste dovršili instalaciju, povežite štampač na računar pomoću USB kabla nakon što ponovo pokrenete računar.</USB_REBOOT_TEXT>
  <REBOOT_TEXT>Morate da ponovo pokrenete sistem da bi se instalacija uspešno dovršila.</REBOOT_TEXT>
  <REBOOT_NOW_TEXT>&amp;Nastavi sa ponovnim pokretanje računara sada</REBOOT_NOW_TEXT>
  <REBOOT_LATER_TEXT>&amp;Ručno ponovno pokretanje računara kasnije</REBOOT_LATER_TEXT>
  <SECURITY_TITLE>Obaveštenje o bezbednosti</SECURITY_TITLE>
  <SECURITY_TEXT>Potrebna je dozvola za pristup softveru ^OEM^.

Uvek dozvolite pristup softveru ^OEM^ za instalaciju.</SECURITY_TEXT>
  <DISCOVERY_TITLE>Izaberite štampač i upravljački program</DISCOVERY_TITLE>
  <DISCOVERED_DEVICES_TEXT>Po&amp;vežite se putem porta otkrivenog na računaru</DISCOVERED_DEVICES_TEXT>
  <DISCOVERED_LIST_COLUMN_SEARCHING>Pretraživanje je u toku…</DISCOVERED_LIST_COLUMN_SEARCHING>
  <NO_PRINTER_FOUND>Nijedan štampač nije pronađen</NO_PRINTER_FOUND>
  <DISCOVERED_LIST_COLUMN_MODEL>Ime modela</DISCOVERED_LIST_COLUMN_MODEL>
  <DISCOVERED_LIST_COLUMN_IPADDRESS>IP adresa</DISCOVERED_LIST_COLUMN_IPADDRESS>
  <DISCOVERED_LIST_COLUMN_PRINTERNAME>Ime hosta</DISCOVERED_LIST_COLUMN_PRINTERNAME>
  <DISCOVERED_LIST_COLUMN_SCANNER>Skener</DISCOVERED_LIST_COLUMN_SCANNER>
  <DISCOVERED_LIST_COLUMN_PRINTER>Štampač</DISCOVERED_LIST_COLUMN_PRINTER>
  <DISCOVERED_LIST_COLUMN_MACADDRESS>MAC adresa</DISCOVERED_LIST_COLUMN_MACADDRESS>
  <SHOW_DEVICE_STATUS_TEXT>Prikaži status štampača</SHOW_DEVICE_STATUS_TEXT>
  <MODIFY_SEARCH_TEXT>&amp;Moj štampač nije naveden…</MODIFY_SEARCH_TEXT>
  <PRINTER_GROUP_TEXT>Štampač</PRINTER_GROUP_TEXT>
  <REFRESH_TEXT>Osv&amp;eži</REFRESH_TEXT>
  <ADVANCED_TEXT>&amp;Napredno</ADVANCED_TEXT>
  <YES>Da</YES>
  <COLOR>U boji</COLOR>
  <MONO>Crno-belo</MONO>
  <ADD_NETWORK_PRINTER>Pronađite štampač</ADD_NETWORK_PRINTER>
  <!-- Modify Search Dialog -->
  <LOCAL_SUBNET_SEARCH>P&amp;retraga lokalne podmreže</LOCAL_SUBNET_SEARCH>
  <LOCAL_SUBNET_SEARCH_TOOLTIP>Izaberite uređaje za pretragu na lokalnoj mreži.</LOCAL_SUBNET_SEARCH_TOOLTIP>
  <IP_HOSTNAME_SEARCH>Pretraga hosta / &amp;IP adrese</IP_HOSTNAME_SEARCH>
  <IP_HOSTNAME_SEARCH_TOOLTIP>Izaberite ovu opciju ako znate ime hosta ili IP adresu uređaja.</IP_HOSTNAME_SEARCH_TOOLTIP>
  <SUBNET_SEARCH>&amp;Pretraga podmreže</SUBNET_SEARCH>
  <SUBNET_SEARCH_TOOLTIP>Izaberite uređaje za pretragu na udaljenoj mreži.</SUBNET_SEARCH_TOOLTIP>
  <IP_ADDRESS>IP adresa</IP_ADDRESS>
  <SUBNET_MASK>Podmrežna maska</SUBNET_MASK>    
  <!-- Modify Search Dialog Error Message-->
  <MSG_HOSTNAME_LIMIT>Ime hosta ne može da sadrži više od 255 znakova.</MSG_HOSTNAME_LIMIT>
  <MSG_INVALID_IPHOST_NAME>Nije važeće ime hosta ili IP adresa.</MSG_INVALID_IPHOST_NAME>
  <MSG_IP_LIMIT>IP adresa ne može da sadrži više od 45 znakova.</MSG_IP_LIMIT>
  <MSG_INVALID_IP>IP adresa nije ispravna.</MSG_INVALID_IP>
  <MSG_INVALID_SUBNET>Podmrežna maska nije ispravna.</MSG_INVALID_SUBNET>
  <MSG_SUBNET_LIMIT>Podmrežna maska ne može da sadrži više od 45 znakova.</MSG_SUBNET_LIMIT>  
  <CONNECT_WITH_USB_TEXT>Povežite pomoću &amp;USB kabla</CONNECT_WITH_USB_TEXT>
  <CONNECT_WITH_TRAVELPRINT_TEXT>Poveži se pomoću funkcije &amp;Travel Print</CONNECT_WITH_TRAVELPRINT_TEXT>
  <USB_FINAL_TEXT>Softver je uspešno instaliran.  Da biste dovršili instalaciju, povežite štampač na računar pomoću USB kabla.</USB_FINAL_TEXT>
  <ERROR_TITLE>Greška sa instalacijom</ERROR_TITLE>
  <ERROR_TEXT>Došlo je do greške tokom instalacije.  Instalacija će biti otkazana. Pokušajte ponovo da instalirate.</ERROR_TEXT>
  <PERMISSION_ERROR_TITLE>Pristup je odbijen</PERMISSION_ERROR_TITLE>
  <PERMISSION_ERROR_TEXT>Nemate potrebne dozvole za pokretanje instalacionog softvera.  Kontaktirajte administratora sistema.</PERMISSION_ERROR_TEXT>
  <DISK_FULL_ERROR_TITLE>Nema dovoljno prostora na disku</DISK_FULL_ERROR_TITLE>
  <DISK_FULL_ERROR_TEXT>Oslobodite prostor ili pokušajte sa drugim diskom.</DISK_FULL_ERROR_TEXT>
  <INSTALL_ALREADY_RUNNING_TITLE>Greška sa instalacijom</INSTALL_ALREADY_RUNNING_TITLE>
  <INSTALL_ALREADY_RUNNING_TEXT>Windows Installer je zauzet instaliranjem druge aplikacije.  Sačekajte da se ta instalacija završi pre nego što ponovo pokrenete instalacioni program.</INSTALL_ALREADY_RUNNING_TEXT>
  <MULTIINSTANCE_ERROR_TITLE>Greška sa više instanci</MULTIINSTANCE_ERROR_TITLE>
  <MULTIINSTANCE_ERROR_TEXT>Još jedna instanca ove aplikacije je otvorena. Ova instanca će biti zatvorena.</MULTIINSTANCE_ERROR_TEXT>
  <LICENSE_AGREEMENT>Ugovor o licenciranju</LICENSE_AGREEMENT>
  <LICENSE_SCROLL_TEXT>Pročitajte sledeći ugovor o licenciranju. Da biste prihvatili instalaciju softvera, morate da prihvatite ugovor.</LICENSE_SCROLL_TEXT>
  <SELECT_PORT_TITLE>&amp;Izaberite tip porta</SELECT_PORT_TITLE>
  <BASIC_TEXT>Osno&amp;vno</BASIC_TEXT>
  <DISCOVERED_PORTS>Otkriveni portovi na računaru</DISCOVERED_PORTS>
  <IP_PORT>Standardni IP port</IP_PORT>	
  <UNC_PORT>UNC port</UNC_PORT>
  <PRINT_DRIVER_TEXT>Tip up&amp;ravljačkog programa za štampanje</PRINT_DRIVER_TEXT>
  <PORT_NAME_TEXT>Ime porta</PORT_NAME_TEXT>
  <IP_ADDRESS_TEXT>IP adresa ili ime hosta</IP_ADDRESS_TEXT>
  <NETWORK_PATH_TEXT>Putanja mreže</NETWORK_PATH_TEXT>
  <GEN_ERROR_TITLE>Greška</GEN_ERROR_TITLE>
  <DUP_PORT_TEXT>Ime porta već postoji.</DUP_PORT_TEXT>
  <INVALID_NET_PATH_TEXT>Putanja mreže je nevažeća</INVALID_NET_PATH_TEXT>
  <PORT_TYPE_TEXT>Tip porta</PORT_TYPE_TEXT>
  <FILES_IN_USE_HEADER>Datoteke u upotrebi</FILES_IN_USE_HEADER>
  <RM_FILE_IN_USE_TEXT>Sledeća aplikacija koristi datoteke koje moraju da budu ažurirane ovom konfiguracijom.</RM_FILE_IN_USE_TEXT>
  <FILE_IN_USE_TEXT>Sledeća aplikacija koristi datoteke koje moraju da budu ažurirane ovom konfiguracijom. Zatvorite aplikaciju, a zatim kliknite na Pokušaj ponovo da biste nastavili sa instalacijom ili kliknite na Otkaži da biste izašli iz instalacije.</FILE_IN_USE_TEXT>
  <AUTO_RESTART_TEXT>&amp;Automatski zatvori trenutnu aplikaciju i pokušaj da ponoviš instalaciju.</AUTO_RESTART_TEXT>
  <DO_NOT_CLOSE_TEXT>Pre&amp;skoči instalaciju trenutne aplikacije i nastavi sa konfiguracijom.</DO_NOT_CLOSE_TEXT>
  <RETRY_BUTTON>&amp;Pokušaj ponovo</RETRY_BUTTON>
  <COMPLETED_TEXT>Dovršeno</COMPLETED_TEXT>
  <CANCELED_TEXT>Otkazano</CANCELED_TEXT>
  <UPDATED_TEXT>Ažurirano</UPDATED_TEXT>
  <FAILED_TEXT>Neuspeh</FAILED_TEXT>
  <ERROR_LINK>Prikaži iz&amp;veštaj o grešci</ERROR_LINK> 
  <PREPARE_INSTALL_TEXT>U toku je priprema instalacije</PREPARE_INSTALL_TEXT>
  <CONFIG_SETTINGS_TEXT>Postavke konfiguracije</CONFIG_SETTINGS_TEXT>
  <CONFIG_SETTINGS_BUTTON>&amp;Konfiguracija…</CONFIG_SETTINGS_BUTTON>
  <CONFIG_APPLY_FUTURE_TEXT>Primeni n&amp;a sve buduće instalacije</CONFIG_APPLY_FUTURE_TEXT>
  <LOAD_FILE>Uči&amp;taj datoteku</LOAD_FILE>
  <NEW_FILE>&amp;Novo</NEW_FILE>
  <RESET_TEXT>&amp;Resetuj na podrazumevane vrednosti</RESET_TEXT>
  <INVALID_PATH_TEXT>Ime datoteke ili putanja je nevažeća.</INVALID_PATH_TEXT>
  <REGISTRATION_LINK>&amp;Registruj proizvod</REGISTRATION_LINK>
  <DOTNET>.NET Framework</DOTNET>
  <REQUIRED_DEPENDENCY>Potrebna zavisnost nije instalirana ili instalacija nije uspela.</REQUIRED_DEPENDENCY> 
  <SW_BYPASS_TITLE>Softver je već instaliran</SW_BYPASS_TITLE>
  <SW_BYPASS_TEXT>Instalacioni program je otkrio da je ovaj softver možda već instaliran.  Izaberite opciju ispod da biste nastavili.</SW_BYPASS_TEXT>
  <SW_BYPASS_REINSTALL>&amp;Ponovo instalirajte ili dodajte dodatni upravljački program</SW_BYPASS_REINSTALL>
  <SW_BYPASS_OPTIONAL>P&amp;ređite na instalaciju dodatnog softvera</SW_BYPASS_OPTIONAL>
  <OPTIONAL_SOFTWARE_TITLE>Dodatni softver</OPTIONAL_SOFTWARE_TITLE>
  <APPS_ONLY_SOFTWARE_TITLE>Dostupni softver</APPS_ONLY_SOFTWARE_TITLE>  
  <SELECT_SOFTWARE_TEXT>I&amp;zaberite dodatni softver za instaliranje</SELECT_SOFTWARE_TEXT>
  <SELECT_APPS_ONLY_SOFTWARE_TEXT>I&amp;zaberite softver za instaliranje</SELECT_APPS_ONLY_SOFTWARE_TEXT>
  <PRODUCT_NAME_COLUMN_HEADER>Ime aplikacije</PRODUCT_NAME_COLUMN_HEADER>
  <VERSION_COLUMN_HEADER>Verzija</VERSION_COLUMN_HEADER>
  <SIZE_COLUMN_HEADER>Veličina</SIZE_COLUMN_HEADER>
  <SOFTWARE_DESCRIPTION_TITLE>O&amp;pis softvera</SOFTWARE_DESCRIPTION_TITLE>
  <NEWER_VERSION_INSTALLED_TEXT>Novija ili ista verzija aplikacije već je instalirana.</NEWER_VERSION_INSTALLED_TEXT>
  <CONTINUE_FINAL_TEXT>Kliknite na dugme „Nastavi“ da biste izabrali komponente dodatnog softvera ili kliknite na dugme „Završi“ da biste izašli iz instalacionog programa.</CONTINUE_FINAL_TEXT>
  <CONTINUE_BUTTON>&amp;Nastavi</CONTINUE_BUTTON>
  <ALREADY_INSTALLED_TEXT>Već instalirano</ALREADY_INSTALLED_TEXT>
  <LBL_LOCALIZED_AND>i</LBL_LOCALIZED_AND>
  <OPTIONAL_DISCOVERY_TITLE>Odaberite uređaj</OPTIONAL_DISCOVERY_TITLE>
  <EMPTY_DRIVERCONFIG_PATH>Putanja ne može da bude prazna.</EMPTY_DRIVERCONFIG_PATH>
  <DEPENDENTAPPS_DESCRIPTION>{1} obuhvata sledeće komponente za potpunu funkcionalnost:</DEPENDENTAPPS_DESCRIPTION>
  <NOT_SUPPORTED_TEXT>Nije podržano</NOT_SUPPORTED_TEXT>
  <NOT_SUPPORTED_MESSAGE_TEXT>Upravljački programi za skeniranje nisu podržani u starijim verzijama sistema Windows.</NOT_SUPPORTED_MESSAGE_TEXT>
</STRINGS>
</STRING_TABLE>