﻿<?xml version="1.0" encoding="UTF-8"?>

<STRING_TABLE>
<ISO_LANGUAGE_ID>sv</ISO_LANGUAGE_ID>
<READING_ORDER>LTR</READING_ORDER>
<CODE_PAGE>1252</CODE_PAGE>
<LANGUAGE_ID>1053</LANGUAGE_ID>
<STRINGS>
  <CANCEL_BUTTON>&amp;Avbryt</CANCEL_BUTTON>
  <OK_BUTTON>&amp;Ok</OK_BUTTON>
  <INSTALL_BUTTON>Install&amp;era</INSTALL_BUTTON>
  <NEXT_BUTTON>&amp;Nästa</NEXT_BUTTON>
  <EXIT_BUTTON>Avsl&amp;uta</EXIT_BUTTON>
  <BACK_BUTTON>&amp;Föregående</BACK_BUTTON>
  <HELP_BUTTON>&amp;Hjälp</HELP_BUTTON>
  <DISAGREE_BUTTON>&amp;Nej tack</DISAGREE_BUTTON>
  <AGREE_BUTTON>&amp;Acceptera</AGREE_BUTTON>
  <FINISH_BUTTON>&amp;Slutför</FINISH_BUTTON>
  <INSTALL_TITLE>^PRODUCT_NAME^ installationsverktyg</INSTALL_TITLE>
  <WELCOME_HEADER>Välkommen till installationen av ^PRODUCT_NAME^</WELCOME_HEADER>
  <WELCOME_TEXT>Fortsätt genom att klicka på Installera eller klicka på Avbryt för att avsluta.</WELCOME_TEXT>
  <INFOCENTER_LINK_LABEL>Starta Produktinformationscenter</INFOCENTER_LINK_LABEL>
  <PRODUCT_REGISTRATION_LINK_LABEL>Registrera en skrivare</PRODUCT_REGISTRATION_LINK_LABEL>
  <DISCOVERY_INFOCENTER_LINK_LABEL>Informationscenter för {0}</DISCOVERY_INFOCENTER_LINK_LABEL>
  <MANUFACTURER_TEXT>Välj tillverkare</MANUFACTURER_TEXT>
  <MANUFACTURER_LABEL>&amp;Välj en tillverkare:</MANUFACTURER_LABEL>
  <INSTALL_PATH_LABEL_TEXT>Installationssökväg</INSTALL_PATH_LABEL_TEXT>
  <INSTALLING_TEXT>Installerar</INSTALLING_TEXT>
  <OPTIONAL_SOFTWARE_CANCEL_CONFIRMATION_TEXT>Det finns ytterligare programvara som du kan installera eller uppdatera.
Är du säker på att du vill avsluta utan att installera någon ytterligare programvara?</OPTIONAL_SOFTWARE_CANCEL_CONFIRMATION_TEXT>
  <CANCELING_TEXT>Avbryter</CANCELING_TEXT>
  <UNINSTALLING_TEXT>Avinstallerar</UNINSTALLING_TEXT>
  <INSTALL_SUCCESS_HEADING_TEXT>Installationen lyckades</INSTALL_SUCCESS_HEADING_TEXT>
  <INSTALL_COMPLETE_TEXT>Installationen har slutförts.</INSTALL_COMPLETE_TEXT>
  <DRIVER_INSTALL_COMPLETE_TEXT>Installationen av drivrutinen har slutförts.</DRIVER_INSTALL_COMPLETE_TEXT>
  <CANCEL_CONFIRMATION_TEXT>Programvaruinstallationen har inte slutförts.
Är du säker på att du vill avbryta installationen?</CANCEL_CONFIRMATION_TEXT>
  <INSTALL_CANCELED_TEXT>Installationen lyckades</INSTALL_CANCELED_TEXT>
  <INSTALL_CANCELED_HEADING_TEXT>Installationen avbröts</INSTALL_CANCELED_HEADING_TEXT> 
  <REBOOT_HEADER_TEXT>Omstart krävs</REBOOT_HEADER_TEXT>
  <USB_REBOOT_TEXT>Datorn måste startas om. Slutför installationen genom att ansluta skrivaren till datorn med en USB-kabel efter att ha startat om datorn.</USB_REBOOT_TEXT>
  <REBOOT_TEXT>Du måste starta om systemet för att installationen ska kunna slutföras.</REBOOT_TEXT>
  <REBOOT_NOW_TEXT>&amp;Fortsätt med att starta om datorn nu</REBOOT_NOW_TEXT>
  <REBOOT_LATER_TEXT>Starta om datorn &amp;manuellt senare</REBOOT_LATER_TEXT>
  <SECURITY_TITLE>Säkerhetsmeddelande</SECURITY_TITLE>
  <SECURITY_TEXT>Behörighet att få åtkomst till ^OEM^-programvara krävs.

Tillåt alltid åtkomst till ^OEM^-programvara för installation.</SECURITY_TEXT>
  <DISCOVERY_TITLE>Välj skrivare och drivrutin</DISCOVERY_TITLE>
  <DISCOVERED_DEVICES_TEXT>Anslut via en port som up&amp;ptäckts på datorn.</DISCOVERED_DEVICES_TEXT>
  <DISCOVERED_DEVICES_LIST>Upptäckta skrivare</DISCOVERED_DEVICES_LIST>
  <DISCOVERED_LIST_COLUMN_SEARCHING>Söker...</DISCOVERED_LIST_COLUMN_SEARCHING>
  <NO_PRINTER_FOUND>Inga skrivare hittades</NO_PRINTER_FOUND>
  <DISCOVERED_LIST_COLUMN_MODEL>Modellnamn</DISCOVERED_LIST_COLUMN_MODEL>
  <DISCOVERED_LIST_COLUMN_IPADDRESS>IP-adress</DISCOVERED_LIST_COLUMN_IPADDRESS>
  <DISCOVERED_LIST_COLUMN_PRINTERNAME>Värdnamn</DISCOVERED_LIST_COLUMN_PRINTERNAME>
  <DISCOVERED_LIST_COLUMN_SCANNER>Skanner</DISCOVERED_LIST_COLUMN_SCANNER>
  <DISCOVERED_LIST_COLUMN_PRINTER>Skrivare</DISCOVERED_LIST_COLUMN_PRINTER>
  <DISCOVERED_LIST_COLUMN_MACADDRESS>MAC-adress</DISCOVERED_LIST_COLUMN_MACADDRESS>
  <SHOW_DEVICE_STATUS_TEXT>Visa skrivarstatusen</SHOW_DEVICE_STATUS_TEXT>
  <MODIFY_SEARCH_TEXT>&amp;Min skrivare visas inte i listan ...</MODIFY_SEARCH_TEXT>
  <PRINTER_GROUP_TEXT>Skrivare</PRINTER_GROUP_TEXT>
  <REFRESH_TEXT>&amp;Uppdatera</REFRESH_TEXT>
  <ADVANCED_TEXT>Avan&amp;cerat</ADVANCED_TEXT>
  <YES>Ja</YES>
  <COLOR>Färg</COLOR>
  <MONO>Mono</MONO>
  <ADD_NETWORK_PRINTER>Sök efter skrivare</ADD_NETWORK_PRINTER>
  <LOCAL_SUBNET_SEARCH>Sök i &amp;lokalt subnät</LOCAL_SUBNET_SEARCH>
  <LOCAL_SUBNET_SEARCH_TOOLTIP>Söker efter enheter i det lokala nätverket.</LOCAL_SUBNET_SEARCH_TOOLTIP>
  <IP_HOSTNAME_SEARCH>Căutare gazdă/adresă &amp;IP</IP_HOSTNAME_SEARCH>
  <IP_HOSTNAME_SEARCH_TOOLTIP>Välj det här alternativet om du känner till enhetens värdnamn eller IP-adress.</IP_HOSTNAME_SEARCH_TOOLTIP>
  <SUBNET_SEARCH>&amp;Sök i subnätet</SUBNET_SEARCH>
  <SUBNET_SEARCH_TOOLTIP>Söker efter enheter i ett externt nätverk.</SUBNET_SEARCH_TOOLTIP>
  <IP_ADDRESS>IP-adress</IP_ADDRESS>
  <SUBNET_MASK>Subnätmask</SUBNET_MASK>
  <MSG_HOSTNAME_LIMIT>Värdnamnet får bestå av högst 255 tecken.</MSG_HOSTNAME_LIMIT>
  <MSG_INVALID_IPHOST_NAME>Ogiltigt värdnamn eller IP-adress.</MSG_INVALID_IPHOST_NAME>
  <MSG_IP_LIMIT>IP-adressen får bestå av högst 45 tecken.</MSG_IP_LIMIT>
  <MSG_INVALID_IP>Inte en giltig IP-adress.</MSG_INVALID_IP>
  <MSG_INVALID_SUBNET>Inte en giltig subnätadress.</MSG_INVALID_SUBNET>
  <MSG_SUBNET_LIMIT>Subnätmasken får bestå av högst 45 tecken.</MSG_SUBNET_LIMIT>
  <CONNECT_WITH_USB_TEXT>Anslut med en USB-kab&amp;el</CONNECT_WITH_USB_TEXT>
  <CONNECT_WITH_TRAVELPRINT_TEXT>Anslut via &amp;Reseutskrift.</CONNECT_WITH_TRAVELPRINT_TEXT>
  <USB_FINAL_TEXT>Programvaran har installerats. För att slutföra installationen ska du ansluta skrivaren till datorn med en USB-kabel.</USB_FINAL_TEXT>
  <ERROR_TITLE>Installationsfel</ERROR_TITLE>
  <ERROR_TEXT>Ett fel uppstod under installationen. Installationen avbryts. Försök att installera igen.</ERROR_TEXT>
  <PERMISSION_ERROR_TITLE>Åtkomst nekad</PERMISSION_ERROR_TITLE>
  <PERMISSION_ERROR_TEXT>Du har inte behörighet att köra installationsprogrammet. Kontakta systemadministratören.</PERMISSION_ERROR_TEXT>
  <DISK_FULL_ERROR_TITLE>Diskutrymmet räcker inte</DISK_FULL_ERROR_TITLE>
  <DISK_FULL_ERROR_TEXT>Frigör utrymme eller pröva en annan enhet.</DISK_FULL_ERROR_TEXT>
  <INSTALL_ALREADY_RUNNING_TITLE>Installationsfel</INSTALL_ALREADY_RUNNING_TITLE>
  <INSTALL_ALREADY_RUNNING_TEXT>Ett annat program installeras nu av Windows Installer. Vänta tills det är klart innan du kör installationsprogrammet igen.</INSTALL_ALREADY_RUNNING_TEXT>
  <MULTIINSTANCE_ERROR_TITLE>Flera instansfel</MULTIINSTANCE_ERROR_TITLE>
  <MULTIINSTANCE_ERROR_TEXT>Du har en annan instans av detta program öppen. Denna instans kommer att stängas.</MULTIINSTANCE_ERROR_TEXT>
  <LICENSE_AGREEMENT>Licensavtal</LICENSE_AGREEMENT>
  <LICENSE_SCROLL_TEXT>Läs igenom följande licensavtal. Du måste godkänna avtalet om du vill installera programmet.</LICENSE_SCROLL_TEXT>
  <SELECT_PORT_TITLE>&amp;Välj porttyp</SELECT_PORT_TITLE>
  <BASIC_TEXT>O&amp;rdinarie</BASIC_TEXT>
  <DISCOVERED_PORTS>Upptäckta portar på datorn</DISCOVERED_PORTS>
  <IP_PORT>IP-standardport</IP_PORT>	
  <UNC_PORT>UNC-port</UNC_PORT>
  <PRINT_DRIVER_TEXT>Typ av s&amp;krivardrivrutin</PRINT_DRIVER_TEXT>
  <PORT_NAME_TEXT>Portnamn</PORT_NAME_TEXT>
  <IP_ADDRESS_TEXT>IP-adress eller värdnamn</IP_ADDRESS_TEXT>
  <NETWORK_PATH_TEXT>Nätverkssökväg</NETWORK_PATH_TEXT>
  <GEN_ERROR_TITLE>Fel</GEN_ERROR_TITLE>
  <DUP_PORT_TEXT>Portnamn finns redan.</DUP_PORT_TEXT>
  <INVALID_NET_PATH_TEXT>Nätverkssökvägen är ogiltig.</INVALID_NET_PATH_TEXT>
  <PORT_TYPE_TEXT>Porttyp</PORT_TYPE_TEXT>
  <FILES_IN_USE_HEADER>Filer används</FILES_IN_USE_HEADER>
  <RM_FILE_IN_USE_TEXT>Följande program använder filer som installationsprogrammet behöver uppdatera.</RM_FILE_IN_USE_TEXT>
  <FILE_IN_USE_TEXT>Följande program använder filer som installationsprogrammet behöver uppdatera. Avsluta programmet och klicka sedan på Försök igen för att gå vidare med installationen eller på Avbryt för att avsluta installationen.</FILE_IN_USE_TEXT>
  <AUTO_RESTART_TEXT>&amp;Avsluta det aktuella programmet automatiskt och försök att installera igen.</AUTO_RESTART_TEXT>
  <DO_NOT_CLOSE_TEXT>&amp;Hoppa över installationen av det aktuella programmet och fortsätt med inställningar.</DO_NOT_CLOSE_TEXT>
  <APPLICATION>Program </APPLICATION>
  <IGNORE_BUTTON>Ignorera</IGNORE_BUTTON>
  <RETRY_BUTTON>Försök igen</RETRY_BUTTON>
  <COMPLETED_TEXT>Slutfört</COMPLETED_TEXT>
  <CANCELED_TEXT>Avbrutet</CANCELED_TEXT>
  <UPDATED_TEXT>Uppdaterat</UPDATED_TEXT>
  <FAILED_TEXT>Misslyckad</FAILED_TEXT>
  <ERROR_LINK>&amp;Visa felrapport</ERROR_LINK> 
  <PREPARE_INSTALL_TEXT>Förbereder installation</PREPARE_INSTALL_TEXT>
  <SOFTWARE_PATH_TEXT>Välj ett alternativ nedan</SOFTWARE_PATH_TEXT>
  <ADD_ADDITIONAL_PRINTER_TEXT>Lägg till en skrivare</ADD_ADDITIONAL_PRINTER_TEXT>
  <VIEW_SOFTWARE_OPTIONS_TEXT>Visa programalternativ</VIEW_SOFTWARE_OPTIONS_TEXT>
  <CONFIG_SETTINGS_TEXT>Konfigurationsinställningar</CONFIG_SETTINGS_TEXT>
  <CONFIG_SETTINGS_BUTTON>Konfigura&amp;tion...</CONFIG_SETTINGS_BUTTON>
  <CONFIG_APPLY_FUTURE_TEXT>&amp;Tillämpa på alla framtida installationer</CONFIG_APPLY_FUTURE_TEXT>
  <LOAD_FILE>&amp;Ladda fil</LOAD_FILE>
  <NEW_FILE>&amp;Ny</NEW_FILE>
  <RESET_TEXT>&amp;Återställ till standard</RESET_TEXT>
  <INVALID_PATH_TEXT>Filnamnet eller sökvägen är ogiltig</INVALID_PATH_TEXT>
  <REGISTRATION_LINK>&amp;Registrera produkt</REGISTRATION_LINK>
  <DOTNET>.NET Framework</DOTNET>
  <REQUIRED_DEPENDENCY>Ett beroende som krävs är inte installerat eller gick inte att installera.</REQUIRED_DEPENDENCY> 
  <SW_BYPASS_TITLE>Programmet är redan installerat</SW_BYPASS_TITLE>
  <SW_BYPASS_TEXT>Installationsprogrammet har upptäckt att den här programvaran kanske redan finns installerad. Välj ett alternativ nedan för att gå vidare.</SW_BYPASS_TEXT>
  <SW_BYPASS_REINSTALL>&amp;Installera om drivrutinen eller lägg till ytterligare drivrutiner</SW_BYPASS_REINSTALL>
  <SW_BYPASS_OPTIONAL>&amp;Gå vidare till installation av ytterligare programvara</SW_BYPASS_OPTIONAL>
  <OPTIONAL_SOFTWARE_TITLE>Ytterligare programvara</OPTIONAL_SOFTWARE_TITLE>
  <APPS_ONLY_SOFTWARE_TITLE>Tillgänglig programvara</APPS_ONLY_SOFTWARE_TITLE>  
  <SELECT_APPS_ONLY_SOFTWARE_TEXT>&amp;Välj programvara att installera</SELECT_APPS_ONLY_SOFTWARE_TEXT>
  <SELECT_SOFTWARE_TEXT>&amp;Välj ytterligare programvara att installera.</SELECT_SOFTWARE_TEXT>
  <PRODUCT_NAME_COLUMN_HEADER>Programnamn</PRODUCT_NAME_COLUMN_HEADER>
  <VERSION_COLUMN_HEADER>Version</VERSION_COLUMN_HEADER>
  <SIZE_COLUMN_HEADER>Storlek</SIZE_COLUMN_HEADER>
  <SOFTWARE_DESCRIPTION_TITLE>&amp;Programvarubeskrivning</SOFTWARE_DESCRIPTION_TITLE>
  <NEWER_VERSION_INSTALLED_TEXT>En senare eller samma version av programmet är redan installerad.</NEWER_VERSION_INSTALLED_TEXT>
  <CONTINUE_FINAL_TEXT>Om du vill välja ytterligare programvarukomponenter klickar du på Fortsätt, om du vill avsluta installationsprogrammet klickar du på Slutför.</CONTINUE_FINAL_TEXT>
  <CONTINUE_BUTTON>&amp;Fortsätt</CONTINUE_BUTTON>
  <ALREADY_INSTALLED_TEXT>Redan installerad</ALREADY_INSTALLED_TEXT>
  <LBL_ADDITIONAL_SOFTWARE>&amp;Installera ytterligare programvara</LBL_ADDITIONAL_SOFTWARE>
  <LBL_LOCALIZED_AND>och</LBL_LOCALIZED_AND>
  <OPTIONAL_DISCOVERY_TITLE>Välj enhet</OPTIONAL_DISCOVERY_TITLE>
  <EMPTY_DRIVERCONFIG_PATH>Fältet för sökväg får inte vara tomt.</EMPTY_DRIVERCONFIG_PATH>
  <DEPENDENTAPPS_DESCRIPTION>{1} innehåller följande komponent(er) för fullständig funktionalitet:</DEPENDENTAPPS_DESCRIPTION>
  <NOT_SUPPORTED_TEXT>Kan inte användas</NOT_SUPPORTED_TEXT>
  <NOT_SUPPORTED_MESSAGE_TEXT>Skanningsdrivrutinerna stöds inte i äldre versioner av Windows.</NOT_SUPPORTED_MESSAGE_TEXT>
</STRINGS>
</STRING_TABLE>