﻿<?xml version="1.0" encoding="UTF-8"?>

<STRING_TABLE>
<ISO_LANGUAGE_ID>tr</ISO_LANGUAGE_ID>
<READING_ORDER>LTR</READING_ORDER>
<CODE_PAGE>1254</CODE_PAGE>
<LANGUAGE_ID>1055</LANGUAGE_ID>
<STRINGS>
  <CANCEL_BUTTON>İ&amp;ptal</CANCEL_BUTTON>
  <OK_BUTTON>&amp;Tamam</OK_BUTTON>
  <INSTALL_BUTTON>&amp;Yükle</INSTALL_BUTTON>
  <NEXT_BUTTON>İ&amp;leri</NEXT_BUTTON>
  <EXIT_BUTTON>Çı&amp;kış</EXIT_BUTTON>
  <BACK_BUTTON>&amp;Geri</BACK_BUTTON>
  <HELP_BUTTON>Y&amp;ardım</HELP_BUTTON>
  <DISAGREE_BUTTON>Kabul &amp;Etmiyorum</DISAGREE_BUTTON>
  <AGREE_BUTTON>&amp;Kabul Ediyorum</AGREE_BUTTON>
  <FINISH_BUTTON>&amp;Son</FINISH_BUTTON>
  <INSTALL_TITLE>^PRODUCT_NAME^ Yükleyicisi</INSTALL_TITLE>
  <WELCOME_HEADER>^PRODUCT_NAME^ Yükleyiciye hoş geldiniz</WELCOME_HEADER>
  <WELCOME_TEXT>Devam etmek için Yükle'yi veya yükleyiciden çıkmak için İptal'i tıklatın.</WELCOME_TEXT>
  <INFOCENTER_LINK_LABEL>Ürün Bilgi Merkezi'ni Başlat</INFOCENTER_LINK_LABEL>
  <PRODUCT_REGISTRATION_LINK_LABEL>Yazıcı kaydet</PRODUCT_REGISTRATION_LINK_LABEL>
  <DISCOVERY_INFOCENTER_LINK_LABEL>{0} Bilgi Merkezi</DISCOVERY_INFOCENTER_LINK_LABEL>
  <MANUFACTURER_TEXT>Üreticinizi seçin</MANUFACTURER_TEXT>
  <MANUFACTURER_LABEL>&amp;Üretici seçin:</MANUFACTURER_LABEL>
  <INSTALL_PATH_LABEL_TEXT>Kurulum Yolu</INSTALL_PATH_LABEL_TEXT>
  <INSTALLING_TEXT>Yükleniyor</INSTALLING_TEXT>
  <OPTIONAL_SOFTWARE_CANCEL_CONFIRMATION_TEXT>Yükleyebileceğiniz veya güncelleyebileceğiniz ek yazılımınız var.
Ek yazılımı yüklemeden çıkmak istediğinizden emin misiniz?</OPTIONAL_SOFTWARE_CANCEL_CONFIRMATION_TEXT>
  <CANCELING_TEXT>İptal ediliyor</CANCELING_TEXT>
  <UNINSTALLING_TEXT>kaldırılıyor</UNINSTALLING_TEXT>
  <INSTALL_SUCCESS_HEADING_TEXT>Yükleme Başarılı</INSTALL_SUCCESS_HEADING_TEXT>
  <INSTALL_COMPLETE_TEXT>Yükleme işlemi başarıyla tamamlandı.</INSTALL_COMPLETE_TEXT>
  <DRIVER_INSTALL_COMPLETE_TEXT>Sürücü yükleme işlemi başarıyla tamamlandı.</DRIVER_INSTALL_COMPLETE_TEXT>
  <CANCEL_CONFIRMATION_TEXT>Yazılım yükleme işlemi tamamlanmadı.
Yüklemeyi iptal etmek istediğinizden emin misiniz?</CANCEL_CONFIRMATION_TEXT>
  <INSTALL_CANCELED_TEXT>Yükleme iptal edildi.</INSTALL_CANCELED_TEXT>
  <INSTALL_CANCELED_HEADING_TEXT>Yükleme İptal Edildi</INSTALL_CANCELED_HEADING_TEXT> 
  <REBOOT_HEADER_TEXT>Bilgisayarın yeniden başlatılması gerekli</REBOOT_HEADER_TEXT>
  <USB_REBOOT_TEXT>Yeniden başlatma gerekiyor. Yüklemeyi tamamlamak için, lütfen bilgisayarınızı yeniden başlattıktan sonra yazıcınızı USB kablosuyla bilgisayarınıza bağlayın.</USB_REBOOT_TEXT>
  <REBOOT_TEXT>Yüklemenin başarıyla tamamlanması için sistemi yeniden başlatmanız gerekir.</REBOOT_TEXT>
  <REBOOT_NOW_TEXT>&amp;Bilgisayarı şimdi yeniden başlat</REBOOT_NOW_TEXT>
  <REBOOT_LATER_TEXT>Bilgisayarı daha sonra &amp;manuel olarak yeniden başlat</REBOOT_LATER_TEXT>
  <SECURITY_TITLE>Güvenlik Bildirimi</SECURITY_TITLE>
  <SECURITY_TEXT>^OEM^ yazılımına erişim izni gereklidir.

Yükleme için daima ^OEM^ yazılımına erişim izni verin.</SECURITY_TEXT>
  <DISCOVERY_TITLE>Yazıcı ve Sürücü Seçimi</DISCOVERY_TITLE>
  <DISCOVERED_DEVICES_TEXT>Bilgisayarınızda bulunan bir b&amp;ağlantı noktası aracılığıyla bağlayın.</DISCOVERED_DEVICES_TEXT>
  <DISCOVERED_DEVICES_LIST>Bulunan Yazıcılar</DISCOVERED_DEVICES_LIST>
  <DISCOVERED_LIST_COLUMN_SEARCHING>Aranıyor...</DISCOVERED_LIST_COLUMN_SEARCHING>
  <NO_PRINTER_FOUND>Yazıcı Bulunamadı</NO_PRINTER_FOUND>
  <DISCOVERED_LIST_COLUMN_MODEL>Model Adı</DISCOVERED_LIST_COLUMN_MODEL>
  <DISCOVERED_LIST_COLUMN_IPADDRESS>IP Adresi</DISCOVERED_LIST_COLUMN_IPADDRESS>
  <DISCOVERED_LIST_COLUMN_PRINTERNAME>Ana Bilgisayar Adı</DISCOVERED_LIST_COLUMN_PRINTERNAME>
  <DISCOVERED_LIST_COLUMN_SCANNER>Tarayıcı</DISCOVERED_LIST_COLUMN_SCANNER>
  <DISCOVERED_LIST_COLUMN_PRINTER>Yazıcı</DISCOVERED_LIST_COLUMN_PRINTER>
  <DISCOVERED_LIST_COLUMN_MACADDRESS>Mac Address</DISCOVERED_LIST_COLUMN_MACADDRESS>
  <SHOW_DEVICE_STATUS_TEXT>Yazıcı durumunu göster</SHOW_DEVICE_STATUS_TEXT>
  <MODIFY_SEARCH_TEXT>Yazıcım lis&amp;tede yok...</MODIFY_SEARCH_TEXT>
  <PRINTER_GROUP_TEXT>Yazıcı</PRINTER_GROUP_TEXT>
  <REFRESH_TEXT>&amp;Yenile</REFRESH_TEXT>
  <ADVANCED_TEXT>&amp;Gelişmiş</ADVANCED_TEXT>
  <YES>Evet</YES>
  <COLOR>Renkli</COLOR>
  <MONO>Mono</MONO>
  <ADD_NETWORK_PRINTER>Yazıcı Bulma</ADD_NETWORK_PRINTER>
  <LOCAL_SUBNET_SEARCH>Yere&amp;l Alt Ağı Araması</LOCAL_SUBNET_SEARCH>
  <LOCAL_SUBNET_SEARCH_TOOLTIP>Aygıtları yerel ağınızda aramak için seçin.</LOCAL_SUBNET_SEARCH_TOOLTIP>
  <IP_HOSTNAME_SEARCH>Ana bilgisayar / &amp;IP Adresi Araması</IP_HOSTNAME_SEARCH>
  <IP_HOSTNAME_SEARCH_TOOLTIP>Aygıtınızın ana bilgisayar adını veya IP adresini biliyorsanız bu seçeneği belirleyin.</IP_HOSTNAME_SEARCH_TOOLTIP>
  <SUBNET_SEARCH>Alt Ağı Arama&amp;sı</SUBNET_SEARCH>
  <SUBNET_SEARCH_TOOLTIP>Aygıtları uzak bir ağ üzerinde aramak için seçin.</SUBNET_SEARCH_TOOLTIP>
  <IP_ADDRESS>IP Adresi</IP_ADDRESS>
  <SUBNET_MASK>Alt Ağ Maskesi</SUBNET_MASK>
  <MSG_HOSTNAME_LIMIT>Ana Bilgisayar Adı, 255 karakterden fazla olamaz.</MSG_HOSTNAME_LIMIT>
  <MSG_INVALID_IPHOST_NAME>Geçerli bir Ana Bilgisayar Adı veya IP Adresi değil.</MSG_INVALID_IPHOST_NAME>
  <MSG_IP_LIMIT>IP Adresi, 45 karakterden fazla olamaz.</MSG_IP_LIMIT>
  <MSG_INVALID_IP>Geçerli bir IP Adresi değil.</MSG_INVALID_IP>
  <MSG_INVALID_SUBNET>Geçerli bir Alt Ağ Adresi değil.</MSG_INVALID_SUBNET>
  <MSG_SUBNET_LIMIT>Alt ağ maskesi, 45 karakterden fazla olamaz.</MSG_SUBNET_LIMIT>
  <CONNECT_WITH_USB_TEXT>Bir USB ka&amp;blosu ile bağlayın.</CONNECT_WITH_USB_TEXT>
  <CONNECT_WITH_TRAVELPRINT_TEXT>Travel Print a&amp;racılığıyla bağlayın.</CONNECT_WITH_TRAVELPRINT_TEXT>
  <USB_FINAL_TEXT>Yazılım başarılı bir şekilde yüklendi. Yükleme işlemini tamamlamak için, yazıcınızı bilgisayara USB kablosuyla bağlamanız gerekir.</USB_FINAL_TEXT>
  <ERROR_TITLE>Yükleme Hatası</ERROR_TITLE>
  <ERROR_TEXT>Yükleme sırasında bir hata oluştu. Yükleme iptal edilecek. Lütfen yeniden yüklemeyi deneyin.</ERROR_TEXT>
  <PERMISSION_ERROR_TITLE>Erişim Reddedildi</PERMISSION_ERROR_TITLE>
  <PERMISSION_ERROR_TEXT>Yükleme yazılımını yürütmek için gereken izinlere sahip değilsiniz. Lütfen sistem yöneticinize başvurun.</PERMISSION_ERROR_TEXT>
  <DISK_FULL_ERROR_TITLE>Disk dışı alan</DISK_FULL_ERROR_TITLE>
  <DISK_FULL_ERROR_TEXT>Lütfen alanı boşaltın veya başka bir sürücü deneyin.</DISK_FULL_ERROR_TEXT>
  <INSTALL_ALREADY_RUNNING_TITLE>Yükleme Hatası</INSTALL_ALREADY_RUNNING_TITLE>
  <INSTALL_ALREADY_RUNNING_TEXT>Windows Yükleyici, başka bir uygulamayı yüklüyor. Lütfen yükleyiciyi yeniden çalıştırmadan önce o yüklemenin bitmesini bekleyin.</INSTALL_ALREADY_RUNNING_TEXT>
  <MULTIINSTANCE_ERROR_TITLE>Birden Fazla Örnek Hatası</MULTIINSTANCE_ERROR_TITLE>
  <MULTIINSTANCE_ERROR_TEXT>Bu uygulamanın bir diğer örneği açık durumda. Bu örnek kapatılacak.</MULTIINSTANCE_ERROR_TEXT>
  <LICENSE_AGREEMENT>Lisans Sözleşmesi</LICENSE_AGREEMENT>
  <LICENSE_SCROLL_TEXT>Lütfen aşağıdaki Lisans Sözleşmesi'ni okuyun. Yazılımı yüklemeye devam edebilmeniz için, sözleşmeyi kabul etmeniz gerekir.</LICENSE_SCROLL_TEXT>
  <SELECT_PORT_TITLE>&amp;Bağlantı noktası türünü seçin</SELECT_PORT_TITLE>
  <BASIC_TEXT>&amp;Temel</BASIC_TEXT>
  <DISCOVERED_PORTS>Bilgisayarınızda Bulunan Bağlantı Noktaları</DISCOVERED_PORTS>
  <IP_PORT>Standart IP Bağlantı Noktası</IP_PORT>	
  <UNC_PORT>UNC Bağlantı Noktası</UNC_PORT>
  <PRINT_DRIVER_TEXT>Yazdır&amp;ma Sürücüsü Türü</PRINT_DRIVER_TEXT>
  <PORT_NAME_TEXT>Bağlantı Noktası Adı</PORT_NAME_TEXT>
  <IP_ADDRESS_TEXT>IP Adresi veya Ana Bilgisayar Adı</IP_ADDRESS_TEXT>
  <NETWORK_PATH_TEXT>Ağ Yolu</NETWORK_PATH_TEXT>
  <GEN_ERROR_TITLE>Hata</GEN_ERROR_TITLE>
  <DUP_PORT_TEXT>Bağlantı noktası adı zaten var.</DUP_PORT_TEXT>
  <INVALID_NET_PATH_TEXT>Ağ Yolu geçerli değil.</INVALID_NET_PATH_TEXT>
  <PORT_TYPE_TEXT>Bağlantı Noktası Türü</PORT_TYPE_TEXT>
  <FILES_IN_USE_HEADER>Kullanımdaki Dosyalar</FILES_IN_USE_HEADER>
  <RM_FILE_IN_USE_TEXT>Aşağıdaki uygulama, bu kurulumla güncellenmesi gereken dosyalar kullanıyor.</RM_FILE_IN_USE_TEXT>
  <FILE_IN_USE_TEXT>Aşağıdaki uygulama, bu kurulumla güncellenmesi gereken dosyalar kullanıyor. Uygulamayı kapatın ve ardından yüklemeye devam etmek için Yeniden Dene'yi veya yüklemeden çıkmak için İptal'i tıklatın.</FILE_IN_USE_TEXT>
  <AUTO_RESTART_TEXT>Geçerli uygulamayı &amp;otomatik olarak kapatın ve yeniden yüklemeyi deneyin.</AUTO_RESTART_TEXT>
  <DO_NOT_CLOSE_TEXT>Geçerli uygulamanın yüklenmesini &amp;atlayın ve Kurulum ile devam edin.</DO_NOT_CLOSE_TEXT>
  <APPLICATION>Uygulama </APPLICATION>
  <IGNORE_BUTTON>Yoksay</IGNORE_BUTTON>
  <RETRY_BUTTON>Yeniden dene</RETRY_BUTTON>
  <COMPLETED_TEXT>Tamamlandı</COMPLETED_TEXT>
  <CANCELED_TEXT>İptal Edildi</CANCELED_TEXT>
  <UPDATED_TEXT>Güncellendi</UPDATED_TEXT>
  <FAILED_TEXT>Başarısız</FAILED_TEXT>
  <ERROR_LINK>&amp;Hata Raporu Görüntüle</ERROR_LINK> 
  <PREPARE_INSTALL_TEXT>Yüklemeye hazırlanıyor</PREPARE_INSTALL_TEXT>
  <SOFTWARE_PATH_TEXT>Aşağıdan bir seçenek seçin</SOFTWARE_PATH_TEXT>
  <ADD_ADDITIONAL_PRINTER_TEXT>Ek Yazıcı Ekle</ADD_ADDITIONAL_PRINTER_TEXT>
  <VIEW_SOFTWARE_OPTIONS_TEXT>Yazılım Seçeneklerini Görüntüle</VIEW_SOFTWARE_OPTIONS_TEXT>
  <CONFIG_SETTINGS_TEXT>Yapılandırma Ayarları</CONFIG_SETTINGS_TEXT>
  <CONFIG_SETTINGS_BUTTON>&amp;Yapılandırma...</CONFIG_SETTINGS_BUTTON>
  <CONFIG_APPLY_FUTURE_TEXT>&amp;Sonraki tüm yüklemelere uygula</CONFIG_APPLY_FUTURE_TEXT>
  <LOAD_FILE>&amp;Dosya Yükle</LOAD_FILE>
  <NEW_FILE>&amp;Yeni</NEW_FILE>
  <RESET_TEXT>&amp;Varsayılana Sıfırla</RESET_TEXT>
  <INVALID_PATH_TEXT>Dosya adı veya yolu geçersiz</INVALID_PATH_TEXT>
  <REGISTRATION_LINK>&amp;Ürünü Kaydet</REGISTRATION_LINK>
  <DOTNET>.NET Framework</DOTNET>
  <REQUIRED_DEPENDENCY>Bir gereklilik yüklenmedi veya yüklenemedi.</REQUIRED_DEPENDENCY> 
  <SW_BYPASS_TITLE>Yazılım zaten yüklü</SW_BYPASS_TITLE>
  <SW_BYPASS_TEXT>Yükleyici bu yazılımın zaten yüklenmiş olabileceğini belirledi. Devam etmek için aşağıdakilerden birini seçin.</SW_BYPASS_TEXT>
  <SW_BYPASS_REINSTALL>&amp;Sürücüyü yeniden yükleyin veya ilave sürücü ekleyin</SW_BYPASS_REINSTALL>
  <SW_BYPASS_OPTIONAL>&amp;Ek yazılım yükleme işlemine geç</SW_BYPASS_OPTIONAL>
  <OPTIONAL_SOFTWARE_TITLE>Ek Yazılım</OPTIONAL_SOFTWARE_TITLE>
  <APPS_ONLY_SOFTWARE_TITLE>Mevcut Yazılım</APPS_ONLY_SOFTWARE_TITLE>  
  <SELECT_APPS_ONLY_SOFTWARE_TEXT>Kurulacak yazılımı s&amp;eçme</SELECT_APPS_ONLY_SOFTWARE_TEXT>
  <SELECT_SOFTWARE_TEXT>Yüklenecek &amp;ek yazılımları seçin</SELECT_SOFTWARE_TEXT>
  <PRODUCT_NAME_COLUMN_HEADER>Uygulama Adı</PRODUCT_NAME_COLUMN_HEADER>
  <VERSION_COLUMN_HEADER>Sürüm</VERSION_COLUMN_HEADER>
  <SIZE_COLUMN_HEADER>Boyut</SIZE_COLUMN_HEADER>
  <SOFTWARE_DESCRIPTION_TITLE>Yazılım açıkla&amp;ması</SOFTWARE_DESCRIPTION_TITLE>
  <NEWER_VERSION_INSTALLED_TEXT>Uygulamanın daha yeni veya aynı sürümü zaten yüklü.</NEWER_VERSION_INSTALLED_TEXT>
  <CONTINUE_FINAL_TEXT>Ek Yazılım bileşenleri seçmek için Devam düğmesine tıklayın ya da yükleyiciden çıkmak için Bitir öğesine tıklayın.</CONTINUE_FINAL_TEXT>
  <CONTINUE_BUTTON>&amp;Devam</CONTINUE_BUTTON>
  <ALREADY_INSTALLED_TEXT>Zaten yüklü durumda</ALREADY_INSTALLED_TEXT>
  <LBL_ADDITIONAL_SOFTWARE>Ek Yaz&amp;ılım Yükle</LBL_ADDITIONAL_SOFTWARE>
  <LBL_LOCALIZED_AND>ve</LBL_LOCALIZED_AND>
  <OPTIONAL_DISCOVERY_TITLE>Aygıtınızı seçin</OPTIONAL_DISCOVERY_TITLE>
  <EMPTY_DRIVERCONFIG_PATH>Yol boş olamaz.</EMPTY_DRIVERCONFIG_PATH>
  <DEPENDENTAPPS_DESCRIPTION>{1}, tam işlevsellik için aşağıdaki bileşenleri içerir:</DEPENDENTAPPS_DESCRIPTION>
  <NOT_SUPPORTED_TEXT>Desteklenmez</NOT_SUPPORTED_TEXT>
  <NOT_SUPPORTED_MESSAGE_TEXT>Tarama sürücüleri, Windows'un eski sürümlerinde desteklenmez.</NOT_SUPPORTED_MESSAGE_TEXT>
</STRINGS>
</STRING_TABLE>