﻿<?xml version="1.0" encoding="UTF-8"?>

<STRING_TABLE>
<ISO_LANGUAGE_ID>zh_cn</ISO_LANGUAGE_ID>
<READING_ORDER>LTR</READING_ORDER>
<CODE_PAGE>936</CODE_PAGE>
<LANGUAGE_ID>2052</LANGUAGE_ID>
<STRINGS>
  <CANCEL_BUTTON>取消(&amp;C)</CANCEL_BUTTON>
  <OK_BUTTON>确定(&amp;O)</OK_BUTTON>
  <INSTALL_BUTTON>安装</INSTALL_BUTTON>
  <NEXT_BUTTON>下一步</NEXT_BUTTON>
  <EXIT_BUTTON>退出</EXIT_BUTTON>
  <BACK_BUTTON>返回</BACK_BUTTON>
  <HELP_BUTTON>帮助</HELP_BUTTON>
  <DISAGREE_BUTTON>拒绝</DISAGREE_BUTTON>
  <AGREE_BUTTON>接受</AGREE_BUTTON>
  <FINISH_BUTTON>完成(&amp;F)</FINISH_BUTTON>
  <INSTALL_TITLE>^PRODUCT_NAME^ 安装程序</INSTALL_TITLE>
  <WELCOME_HEADER>欢迎使用 ^PRODUCT_NAME^ 安装程序</WELCOME_HEADER>
  <WELCOME_TEXT>单击“安装”以继续或单击“取消”退出安装程序。</WELCOME_TEXT>
  <INFOCENTER_LINK_LABEL>启动产品信息中心</INFOCENTER_LINK_LABEL>
  <PRODUCT_REGISTRATION_LINK_LABEL>注册打印机</PRODUCT_REGISTRATION_LINK_LABEL>
  <DISCOVERY_INFOCENTER_LINK_LABEL>{0} 信息中心</DISCOVERY_INFOCENTER_LINK_LABEL>
  <MANUFACTURER_TEXT>选择您的制造商</MANUFACTURER_TEXT>
  <MANUFACTURER_LABEL>选择制造商：</MANUFACTURER_LABEL>
  <INSTALL_PATH_LABEL_TEXT>安装路径</INSTALL_PATH_LABEL_TEXT>
  <INSTALLING_TEXT>正在安装</INSTALLING_TEXT>
  <OPTIONAL_SOFTWARE_CANCEL_CONFIRMATION_TEXT>您有其他软件需要安装或更新。
您确认要退出而不安装其他软件吗？</OPTIONAL_SOFTWARE_CANCEL_CONFIRMATION_TEXT>
  <CANCELING_TEXT>正在取消</CANCELING_TEXT>
  <UNINSTALLING_TEXT>正在反安装</UNINSTALLING_TEXT>
  <INSTALL_SUCCESS_HEADING_TEXT>安装成功</INSTALL_SUCCESS_HEADING_TEXT>
  <INSTALL_COMPLETE_TEXT>安装已经成功完成了。</INSTALL_COMPLETE_TEXT>
  <DRIVER_INSTALL_COMPLETE_TEXT>驱动程序安装已成功完成。</DRIVER_INSTALL_COMPLETE_TEXT>
  <CANCEL_CONFIRMATION_TEXT>软件安装未完成。
您确认要取消安装吗？</CANCEL_CONFIRMATION_TEXT>
  <INSTALL_CANCELED_TEXT>安装已被取消。</INSTALL_CANCELED_TEXT>
  <INSTALL_CANCELED_HEADING_TEXT>安装被取消</INSTALL_CANCELED_HEADING_TEXT> 
  <REBOOT_HEADER_TEXT>需要重新启动</REBOOT_HEADER_TEXT>
  <USB_REBOOT_TEXT>。要完成安装，请在重新启动计算机之后使用 USB 电缆将打印机连接到计算机。</USB_REBOOT_TEXT>
  <REBOOT_TEXT>您必须重新启动系统以便安装成功完成。</REBOOT_TEXT>
  <REBOOT_NOW_TEXT>我希望立刻重新启动计算机(&amp;C)</REBOOT_NOW_TEXT>
  <REBOOT_LATER_TEXT>稍后手动重新启动计算机(&amp;M)</REBOOT_LATER_TEXT>
  <SECURITY_TITLE>安全通知</SECURITY_TITLE>
  <SECURITY_TEXT>访问 ^OEM^ 软件的权限是必需的。

总是允许访问 ^OEM^ 软件以便安装。</SECURITY_TEXT>
  <DISCOVERY_TITLE>选择打印机和驱动程序</DISCOVERY_TITLE>
  <DISCOVERED_DEVICES_TEXT>通过在您的计算机上发现的端口连接。</DISCOVERED_DEVICES_TEXT>
  <DISCOVERED_DEVICES_LIST>找到的打印机</DISCOVERED_DEVICES_LIST>
  <DISCOVERED_LIST_COLUMN_SEARCHING>正在搜索...</DISCOVERED_LIST_COLUMN_SEARCHING>
  <NO_PRINTER_FOUND>没有找到打印机</NO_PRINTER_FOUND>
  <DISCOVERED_LIST_COLUMN_MODEL>型号名称</DISCOVERED_LIST_COLUMN_MODEL>
  <DISCOVERED_LIST_COLUMN_IPADDRESS>IP 地址</DISCOVERED_LIST_COLUMN_IPADDRESS>
  <DISCOVERED_LIST_COLUMN_PRINTERNAME>主机名</DISCOVERED_LIST_COLUMN_PRINTERNAME>
  <DISCOVERED_LIST_COLUMN_SCANNER>扫描仪</DISCOVERED_LIST_COLUMN_SCANNER>
  <DISCOVERED_LIST_COLUMN_PRINTER>打印机</DISCOVERED_LIST_COLUMN_PRINTER>
  <DISCOVERED_LIST_COLUMN_MACADDRESS>MAC 地址</DISCOVERED_LIST_COLUMN_MACADDRESS>
  <SHOW_DEVICE_STATUS_TEXT>显示打印机状态</SHOW_DEVICE_STATUS_TEXT>
  <MODIFY_SEARCH_TEXT>我的打印机没有被列出...(&amp;M)</MODIFY_SEARCH_TEXT>
  <PRINTER_GROUP_TEXT>打印机</PRINTER_GROUP_TEXT>
  <REFRESH_TEXT>刷新</REFRESH_TEXT>
  <ADVANCED_TEXT>高级</ADVANCED_TEXT>
  <YES>是</YES>
  <COLOR>彩色</COLOR>
  <MONO>单色</MONO>
  <ADD_NETWORK_PRINTER>查找打印机</ADD_NETWORK_PRINTER>
  <LOCAL_SUBNET_SEARCH>本地子网搜索(&amp;L)</LOCAL_SUBNET_SEARCH>
  <LOCAL_SUBNET_SEARCH_TOOLTIP>选择在您的本地网络上搜索设备。</LOCAL_SUBNET_SEARCH_TOOLTIP>
  <IP_HOSTNAME_SEARCH>主机/ IP 地址搜索(&amp;I)</IP_HOSTNAME_SEARCH>
  <IP_HOSTNAME_SEARCH_TOOLTIP>如果您知道设备的主机名或 IP 地址，请选择此选项。</IP_HOSTNAME_SEARCH_TOOLTIP>
  <SUBNET_SEARCH>子网搜索(&amp;S)</SUBNET_SEARCH>
  <SUBNET_SEARCH_TOOLTIP>选择在远程网络上搜索设备。</SUBNET_SEARCH_TOOLTIP>
  <IP_ADDRESS>IP 地址</IP_ADDRESS>
  <SUBNET_MASK>子网掩码</SUBNET_MASK>
  <MSG_HOSTNAME_LIMIT>主机名不能多于 255 个字符。</MSG_HOSTNAME_LIMIT>
  <MSG_INVALID_IPHOST_NAME>不是有效的主机名或 IP 地址。</MSG_INVALID_IPHOST_NAME>
  <MSG_IP_LIMIT>IP 地址不能多于 45 个字符。</MSG_IP_LIMIT>
  <MSG_INVALID_IP>不是有效的 IP 地址。</MSG_INVALID_IP>
  <MSG_INVALID_SUBNET>不是有效的子网地址。</MSG_INVALID_SUBNET>
  <MSG_SUBNET_LIMIT>子网掩码不能多于 45 个字符。</MSG_SUBNET_LIMIT>
  <CONNECT_WITH_USB_TEXT>使用 USB 电缆连接。</CONNECT_WITH_USB_TEXT>
  <CONNECT_WITH_TRAVELPRINT_TEXT>通过“移动打印”进行连接。</CONNECT_WITH_TRAVELPRINT_TEXT>
  <USB_FINAL_TEXT>软件已被成功安装。要完成安装，请使用 USB 电缆将打印机连接到计算机。</USB_FINAL_TEXT>
  <ERROR_TITLE>安装错误</ERROR_TITLE>
  <ERROR_TEXT>安装时存在错误。安装将被取消。请尝试再次安装。</ERROR_TEXT>
  <PERMISSION_ERROR_TITLE>访问被拒绝</PERMISSION_ERROR_TITLE>
  <PERMISSION_ERROR_TEXT>您没有运行安装软件所必需的权限。请与您的系统管理员联系。</PERMISSION_ERROR_TEXT>
  <DISK_FULL_ERROR_TITLE>磁盘空间不足</DISK_FULL_ERROR_TITLE>
  <DISK_FULL_ERROR_TEXT>请释放空间或尝试其他驱动器。</DISK_FULL_ERROR_TEXT>
  <INSTALL_ALREADY_RUNNING_TITLE>安装错误</INSTALL_ALREADY_RUNNING_TITLE>
  <INSTALL_ALREADY_RUNNING_TEXT>Windows Installer 正忙于安装其他应用程序。再次运行安装程序之前，请等待该安装完成。</INSTALL_ALREADY_RUNNING_TEXT>
  <MULTIINSTANCE_ERROR_TITLE>多进程错误</MULTIINSTANCE_ERROR_TITLE>
  <MULTIINSTANCE_ERROR_TEXT>您已经打开了此应用程序的另一个实例。此实例将被关闭。</MULTIINSTANCE_ERROR_TEXT>
  <LICENSE_AGREEMENT>许可协议</LICENSE_AGREEMENT>
  <LICENSE_SCROLL_TEXT>请阅读下面的许可协议。要继续安装软件，您必须接受此协议。</LICENSE_SCROLL_TEXT>
  <SELECT_PORT_TITLE>选择端口类型</SELECT_PORT_TITLE>
  <BASIC_TEXT>基本(&amp;A)</BASIC_TEXT>
  <DISCOVERED_PORTS>计算机上已发现的端口</DISCOVERED_PORTS>
  <IP_PORT>标准IP端口</IP_PORT>	
  <UNC_PORT>UNC端口</UNC_PORT>
  <PRINT_DRIVER_TEXT>打印驱动程序类型</PRINT_DRIVER_TEXT>
  <PORT_NAME_TEXT>端口名称</PORT_NAME_TEXT>
  <IP_ADDRESS_TEXT>IP 地址或主机名</IP_ADDRESS_TEXT>
  <NETWORK_PATH_TEXT>网络路径</NETWORK_PATH_TEXT>
  <GEN_ERROR_TITLE>错误</GEN_ERROR_TITLE>
  <DUP_PORT_TEXT>端口名已经存在。</DUP_PORT_TEXT>
  <INVALID_NET_PATH_TEXT>网络路径是无效的。</INVALID_NET_PATH_TEXT>
  <PORT_TYPE_TEXT>端口类型</PORT_TYPE_TEXT>
  <FILES_IN_USE_HEADER>文件正在使用中</FILES_IN_USE_HEADER>
  <RM_FILE_IN_USE_TEXT>下面的应用程序正在使用需要由此设置更新的文件。</RM_FILE_IN_USE_TEXT>
  <FILE_IN_USE_TEXT>下面的应用程序正在使用需要由此设置更新的文件。关闭应用程序，然后单击“重试”以继续安装或单击“取消”退出安装。</FILE_IN_USE_TEXT>
  <AUTO_RESTART_TEXT>自动关闭当前的应用程序并尝试重新安装。(&amp;A)</AUTO_RESTART_TEXT>
  <DO_NOT_CLOSE_TEXT>跳过当前应用程序的安装并继续进行设置。(&amp;S)</DO_NOT_CLOSE_TEXT>
  <APPLICATION>应用程序 </APPLICATION>
  <IGNORE_BUTTON>忽略</IGNORE_BUTTON>
  <RETRY_BUTTON>重试</RETRY_BUTTON>
  <COMPLETED_TEXT>已完成</COMPLETED_TEXT>
  <CANCELED_TEXT>已取消</CANCELED_TEXT>
  <UPDATED_TEXT>已更新</UPDATED_TEXT>
  <FAILED_TEXT>失败</FAILED_TEXT>
  <ERROR_LINK>查看错误报告</ERROR_LINK> 
  <PREPARE_INSTALL_TEXT>正在准备安装</PREPARE_INSTALL_TEXT>
  <SOFTWARE_PATH_TEXT>选择下面的选项</SOFTWARE_PATH_TEXT>
  <ADD_ADDITIONAL_PRINTER_TEXT>添加其他打印机</ADD_ADDITIONAL_PRINTER_TEXT>
  <VIEW_SOFTWARE_OPTIONS_TEXT>查看软件选项</VIEW_SOFTWARE_OPTIONS_TEXT>
  <CONFIG_SETTINGS_TEXT>配置设置</CONFIG_SETTINGS_TEXT>
  <CONFIG_SETTINGS_BUTTON>配置...</CONFIG_SETTINGS_BUTTON>
  <CONFIG_APPLY_FUTURE_TEXT>应用到全部以后的安装中</CONFIG_APPLY_FUTURE_TEXT>
  <LOAD_FILE>加载文件</LOAD_FILE>
  <NEW_FILE>新建</NEW_FILE>
  <RESET_TEXT>重置为默认值</RESET_TEXT>
  <INVALID_PATH_TEXT>文件名或路径是无效的</INVALID_PATH_TEXT>
  <REGISTRATION_LINK>注册产品</REGISTRATION_LINK>
  <DOTNET>.NET Framework</DOTNET>
  <REQUIRED_DEPENDENCY>必需的附属物未安装或安装失败。</REQUIRED_DEPENDENCY> 
  <SW_BYPASS_TITLE>软件已经安装</SW_BYPASS_TITLE>
  <SW_BYPASS_TEXT>安装程序检测到此软件可能已经安装。选择下面的选项以继续。</SW_BYPASS_TEXT>
  <SW_BYPASS_REINSTALL>重新安装驱动程序或添加其他驱动程序</SW_BYPASS_REINSTALL>
  <SW_BYPASS_OPTIONAL>跳到其他软件安装</SW_BYPASS_OPTIONAL>
  <OPTIONAL_SOFTWARE_TITLE>其他软件</OPTIONAL_SOFTWARE_TITLE>
  <APPS_ONLY_SOFTWARE_TITLE>可用软件</APPS_ONLY_SOFTWARE_TITLE>  
  <SELECT_APPS_ONLY_SOFTWARE_TEXT>选择要安装的软件</SELECT_APPS_ONLY_SOFTWARE_TEXT>
  <SELECT_SOFTWARE_TEXT>选择要安装的其他软件</SELECT_SOFTWARE_TEXT>
  <PRODUCT_NAME_COLUMN_HEADER>应用程序名称</PRODUCT_NAME_COLUMN_HEADER>
  <VERSION_COLUMN_HEADER>版本</VERSION_COLUMN_HEADER>
  <SIZE_COLUMN_HEADER>尺寸</SIZE_COLUMN_HEADER>
  <SOFTWARE_DESCRIPTION_TITLE>软件描述</SOFTWARE_DESCRIPTION_TITLE>
  <NEWER_VERSION_INSTALLED_TEXT>已经安装了较新或相同版本的应用程序。</NEWER_VERSION_INSTALLED_TEXT>
  <CONTINUE_FINAL_TEXT>单击“继续”按钮来选择“其他软件”组件或者单击“完成”来退出安装程序。</CONTINUE_FINAL_TEXT>
  <CONTINUE_BUTTON>继续</CONTINUE_BUTTON>
  <ALREADY_INSTALLED_TEXT>已经安装</ALREADY_INSTALLED_TEXT>
  <LBL_ADDITIONAL_SOFTWARE>安装其他的软件</LBL_ADDITIONAL_SOFTWARE>
  <LBL_LOCALIZED_AND>和</LBL_LOCALIZED_AND>
  <OPTIONAL_DISCOVERY_TITLE>选择您的设备</OPTIONAL_DISCOVERY_TITLE>
  <EMPTY_DRIVERCONFIG_PATH>路径不能为空。</EMPTY_DRIVERCONFIG_PATH>
  <DEPENDENTAPPS_DESCRIPTION>{1} 包括下列组件以实现全部功能：</DEPENDENTAPPS_DESCRIPTION>
  <NOT_SUPPORTED_TEXT>不支持</NOT_SUPPORTED_TEXT>
  <NOT_SUPPORTED_MESSAGE_TEXT>旧版本的 Windows 不支持扫描驱动程序。</NOT_SUPPORTED_MESSAGE_TEXT>
</STRINGS>
</STRING_TABLE>