﻿<?xml version="1.0" encoding="UTF-8"?>
<STRING_TABLE>
<ISO_LANGUAGE_ID>zh_tw</ISO_LANGUAGE_ID>
<READING_ORDER>LTR</READING_ORDER>
<CODE_PAGE>950</CODE_PAGE>
<LANGUAGE_ID>1028</LANGUAGE_ID>
<STRINGS>
  <CANCEL_BUTTON>取消(&amp;C)</CANCEL_BUTTON>
  <OK_BUTTON>確定(&amp;O)</OK_BUTTON>
  <INSTALL_BUTTON>安裝</INSTALL_BUTTON>
  <NEXT_BUTTON>下一步</NEXT_BUTTON>
  <EXIT_BUTTON>結束</EXIT_BUTTON>
  <BACK_BUTTON>上一步</BACK_BUTTON>
  <HELP_BUTTON>說明</HELP_BUTTON>
  <DISAGREE_BUTTON>不同意</DISAGREE_BUTTON>
  <AGREE_BUTTON>接受</AGREE_BUTTON>
  <FINISH_BUTTON>結束(&amp;F)</FINISH_BUTTON>
  <INSTALL_TITLE>^PRODUCT_NAME^ 安裝程式</INSTALL_TITLE>
  <WELCOME_HEADER>歡迎使用 ^PRODUCT_NAME^ 安裝程式</WELCOME_HEADER>
  <WELCOME_TEXT>按一下「安裝」以繼續作業，或按「取消」以結束安裝程式。</WELCOME_TEXT>
  <INFOCENTER_LINK_LABEL>啟動產品資訊中心</INFOCENTER_LINK_LABEL>
  <PRODUCT_REGISTRATION_LINK_LABEL>註冊一台印表機</PRODUCT_REGISTRATION_LINK_LABEL>
  <DISCOVERY_INFOCENTER_LINK_LABEL>{0} 資訊中心</DISCOVERY_INFOCENTER_LINK_LABEL>
  <MANUFACTURER_TEXT>選擇您的製造商</MANUFACTURER_TEXT>
  <MANUFACTURER_LABEL>選取製造商：</MANUFACTURER_LABEL>
  <INSTALL_PATH_LABEL_TEXT>安裝路徑</INSTALL_PATH_LABEL_TEXT>
  <INSTALLING_TEXT>安裝中</INSTALLING_TEXT>
  <OPTIONAL_SOFTWARE_CANCEL_CONFIRMATION_TEXT>您有其他軟體要安裝或更新。
您確定要結束並且不安裝其他軟體嗎？</OPTIONAL_SOFTWARE_CANCEL_CONFIRMATION_TEXT>
  <CANCELING_TEXT>取消中</CANCELING_TEXT>
  <UNINSTALLING_TEXT>正在解除安裝</UNINSTALLING_TEXT>
  <INSTALL_SUCCESS_HEADING_TEXT>安裝成功</INSTALL_SUCCESS_HEADING_TEXT>
  <INSTALL_COMPLETE_TEXT>已順利完成安裝。</INSTALL_COMPLETE_TEXT>
  <DRIVER_INSTALL_COMPLETE_TEXT>已順利完成驅動程式安裝。</DRIVER_INSTALL_COMPLETE_TEXT>
  <CANCEL_CONFIRMATION_TEXT>軟體安裝尚未完成。
您確定要取消安裝程序嗎？</CANCEL_CONFIRMATION_TEXT>
  <INSTALL_CANCELED_TEXT>安裝已取消。</INSTALL_CANCELED_TEXT>
  <INSTALL_CANCELED_HEADING_TEXT>安裝已取消</INSTALL_CANCELED_HEADING_TEXT> 
  <REBOOT_HEADER_TEXT>需要重新開機</REBOOT_HEADER_TEXT>
  <USB_REBOOT_TEXT>需要重新開機。若要完成安裝程序，請在重新啟動電腦後，將印表機連接至附 USB 電纜的電腦。</USB_REBOOT_TEXT>
  <REBOOT_TEXT>您必須重新啟動系統，以便成功完成安裝程序。</REBOOT_TEXT>
  <REBOOT_NOW_TEXT>立即重新開機，以繼續執行作業(&amp;C)</REBOOT_NOW_TEXT>
  <REBOOT_LATER_TEXT>稍後手動重新啟動電腦(&amp;M)</REBOOT_LATER_TEXT>
  <SECURITY_TITLE>安全性通知</SECURITY_TITLE>
  <SECURITY_TEXT>需要 ^OEM^ 軟體存取權。

一律允許存取 ^OEM^ 軟體以進行安裝。</SECURITY_TEXT>
  <DISCOVERY_TITLE>選取印表機和驅動程式</DISCOVERY_TITLE>
  <DISCOVERED_DEVICES_TEXT>透過您電腦上找到的連接埠進行連接。</DISCOVERED_DEVICES_TEXT>
  <DISCOVERED_DEVICES_LIST>找到的印表機</DISCOVERED_DEVICES_LIST>
  <DISCOVERED_LIST_COLUMN_SEARCHING>搜尋中...</DISCOVERED_LIST_COLUMN_SEARCHING>
  <NO_PRINTER_FOUND>找不到印表機</NO_PRINTER_FOUND>
  <DISCOVERED_LIST_COLUMN_MODEL>型號名稱</DISCOVERED_LIST_COLUMN_MODEL>
  <DISCOVERED_LIST_COLUMN_IPADDRESS>IP 位址</DISCOVERED_LIST_COLUMN_IPADDRESS>
  <DISCOVERED_LIST_COLUMN_PRINTERNAME>主電腦名稱</DISCOVERED_LIST_COLUMN_PRINTERNAME>
  <DISCOVERED_LIST_COLUMN_SCANNER>掃描器</DISCOVERED_LIST_COLUMN_SCANNER>
  <DISCOVERED_LIST_COLUMN_PRINTER>印表機</DISCOVERED_LIST_COLUMN_PRINTER>
  <DISCOVERED_LIST_COLUMN_MACADDRESS>MAC 位址</DISCOVERED_LIST_COLUMN_MACADDRESS>
  <SHOW_DEVICE_STATUS_TEXT>顯示印表機狀態</SHOW_DEVICE_STATUS_TEXT>
  <MODIFY_SEARCH_TEXT>未列出我的印表機...(&amp;M)</MODIFY_SEARCH_TEXT>
  <PRINTER_GROUP_TEXT>印表機</PRINTER_GROUP_TEXT>
  <REFRESH_TEXT>重新整理</REFRESH_TEXT>
  <ADVANCED_TEXT>進階</ADVANCED_TEXT>
  <YES>是</YES>
  <COLOR>彩色</COLOR>
  <MONO>黑白</MONO>
  <ADD_NETWORK_PRINTER>搜尋印表機</ADD_NETWORK_PRINTER>
  <LOCAL_SUBNET_SEARCH>本端子網路搜尋(&amp;L)</LOCAL_SUBNET_SEARCH>
  <LOCAL_SUBNET_SEARCH_TOOLTIP>選取此選項，可搜尋您本端網路上的裝置。</LOCAL_SUBNET_SEARCH_TOOLTIP>
  <IP_HOSTNAME_SEARCH>主電腦/IP 位址搜尋」(&amp;I)</IP_HOSTNAME_SEARCH>
  <IP_HOSTNAME_SEARCH_TOOLTIP>如果您知道您裝置的主電腦名稱或 IP 位址，請選取此選項。</IP_HOSTNAME_SEARCH_TOOLTIP>
  <SUBNET_SEARCH>子網路搜尋(&amp;S)</SUBNET_SEARCH>
  <SUBNET_SEARCH_TOOLTIP>選取此選項，可搜尋遠端網路上的裝置。</SUBNET_SEARCH_TOOLTIP>
  <IP_ADDRESS>IP 位址</IP_ADDRESS>
  <SUBNET_MASK>子網路遮罩</SUBNET_MASK>
  <MSG_HOSTNAME_LIMIT>主電腦名稱的長度不可大於 255 個字元。</MSG_HOSTNAME_LIMIT>
  <MSG_INVALID_IPHOST_NAME>不是有效的主電腦名稱或 IP 位址。</MSG_INVALID_IPHOST_NAME>
  <MSG_IP_LIMIT>IP 位址的長度不可大於 45 個字元。</MSG_IP_LIMIT>
  <MSG_INVALID_IP>不是有效的 IP 位址。</MSG_INVALID_IP>
  <MSG_INVALID_SUBNET>不是有效的子網路位址。</MSG_INVALID_SUBNET>
  <MSG_SUBNET_LIMIT>子網路遮罩的長度不可大於 45 個字元。</MSG_SUBNET_LIMIT>
  <CONNECT_WITH_USB_TEXT>利用 USB 電纜連接。</CONNECT_WITH_USB_TEXT>
  <CONNECT_WITH_TRAVELPRINT_TEXT>透過「行動列印」連接。</CONNECT_WITH_TRAVELPRINT_TEXT>
  <USB_FINAL_TEXT>已成功安裝軟體。若要完成安裝程序，請將印表機連接至附 USB 電纜的電腦。</USB_FINAL_TEXT>
  <ERROR_TITLE>安裝錯誤</ERROR_TITLE>
  <ERROR_TEXT>安裝時發生錯誤。即將取消安裝程序。請重試安裝。</ERROR_TEXT>
  <PERMISSION_ERROR_TITLE>存取遭到拒絕</PERMISSION_ERROR_TITLE>
  <PERMISSION_ERROR_TEXT>您沒有必要的權限以執行安裝軟體。請聯絡系統管理員。</PERMISSION_ERROR_TEXT>
  <DISK_FULL_ERROR_TITLE>磁碟空間不足</DISK_FULL_ERROR_TITLE>
  <DISK_FULL_ERROR_TEXT>請釋放磁碟空間，或試用其他磁碟機。</DISK_FULL_ERROR_TEXT>
  <INSTALL_ALREADY_RUNNING_TITLE>安裝錯誤</INSTALL_ALREADY_RUNNING_TITLE>
  <INSTALL_ALREADY_RUNNING_TEXT>Windows Installer 正忙於安裝其他應用程式。請等候該安裝程序結束，再重新執行安裝程式。</INSTALL_ALREADY_RUNNING_TEXT>
  <MULTIINSTANCE_ERROR_TITLE>多进程错误</MULTIINSTANCE_ERROR_TITLE>
  <MULTIINSTANCE_ERROR_TEXT>您讓此應用程式的另一實例呈開啟狀態。此實例即將關閉。</MULTIINSTANCE_ERROR_TEXT>
  <LICENSE_AGREEMENT>授權合約書條款</LICENSE_AGREEMENT>
  <LICENSE_SCROLL_TEXT>請閱讀以下的「授權合約」。若要繼續安裝軟體，您必須接受本合約。</LICENSE_SCROLL_TEXT>
  <SELECT_PORT_TITLE>選取連接埠類型</SELECT_PORT_TITLE>
  <BASIC_TEXT>基本(&amp;A)</BASIC_TEXT>
  <DISCOVERED_PORTS>在您電腦上找到的連接埠</DISCOVERED_PORTS>
  <IP_PORT>標準 IP 連接埠</IP_PORT>	
  <UNC_PORT>UNC 連接埠</UNC_PORT>
  <PRINT_DRIVER_TEXT>列印驅動程式類型</PRINT_DRIVER_TEXT>
  <PORT_NAME_TEXT>連接埠名稱</PORT_NAME_TEXT>
  <IP_ADDRESS_TEXT>IP 位址或主電腦名稱</IP_ADDRESS_TEXT>
  <NETWORK_PATH_TEXT>網路路徑</NETWORK_PATH_TEXT>
  <GEN_ERROR_TITLE>錯誤</GEN_ERROR_TITLE>
  <DUP_PORT_TEXT>連接埠名稱已存在。</DUP_PORT_TEXT>
  <INVALID_NET_PATH_TEXT>「網路路徑」無效。</INVALID_NET_PATH_TEXT>
  <PORT_TYPE_TEXT>連接埠類型</PORT_TYPE_TEXT>
  <FILES_IN_USE_HEADER>使用中的檔案</FILES_IN_USE_HEADER>
  <RM_FILE_IN_USE_TEXT>下列應用程式所使用的檔案須由此安裝程式予以更新。</RM_FILE_IN_USE_TEXT>
  <FILE_IN_USE_TEXT>下列應用程式所使用的檔案須由此安裝程式予以更新。請關閉應用程式，然後按一下「重試」以繼續安裝，或按「取消」以結束安裝程序。</FILE_IN_USE_TEXT>
  <AUTO_RESTART_TEXT>自動關閉目前的應用程式，並嘗試重新安裝。(&amp;A)</AUTO_RESTART_TEXT>
  <DO_NOT_CLOSE_TEXT>略過目前應用程式的安裝，並繼續執行「安裝程式」。(&amp;S)</DO_NOT_CLOSE_TEXT>
  <APPLICATION>應用程式 </APPLICATION>
  <IGNORE_BUTTON>忽略</IGNORE_BUTTON>
  <RETRY_BUTTON>重試</RETRY_BUTTON>
  <COMPLETED_TEXT>已完成</COMPLETED_TEXT>
  <CANCELED_TEXT>已取消</CANCELED_TEXT>
  <UPDATED_TEXT>已更新</UPDATED_TEXT>
  <FAILED_TEXT>失敗</FAILED_TEXT>
  <ERROR_LINK>檢視錯誤報告</ERROR_LINK> 
  <PREPARE_INSTALL_TEXT>正準備進行安裝</PREPARE_INSTALL_TEXT>
  <SOFTWARE_PATH_TEXT>請選擇以下選項</SOFTWARE_PATH_TEXT>
  <ADD_ADDITIONAL_PRINTER_TEXT>新增額外的印表機</ADD_ADDITIONAL_PRINTER_TEXT>
  <VIEW_SOFTWARE_OPTIONS_TEXT>檢視軟體選項</VIEW_SOFTWARE_OPTIONS_TEXT>
  <CONFIG_SETTINGS_TEXT>配置設定值</CONFIG_SETTINGS_TEXT>
  <CONFIG_SETTINGS_BUTTON>配置...</CONFIG_SETTINGS_BUTTON>
  <CONFIG_APPLY_FUTURE_TEXT>套用至未來所有的安裝作業</CONFIG_APPLY_FUTURE_TEXT>
  <LOAD_FILE>載入檔案</LOAD_FILE>
  <NEW_FILE>新建</NEW_FILE>
  <RESET_TEXT>重設為預設值</RESET_TEXT>
  <INVALID_PATH_TEXT>檔名或路徑無效</INVALID_PATH_TEXT>
  <REGISTRATION_LINK>註冊產品</REGISTRATION_LINK>
  <DOTNET>.NET Framework</DOTNET>
  <REQUIRED_DEPENDENCY>未安裝或無法安裝必要的相依條件。</REQUIRED_DEPENDENCY> 
  <SW_BYPASS_TITLE>軟體已安裝</SW_BYPASS_TITLE>
  <SW_BYPASS_TEXT>安裝程式偵測到可能已安裝此軟體。請選取以下選項，以繼續作業。</SW_BYPASS_TEXT>
  <SW_BYPASS_REINSTALL>重新安裝驅動程式或新增額外的驅動程式</SW_BYPASS_REINSTALL>
  <SW_BYPASS_OPTIONAL>跳至其他軟體安裝</SW_BYPASS_OPTIONAL>
  <OPTIONAL_SOFTWARE_TITLE>其他軟體</OPTIONAL_SOFTWARE_TITLE>
  <APPS_ONLY_SOFTWARE_TITLE>可用的軟體</APPS_ONLY_SOFTWARE_TITLE>  
  <SELECT_APPS_ONLY_SOFTWARE_TEXT>選取所要安裝的軟體</SELECT_APPS_ONLY_SOFTWARE_TEXT>
  <SELECT_SOFTWARE_TEXT>選取要安裝的其他軟體</SELECT_SOFTWARE_TEXT>
  <PRODUCT_NAME_COLUMN_HEADER>應用程式名稱</PRODUCT_NAME_COLUMN_HEADER>
  <VERSION_COLUMN_HEADER>版本</VERSION_COLUMN_HEADER>
  <SIZE_COLUMN_HEADER>尺寸</SIZE_COLUMN_HEADER>
  <SOFTWARE_DESCRIPTION_TITLE>軟體說明</SOFTWARE_DESCRIPTION_TITLE>
  <NEWER_VERSION_INSTALLED_TEXT>已安裝較新版本或相同版本的應用程式。</NEWER_VERSION_INSTALLED_TEXT>
  <CONTINUE_FINAL_TEXT>按一下「繼續」按鈕以選取「其他軟體」元件，或按一下「完成」以結束安裝程式。</CONTINUE_FINAL_TEXT>
  <CONTINUE_BUTTON>繼續</CONTINUE_BUTTON>
  <ALREADY_INSTALLED_TEXT>已安裝</ALREADY_INSTALLED_TEXT>
  <LBL_ADDITIONAL_SOFTWARE>安裝其他軟體</LBL_ADDITIONAL_SOFTWARE>
  <LBL_LOCALIZED_AND>和</LBL_LOCALIZED_AND>
  <OPTIONAL_DISCOVERY_TITLE>選擇您的裝置</OPTIONAL_DISCOVERY_TITLE>
  <EMPTY_DRIVERCONFIG_PATH>路徑不能空白。</EMPTY_DRIVERCONFIG_PATH>
  <DEPENDENTAPPS_DESCRIPTION>{1} 的完整功能包括下列元件：</DEPENDENTAPPS_DESCRIPTION>
  <NOT_SUPPORTED_TEXT>不支援</NOT_SUPPORTED_TEXT>
  <NOT_SUPPORTED_MESSAGE_TEXT>舊版本的 Windows 不支援掃描驅動程式。</NOT_SUPPORTED_MESSAGE_TEXT>
</STRINGS>
</STRING_TABLE>