<MANUFACTURERS>Lexmark:0</MANUFACTURERS>
<DEFAULT_MANUFACTURER></DEFAULT_MANUFACTURER>
<OEM>Lexmark</OEM>
<PRODUCT_PREFIX>U04</PRODUCT_PREFIX>
<UPD>0</UPD>
<PO_NAME_FROM_DISCOVERY>1</PO_NAME_FROM_DISCOVERY>
<WEBDRIVERVER>1.2.2.0</WEBDRIVERVER>
<MONO_DEFAULT>HBP</MONO_DEFAULT>
<COLOR_DEFAULT>HBP</COLOR_DEFAULT>
<NO_COMM_DEFAULT>HBP</NO_COMM_DEFAULT>
<INFOCENTER_LINK>https://infoserve.lexmark.com</INFOCENTER_LINK>
<PRODUCT_REGISTRATION_LINK>https://www.lexmark.com/en_us/support/printer-registration.html</PRODUCT_REGISTRATION_LINK>
<MODEL_DEFAULT_OVERRIDE></MODEL_DEFAULT_OVERRIDE>
<PRODUCT_NAME>Lexmark Printer Software G4 v1.4</PRODUCT_NAME>
<REGISTRATION_LINK>http://md.lexmark.com/?func=newreg</REGISTRATION_LINK>
<SHOW_REGISTRATION>0</SHOW_REGISTRATION>
<USB_SUPPORTED>1</USB_SUPPORTED>
<WIN8_DRVTYPES>HBP</WIN8_DRVTYPES>
<WINXP_DRVTYPES>HBP</WINXP_DRVTYPES>
<DEFAULT_PRINTER_NAME>Printer Software G4</DEFAULT_PRINTER_NAME>
<WIN8_MONO_DEFAULT>HBP</WIN8_MONO_DEFAULT>
<WIN8_COLOR_DEFAULT>HBP</WIN8_COLOR_DEFAULT>
<WIN8_NO_COMM_DEFAULT>HBP</WIN8_NO_COMM_DEFAULT>
<HIDE_START>FALSE</HIDE_START>
<HIDE_EULA>FALSE</HIDE_EULA>
<HIDE_SECURITY>FALSE</HIDE_SECURITY>
<MODEL_NAME>Lexmark:Lexmark Printer Software G4</MODEL_NAME>
<MODEL_NAME>Lexmark:Lexmark MS330 Series</MODEL_NAME>
<MODEL_NAME>Lexmark:Lexmark MS430 Series</MODEL_NAME>
<MODEL_NAME>Lexmark:Lexmark MX330 Series</MODEL_NAME>
<MODEL_NAME>Lexmark:Lexmark MX430 Series</MODEL_NAME>
<MODEL_NAME>Lexmark:Lexmark B3300 Series</MODEL_NAME>
<MODEL_NAME>Lexmark:Lexmark B3400 Series</MODEL_NAME>
<MODEL_NAME>Lexmark:Lexmark MB3400 Series</MODEL_NAME>
<MODEL_NAME>Lexmark:Lexmark M1300 Series</MODEL_NAME>
<MODEL_NAME>Lexmark:Lexmark XM1300 Series</MODEL_NAME>
<MODEL_NAME>Lexmark:Lexmark B2200 Series</MODEL_NAME>
<MODEL_NAME>Lexmark:Lexmark MB2200 Series</MODEL_NAME>
<MODEL_NAME>Lexmark:Lexmark CS330 Series</MODEL_NAME>
<MODEL_NAME>Lexmark:Lexmark C3200 Series</MODEL_NAME>
<MODEL_NAME>Lexmark:Lexmark CX330 Series</MODEL_NAME>
<MODEL_NAME>Lexmark:Lexmark MC3200 Series</MODEL_NAME>
<MODEL_NAME>Lexmark:Lexmark C3300 Series</MODEL_NAME>
<MODEL_NAME>Lexmark:Lexmark MC3300 Series</MODEL_NAME>
<MODEL_NAME_FAX>Lexmark:Lexmark Universal Fax</MODEL_NAME_FAX>
<MODEL_NAME_FAX>Lexmark:</MODEL_NAME_FAX>
<MODEL_NAME_FAX>Lexmark:</MODEL_NAME_FAX>
<MODEL_NAME_FAX>Lexmark:</MODEL_NAME_FAX>
<MODEL_NAME_FAX>Lexmark:</MODEL_NAME_FAX>
<MODEL_NAME_FAX>Lexmark:</MODEL_NAME_FAX>
<MODEL_NAME_FAX>Lexmark:</MODEL_NAME_FAX>
<MODEL_NAME_FAX>Lexmark:</MODEL_NAME_FAX>
<MODEL_NAME_FAX>Lexmark:</MODEL_NAME_FAX>
<MODEL_NAME_FAX>Lexmark:</MODEL_NAME_FAX>
<MODEL_NAME_FAX>Lexmark:</MODEL_NAME_FAX>
<MODEL_NAME_FAX>Lexmark:</MODEL_NAME_FAX>
<MODEL_NAME_FAX>Lexmark:</MODEL_NAME_FAX>
<MODEL_NAME_FAX>Lexmark:</MODEL_NAME_FAX>
<MODEL_NAME_FAX>Lexmark:</MODEL_NAME_FAX>
<MODEL_NAME_FAX>Lexmark:</MODEL_NAME_FAX>
<MODEL_NAME_FAX>Lexmark:</MODEL_NAME_FAX>
<MODEL_NAME_FAX>Lexmark:</MODEL_NAME_FAX>
<MODEL_PRODUCT_CODE>Lexmark Printer Software G4:</MODEL_PRODUCT_CODE>
<MODEL_PRODUCT_CODE>Lexmark MS330 Series:Lexmark MS331dn</MODEL_PRODUCT_CODE>
<MODEL_PRODUCT_CODE>Lexmark MS430 Series:Lexmark MS431dn|Lexmark MS431dw</MODEL_PRODUCT_CODE>
<MODEL_PRODUCT_CODE>Lexmark MX330 Series:Lexmark MX331adne</MODEL_PRODUCT_CODE>
<MODEL_PRODUCT_CODE>Lexmark MX430 Series:Lexmark MX431adne|Lexmark MX431adwe</MODEL_PRODUCT_CODE>
<MODEL_PRODUCT_CODE>Lexmark B3300 Series:Lexmark B3340dw</MODEL_PRODUCT_CODE>
<MODEL_PRODUCT_CODE>Lexmark B3400 Series:Lexmark B3442dw</MODEL_PRODUCT_CODE>
<MODEL_PRODUCT_CODE>Lexmark MB3400 Series:Lexmark MB3442dwe</MODEL_PRODUCT_CODE>
<MODEL_PRODUCT_CODE>Lexmark M1300 Series:Lexmark M1342</MODEL_PRODUCT_CODE>
<MODEL_PRODUCT_CODE>Lexmark XM1300 Series:Lexmark XM1342</MODEL_PRODUCT_CODE>
<MODEL_PRODUCT_CODE>Lexmark B2200 Series:Lexmark B2236dw</MODEL_PRODUCT_CODE>
<MODEL_PRODUCT_CODE>Lexmark MB2200 Series:Lexmark MB2236adw|Lexmark MB2236adwe</MODEL_PRODUCT_CODE>
<MODEL_PRODUCT_CODE>Lexmark CS330 Series:Lexmark CS331dw</MODEL_PRODUCT_CODE>
<MODEL_PRODUCT_CODE>Lexmark C3200 Series:Lexmark C3224dw</MODEL_PRODUCT_CODE>
<MODEL_PRODUCT_CODE>Lexmark CX330 Series:Lexmark CX331adwe</MODEL_PRODUCT_CODE>
<MODEL_PRODUCT_CODE>Lexmark MC3200 Series:Lexmark MC3224dwe|Lexmark MC3224adwe</MODEL_PRODUCT_CODE>
<MODEL_PRODUCT_CODE>Lexmark C3300 Series:Lexmark C3326dw</MODEL_PRODUCT_CODE>
<MODEL_PRODUCT_CODE>Lexmark MC3300 Series:Lexmark MC3326adwe</MODEL_PRODUCT_CODE>
