<HIDE_EULA>True</HIDE_EULA>
<HIDE_DISCOVERY>False</HIDE_DISCOVERY>
<SILENT_INSTALL>True</SILENT_INSTALL>
<DEVICE><OEM>Lexmark</OEM><OEM_NAME>Lexmark</OEM_NAME><DRIVER_ID>HBP</DRIVER_ID><PRINTER_NAME>StudentLexmarkPrinter</PRINTER_NAME><DRIVER_PRODUCT_NAME></DRIVER_PRODUCT_NAME><DEVICE_SHARED>False</DEVICE_SHARED><DEVICE_SHARE_NAME></DEVICE_SHARE_NAME><DEVICE_SHARE_LOCATION></DEVICE_SHARE_LOCATION><DEVICE_SHARE_COMMENTS></DEVICE_SHARE_COMMENTS><DRIVERCONFIG_PATH></DRIVERCONFIG_PATH><CONFIG_EXE_PATH>DriverConfig.msi</CONFIG_EXE_PATH><WILLOW_DESC></WILLOW_DESC><SET_DEFAULT>true</SET_DEFAULT><PORT_TYPE></PORT_TYPE><PORT_NAME></PORT_NAME></DEVICE>
